"","SampleId","Purity","Ploidy","Num.Variants","Median.Coverage","Callrate","Accuracy.Somatic","Accuracy.Germline","Algorithm","Sample"
"13","TCGA-09-2045-01",0.89,2.027517146594,525,106,0.177142857142857,1,0.720430107526882,"SGZ","OV"
"14","TCGA-09-2049-01",0.87,3.26819508143351,333,119,0.27027027027027,0.944444444444444,0.877777777777778,"SGZ","OV"
"15","TCGA-09-2050-01",0.93,1.75303684271155,249,144,0.257028112449799,0.890625,0.921875,"SGZ","OV"
"16","TCGA-09-2051-01",0.63,3.54511166447542,425,121,0.541176470588235,0.860869565217391,0.821739130434783,"SGZ","OV"
"17","TCGA-09-2053-01",0.66,1.68830473865202,274,92,0.317518248175182,0.931034482758621,0.885057471264368,"SGZ","OV"
"18","TCGA-09-2055-01",0.81,1.92918853031484,358,94,0.430167597765363,0.96551724137931,0.855172413793103,"SGZ","OV"
"19","TCGA-09-2056-01",0.86,1.74544664143072,418,96,0.385167464114833,0.987261146496815,0.853503184713376,"SGZ","OV"
"20","TCGA-10-0934-01",0.86,2.02187628123285,348,77,0.181034482758621,1,0.46031746031746,"SGZ","OV"
"21","TCGA-13-0751-01",0.91,2.80752832415024,328,91,0.161585365853659,0.962264150943396,0.849056603773585,"SGZ","OV"
"23","TCGA-13-0757-01",0.71,3.89963203727523,362,76,0.306629834254144,0.864864864864865,0.864864864864865,"SGZ","OV"
"32","TCGA-13-1500-01",0.74,1.87273698394391,347,153,0.651296829971182,0.964601769911504,0.902654867256637,"SGZ","OV"
"34","TCGA-13-2060-01",0.58,3.30366611411943,399,101,0.573934837092732,0.947598253275109,0.943231441048035,"SGZ","OV"
"44","TCGA-23-2072-01",0.78,2.70138366154766,452,73,0.300884955752212,0.970588235294118,0.838235294117647,"SGZ","OV"
"45","TCGA-23-2077-01",0.56,2.83384617721324,406,99,0.458128078817734,0.908602150537634,0.919354838709677,"SGZ","OV"
"46","TCGA-23-2078-01",0.67,3.00418568995954,463,97,0.354211663066955,0.932926829268293,0.810975609756098,"SGZ","OV"
"47","TCGA-23-2079-01",0.75,2.46614721084547,305,72,0.40327868852459,0.951219512195122,0.934959349593496,"SGZ","OV"
"48","TCGA-23-2081-01",0.8,1.83142524583486,270,45,0.225925925925926,0.721311475409836,0.983606557377049,"SGZ","OV"
"49","TCGA-23-2084-01",0.75,2.77407302663873,543,68,0.441988950276243,0.891666666666667,0.854166666666667,"SGZ","OV"
"51","TCGA-24-1927-01",0.73,1.907472145364,385,102,0.597402597402597,0.943478260869565,0.865217391304348,"SGZ","OV"
"52","TCGA-24-2019-01",0.72,3.00775194516034,295,52,0.386440677966102,0.780701754385965,0.956140350877193,"SGZ","OV"
"53","TCGA-24-2024-01",0.85,1.75852361148133,493,57,0.217038539553753,0.757009345794392,0.91588785046729,"SGZ","OV"
"54","TCGA-24-2030-01",0.79,2.91943066194816,331,48,0.277945619335347,0.804347826086957,0.91304347826087,"SGZ","OV"
"55","TCGA-24-2033-01",0.77,3.22311962862186,350,97.5,0.385714285714286,0.947761194029851,0.880597014925373,"SGZ","OV"
"56","TCGA-24-2035-01",0.61,1.94526161878793,306,49,0.235294117647059,0.777777777777778,0.944444444444444,"SGZ","OV"
"57","TCGA-24-2036-01",0.9,1.91636799945411,236,71,0.139830508474576,1,0.787878787878788,"SGZ","OV"
"58","TCGA-24-2038-01",0.91,2.20274077900559,243,90,0.111111111111111,1,0.37037037037037,"SGZ","OV"
"59","TCGA-24-2254-01",0.78,1.74921891951197,327,63,0.418960244648318,0.839416058394161,0.89051094890511,"SGZ","OV"
"60","TCGA-24-2260-01",0.78,3.17605682967589,236,82,0.427966101694915,0.841584158415842,0.95049504950495,"SGZ","OV"
"61","TCGA-24-2261-01",0.68,2.84969896631562,255,94,0.537254901960784,0.948905109489051,0.875912408759124,"SGZ","OV"
"62","TCGA-24-2262-01",0.75,1.98017231599568,338,110.5,0.538461538461538,0.932203389830508,0.898305084745763,"SGZ","OV"
"63","TCGA-24-2267-01",0.56,2.93194745580578,411,94,0.610705596107056,0.892430278884462,0.944223107569721,"SGZ","OV"
"64","TCGA-24-2271-01",0.68,1.86553222817314,905,99,0.372375690607735,0.991097922848665,0.869436201780415,"SGZ","OV"
"65","TCGA-24-2280-01",0.53,3.53590901006107,502,128,0.549800796812749,0.893772893772894,0.897435897435897,"SGZ","OV"
"66","TCGA-24-2281-01",0.5,3.62762901280855,312,94.5,0.532051282051282,0.963855421686747,0.86144578313253,"SGZ","OV"
"67","TCGA-24-2288-01",0.61,3.02042039790774,456,126.5,0.554824561403509,0.865612648221344,0.924901185770751,"SGZ","OV"
"68","TCGA-24-2289-01",0.59,2.50925131006267,408,115,0.632352941176471,0.829457364341085,0.965116279069767,"SGZ","OV"
"69","TCGA-24-2290-01",0.75,3.61889487790325,261,102,0.333333333333333,0.941860465116279,0.86046511627907,"SGZ","OV"
"70","TCGA-24-2293-01",0.55,2.5740738257325,314,110,0.464968152866242,0.965753424657534,0.787671232876712,"SGZ","OV"
"71","TCGA-24-2295-01",0.95,4.53383927836143,328,103.5,0.192073170731707,0.984126984126984,0.825396825396825,"SGZ","OV"
"72","TCGA-24-2298-01",0.72,2.58661622905576,376,128.5,0.515957446808511,0.850515463917526,0.793814432989691,"SGZ","OV"
"73","TCGA-25-1319-01",0.86,3.42428241976555,326,56,0.162576687116564,0.981132075471698,0.509433962264151,"SGZ","OV"
"74","TCGA-25-2042-01",0.51,2.8569556459839,343,98,0.463556851311953,0.974842767295597,0.886792452830189,"SGZ","OV"
"75","TCGA-25-2391-01",0.85,1.81781852779725,262,107.5,0.389312977099237,0.892156862745098,0.92156862745098,"SGZ","OV"
"76","TCGA-25-2392-01",0.64,4.64358039663623,364,112.5,0.513736263736264,0.882352941176471,0.898395721925134,"SGZ","OV"
"77","TCGA-25-2393-01",0.81,2.97899901363068,315,156,0.368253968253968,0.982300884955752,0.805309734513274,"SGZ","OV"
"84","TCGA-25-2399-01",0.76,1.90771351056389,268,97.5,0.492537313432836,0.984375,0.8984375,"SGZ","OV"
"85","TCGA-25-2400-01",0.72,4.05279519472174,248,118.5,0.362903225806452,0.933333333333333,0.9,"SGZ","OV"
"86","TCGA-25-2401-01",0.59,1.92308483265253,310,94.5,0.619354838709677,0.979166666666667,0.973958333333333,"SGZ","OV"
"87","TCGA-25-2404-01",0.59,3.07020480945672,292,99.5,0.537671232876712,0.961783439490446,0.949044585987261,"SGZ","OV"
"88","TCGA-25-2408-01",0.78,1.99496256166525,240,95,0.4125,0.98989898989899,0.848484848484849,"SGZ","OV"
"89","TCGA-25-2409-01",0.7,3.81376811972018,227,109,0.374449339207048,1,0.847058823529412,"SGZ","OV"
"90","TCGA-29-2427-01",0.71,1.80465586496932,276,89,0.568840579710145,0.987179487179487,0.916666666666667,"SGZ","OV"
"91","TCGA-30-1853-01",0.92,2.52491197773732,248,109,0.205645161290323,0.823529411764706,0.705882352941177,"SGZ","OV"
"92","TCGA-30-1862-01",0.68,2.46686418213225,400,99,0.7525,0.963455149501661,0.724252491694352,"SGZ","OV"
"93","TCGA-30-1891-01",0.72,1.83326742954018,432,85,0.636574074074074,0.963636363636364,0.930909090909091,"SGZ","OV"
"94","TCGA-31-1950-01",0.34,3.00481077381942,424,112.5,0.707547169811321,0.99,0.953333333333333,"SGZ","OV"
"95","TCGA-31-1953-01",0.58,3.64587574533231,805,108,0.518012422360248,0.988009592326139,0.877697841726619,"SGZ","OV"
"96","TCGA-31-1959-01",0.4,3.18657948063945,406,96.5,0.748768472906404,0.963815789473684,0.914473684210526,"SGZ","OV"
"97","TCGA-57-1992-01",0.67,3.23849326612524,392,131,0.451530612244898,0.88135593220339,0.830508474576271,"SGZ","OV"
"98","TCGA-57-1993-01",0.71,4.27540644650021,443,109,0.392776523702032,0.942528735632184,0.816091954022989,"SGZ","OV"
"99","TCGA-57-1994-01",0.6,3.49715188341775,321,64,0.383177570093458,0.942148760330578,0.834710743801653,"SGZ","OV"
"103","TCGA-59-2350-01",0.83,1.68266777184634,252,97.5,0.404761904761905,0.99009900990099,0.871287128712871,"SGZ","OV"
"104","TCGA-59-2351-01",0.51,2.97710470877177,375,108,0.693333333333333,0.942307692307692,0.957692307692308,"SGZ","OV"
"105","TCGA-59-2352-01",0.64,3.5663347216553,513,113,0.471734892787524,0.942148760330578,0.900826446280992,"SGZ","OV"
"106","TCGA-59-2354-01",0.64,1.84750360913619,321,113,0.735202492211838,0.98728813559322,0.957627118644068,"SGZ","OV"
"107","TCGA-59-2355-01",0.73,1.88436453479082,258,92,0.348837209302326,0.977777777777778,0.877777777777778,"SGZ","OV"
"108","TCGA-59-2363-01",0.9,1.69254125754375,593,118,0.340640809443508,0.96039603960396,0.816831683168317,"SGZ","OV"
"109","TCGA-61-1728-01",0.39,3.21255967028143,426,103,0.60093896713615,0.96484375,0.82421875,"SGZ","OV"
"110","TCGA-61-1736-01",0.78,1.79576427416746,277,79,0.288808664259928,0.9,0.85,"SGZ","OV"
"111","TCGA-61-1995-01",0.8,1.64283880954785,254,56.5,0.216535433070866,0.727272727272727,0.945454545454545,"SGZ","OV"
"112","TCGA-61-1998-01",0.39,2.73732702418243,502,69,0.569721115537849,0.912587412587413,0.881118881118881,"SGZ","OV"
"113","TCGA-61-2000-01",0.6,3.03289762080493,291,87,0.347079037800687,0.98019801980198,0.742574257425743,"SGZ","OV"
"114","TCGA-61-2002-01",0.66,1.88884137533482,299,67,0.528428093645485,0.974683544303797,0.924050632911392,"SGZ","OV"
"115","TCGA-61-2003-01",0.44,3.58720224923061,349,89,0.538681948424069,0.940860215053763,0.817204301075269,"SGZ","OV"
"116","TCGA-61-2008-01",0.69,3.08377094981141,461,75,0.37527114967462,0.959537572254335,0.838150289017341,"SGZ","OV"
"117","TCGA-61-2009-01",0.52,3.38908567240979,264,62.5,0.465909090909091,0.829268292682927,0.894308943089431,"SGZ","OV"
"118","TCGA-61-2012-01",0.61,2.84958308551437,496,80,0.542338709677419,0.884758364312268,0.888475836431227,"SGZ","OV"
"119","TCGA-61-2016-01",0.82,1.70675922113004,215,90,0.423255813953488,0.978021978021978,0.868131868131868,"SGZ","OV"
"120","TCGA-61-2018-01",0.6,1.86193485830172,362,83,0.337016574585635,0.909836065573771,0.885245901639344,"SGZ","OV"
"121","TCGA-61-2087-01",0.9,1.85059321900055,282,68.5,0.25531914893617,0.873239436619718,0.845070422535211,"SGZ","OV"
"122","TCGA-61-2088-01",0.87,3.29072995129647,203,107,0.221674876847291,1,0.511111111111111,"SGZ","OV"
"123","TCGA-61-2092-01",0.26,2.05386894281481,272,86,0.654411764705882,0.887640449438202,0.97752808988764,"SGZ","OV"
"124","TCGA-61-2094-01",0.37,3.48355490013217,313,86,0.674121405750799,0.981042654028436,0.957345971563981,"SGZ","OV"
"125","TCGA-61-2096-01",0.87,1.81679216527818,340,107,0.35,0.840336134453782,0.80672268907563,"SGZ","OV"
"126","TCGA-61-2097-01",0.56,3.26259625277538,330,93.5,0.606060606060606,0.945,0.86,"SGZ","OV"
"127","TCGA-61-2101-01",0.79,3.1246632155013,279,96,0.351254480286738,0.938775510204082,0.795918367346939,"SGZ","OV"
"128","TCGA-61-2102-01",0.85,2.65596334604237,247,78,0.214574898785425,0.867924528301887,0.811320754716981,"SGZ","OV"
"129","TCGA-61-2104-01",0.73,2.95047151272159,403,99,0.419354838709677,0.987878787878788,0.854545454545454,"SGZ","OV"
"130","TCGA-61-2109-01",0.87,1.89921296264259,258,107,0.306201550387597,0.974683544303797,0.848101265822785,"SGZ","OV"
"131","TCGA-61-2110-01",0.53,2.58002981129694,259,82,0.413127413127413,0.94392523364486,0.794392523364486,"SGZ","OV"
"133","TCGA-61-2113-01",0.48,2.42861767848277,412,98,0.536407766990291,0.891402714932127,0.868778280542986,"SGZ","OV"
"134","TCGA-61-1734-01",0.67,3.78763715359228,157,36,0.343949044585987,0.685185185185185,0.981481481481482,"SGZ","OV"
"135","TCGA-13-0924-01",0.59,1.77188742309121,585,75,0.598290598290598,0.997142857142857,0.957142857142857,"SGZ","OV"
"136","TCGA-29-1768-01",0.52,1.86101596845519,402,44,0.477611940298507,0.984375,0.927083333333333,"SGZ","OV"
"137","TCGA-24-1463-01",0.83,1.70692620676487,500,92,0.404,0.965346534653465,0.920792079207921,"SGZ","OV"
"138","TCGA-13-1507-01",0.67,2.84943108967211,516,89,0.459302325581395,0.924050632911392,0.953586497890295,"SGZ","OV"
"139","TCGA-23-1114-01",0.57,4.54180785029062,697,83,0.473457675753228,0.93030303030303,0.909090909090909,"SGZ","OV"
"140","TCGA-13-1506-01",0.89,3.22360638243408,548,97.5,0.125912408759124,0.971014492753623,0.710144927536232,"SGZ","OV"
"142","TCGA-10-0935-01",0.92,3.16382020737997,355,84,0.140845070422535,0.9,0.66,"SGZ","OV"
"143","TCGA-20-1683-01",0.85,2.93255627980133,552,86,0.297101449275362,0.878048780487805,0.841463414634146,"SGZ","OV"
"144","TCGA-24-0980-01",0.74,1.93302045264695,458,80,0.539301310043668,0.979757085020243,0.927125506072874,"SGZ","OV"
"146","TCGA-29-1705-01",0.73,1.8585979124171,457,47,0.433260393873085,0.924242424242424,0.909090909090909,"SGZ","OV"
"147","TCGA-61-1741-01",0.76,3.50663406784841,469,95,0.311300639658849,0.958904109589041,0.821917808219178,"SGZ","OV"
"149","TCGA-24-1435-01",0.67,3.8134732726867,607,82,0.457990115321252,0.949640287769784,0.910071942446043,"SGZ","OV"
"150","TCGA-13-0890-01",0.55,1.71626717668236,598,68,0.583612040133779,0.974212034383954,0.948424068767908,"SGZ","OV"
"151","TCGA-29-1693-01",0.7,3.5646670468977,526,67,0.35171102661597,0.816216216216216,0.962162162162162,"SGZ","OV"
"152","TCGA-29-1764-01",0.49,3.5163185193891,491,77,0.527494908350306,0.930501930501931,0.938223938223938,"SGZ","OV"
"153","TCGA-61-1895-01",0.63,1.80219745730619,502,71,0.567729083665339,0.957894736842105,0.954385964912281,"SGZ","OV"
"154","TCGA-61-1733-01",0.82,2.66749480391501,463,83,0.315334773218143,0.952054794520548,0.842465753424658,"SGZ","OV"
"155","TCGA-24-1845-01",0.88,3.47461446186778,651,88,0.265745007680492,0.884393063583815,0.838150289017341,"SGZ","OV"
"156","TCGA-24-1428-01",0.78,3.37917196134509,384,108,0.4453125,0.859649122807018,0.871345029239766,"SGZ","OV"
"157","TCGA-24-1413-01",0.84,3.37220565198226,453,86,0.185430463576159,0.94047619047619,0.869047619047619,"SGZ","OV"
"158","TCGA-29-1770-01",0.64,3.14236137053735,600,63,0.36,0.768518518518518,0.935185185185185,"SGZ","OV"
"159","TCGA-13-0724-01",0.79,2.70137731216183,466,85,0.263948497854077,0.983739837398374,0.878048780487805,"SGZ","OV"
"161","TCGA-24-1850-01",0.71,2.71839805329147,546,57,0.362637362637363,0.848484848484849,0.888888888888889,"SGZ","OV"
"164","TCGA-29-1711-01",0.79,1.95037013140988,882,93,0.501133786848073,0.98868778280543,0.895927601809955,"SGZ","OV"
"165","TCGA-30-1714-01",0.85,3.13773562981522,653,82,0.169984686064319,0.954954954954955,0.801801801801802,"SGZ","OV"
"166","TCGA-09-0366-01",0.71,2.9943964462318,523,84,0.378585086042065,0.94949494949495,0.838383838383838,"SGZ","OV"
"167","TCGA-04-1655-01",0.87,4.4412728408462,482,84,0.286307053941909,0.920289855072464,0.876811594202899,"SGZ","OV"
"169","TCGA-61-1910-01",0.95,2.00980055105015,496,75,0.0826612903225806,0.902439024390244,0.707317073170732,"SGZ","OV"
"170","TCGA-13-0723-01",0.68,3.17912267624551,475,91,0.513684210526316,0.950819672131147,0.909836065573771,"SGZ","OV"
"173","TCGA-09-1674-01",0.85,3.4280586746245,633,70,0.213270142180095,0.948148148148148,0.888888888888889,"SGZ","OV"
"174","TCGA-29-1763-01",0.69,2.85688459497404,1008,78,0.462301587301587,0.875536480686695,0.785407725321888,"SGZ","OV"
"175","TCGA-29-1778-01",0.61,4.61507370688612,438,83.5,0.392694063926941,0.906976744186046,0.918604651162791,"SGZ","OV"
"176","TCGA-24-0966-01",0.89,1.94297110220963,704,69.5,0.188920454545455,0.93984962406015,0.721804511278195,"SGZ","OV"
"177","TCGA-29-1769-01",0.62,4.49091559568505,462,77.5,0.324675324675325,0.906666666666667,0.86,"SGZ","OV"
"179","TCGA-61-1907-01",0.72,3.28662183970726,588,90,0.416666666666667,0.946938775510204,0.93469387755102,"SGZ","OV"
"181","TCGA-29-1703-01",0.91,2.79488218806546,848,96.5,0.133254716981132,0.973451327433628,0.628318584070796,"SGZ","OV"
"182","TCGA-29-1690-01",0.45,3.16120983948951,529,60,0.478260869565217,0.960474308300395,0.8300395256917,"SGZ","OV"
"183","TCGA-30-1856-01",0.44,2.86352257665885,644,73,0.669254658385093,0.983758700696056,0.879350348027842,"SGZ","OV"
"184","TCGA-24-1563-01",0.72,2.01658291101889,790,83.5,0.436708860759494,0.959420289855072,0.852173913043478,"SGZ","OV"
"185","TCGA-23-1111-01",0.73,4.19614003447634,467,70,0.299785867237687,0.935714285714286,0.878571428571429,"SGZ","OV"
"186","TCGA-13-0910-01",0.73,1.72908757257082,614,70,0.48371335504886,0.986531986531986,0.932659932659933,"SGZ","OV"
"187","TCGA-13-1405-01",0.62,1.66381011603661,490,71,0.557142857142857,0.963369963369963,0.952380952380952,"SGZ","OV"
"188","TCGA-24-1424-01",0.68,4.19524490446502,496,90,0.381048387096774,0.952380952380952,0.899470899470899,"SGZ","OV"
"189","TCGA-61-1900-01",0.88,2.05425949336064,733,78,0.195088676671214,0.972027972027972,0.811188811188811,"SGZ","OV"
"190","TCGA-13-1482-01",0.84,1.91720925447964,466,68,0.298283261802575,0.971223021582734,0.913669064748201,"SGZ","OV"
"191","TCGA-29-1762-01",0.85,1.72865907329152,422,65,0.312796208530806,0.909090909090909,0.909090909090909,"SGZ","OV"
"192","TCGA-29-1697-01",0.91,1.66927085857416,282,83,0.23758865248227,0.776119402985075,0.805970149253731,"SGZ","OV"
"193","TCGA-24-1549-01",0.78,3.63169003485672,390,76,0.187179487179487,0.972602739726027,0.821917808219178,"SGZ","OV"
"194","TCGA-29-1777-01",0.77,1.79205778836109,574,110.5,0.515679442508711,0.902027027027027,0.918918918918919,"SGZ","OV"
"195","TCGA-13-0897-01",0.79,1.99211933441311,526,77,0.41254752851711,0.981566820276498,0.91705069124424,"SGZ","OV"
"196","TCGA-09-1675-01",0.91,1.82243775023156,491,91,0.189409368635438,0.903225806451613,0.924731182795699,"SGZ","OV"
"197","TCGA-20-1685-01",0.69,3.36073575025312,528,67,0.365530303030303,0.958549222797927,0.94300518134715,"SGZ","OV"
"198","TCGA-25-1315-01",0.85,1.90280049143875,445,100,0.28314606741573,0.912698412698413,0.80952380952381,"SGZ","OV"
"199","TCGA-30-1718-01",0.48,3.37595646679502,601,76,0.449251247920133,0.896296296296296,0.933333333333333,"SGZ","OV"
"200","TCGA-29-1695-01",0.6,3.33469108460599,493,73,0.543610547667343,0.958955223880597,0.932835820895522,"SGZ","OV"
"201","TCGA-24-1417-01",0.64,3.12441040916664,505,87,0.512871287128713,0.926640926640927,0.953667953667954,"SGZ","OV"
"202","TCGA-24-1470-01",0.82,1.9284695373332,421,75,0.318289786223278,0.940298507462687,0.880597014925373,"SGZ","OV"
"203","TCGA-20-1687-01",0.76,3.56444126128597,526,65.5,0.268060836501901,0.964539007092199,0.843971631205674,"SGZ","OV"
"204","TCGA-23-1029-01",0.77,1.87627193402524,598,71,0.349498327759197,0.961722488038278,0.889952153110048,"SGZ","OV"
"205","TCGA-61-1722-01",0.55,2.63463263195684,612,83,0.565359477124183,0.921965317919075,0.930635838150289,"SGZ","OV"
"206","TCGA-13-0893-01",0.63,4.37952822875939,405,88,0.409876543209877,0.867469879518072,0.909638554216867,"SGZ","OV"
"207","TCGA-24-1464-01",0.64,3.72133414896128,494,89.5,0.396761133603239,0.948979591836735,0.913265306122449,"SGZ","OV"
"208","TCGA-61-1738-01",0.72,3.66287634071763,877,86,0.217787913340935,0.979057591623037,0.759162303664921,"SGZ","OV"
"209","TCGA-24-1436-01",0.75,2.58217908603823,521,101,0.4510556621881,0.94468085106383,0.893617021276596,"SGZ","OV"
"211","TCGA-61-1914-01",0.51,3.64260389900607,606,78,0.447194719471947,0.918819188191882,0.922509225092251,"SGZ","OV"
"212","TCGA-24-1844-01",0.52,4.1360205667313,690,92.5,0.443478260869565,0.934640522875817,0.928104575163399,"SGZ","OV"
"213","TCGA-24-1103-01",0.92,1.8870584607902,759,84,0.19235836627141,0.945205479452055,0.780821917808219,"SGZ","OV"
"214","TCGA-13-1498-01",0.86,1.9037568287152,729,87,0.293552812071331,0.934579439252336,0.925233644859813,"SGZ","OV"
"216","TCGA-24-1418-01",0.72,2.98797607614753,458,93,0.449781659388646,0.927184466019418,0.907766990291262,"SGZ","OV"
"217","TCGA-61-1727-01",0.54,2.83539014452974,746,85,0.583109919571046,0.905747126436782,0.933333333333333,"SGZ","OV"
"218","TCGA-13-1509-01",0.71,1.74939059981554,669,86,0.600896860986547,0.985074626865672,0.945273631840796,"SGZ","OV"
"219","TCGA-30-1855-01",0.6,2.77084547184267,427,41,0.31615925058548,0.837037037037037,0.918518518518519,"SGZ","OV"
"220","TCGA-29-1785-01",0.85,1.88679520979456,437,67,0.219679633867277,0.958333333333333,0.854166666666667,"SGZ","OV"
"221","TCGA-29-1702-01",0.87,3.47484513161916,390,73.5,0.153846153846154,0.983333333333333,0.816666666666667,"SGZ","OV"
"223","TCGA-04-1542-01",0.87,3.00296457240944,383,87,0.211488250652742,0.925925925925926,0.814814814814815,"SGZ","OV"
"224","TCGA-24-1425-01",0.61,1.80625474616503,546,89,0.384615384615385,0.9,0.90952380952381,"SGZ","OV"
"226","TCGA-20-1684-01",0.91,2.87182693908629,350,109.5,0.188571428571429,0.939393939393939,0.696969696969697,"SGZ","OV"
"227","TCGA-09-1673-01",0.87,4.07974372886669,387,78,0.116279069767442,0.911111111111111,0.755555555555556,"SGZ","OV"
"229","TCGA-61-1899-01",0.67,3.47796391949502,420,100.5,0.345238095238095,0.910344827586207,0.875862068965517,"SGZ","OV"
"230","TCGA-24-1427-01",0.57,3.08417866814628,467,101,0.58458244111349,0.963369963369963,0.908424908424908,"SGZ","OV"
"231","TCGA-13-1497-01",0.79,2.84575901902181,553,93,0.412296564195298,0.885964912280702,0.894736842105263,"SGZ","OV"
"233","TCGA-13-1491-01",0.88,1.64100981308893,637,87,0.36734693877551,0.931623931623932,0.897435897435897,"SGZ","OV"
"234","TCGA-61-1737-01",0.65,1.84647928028725,733,83,0.315143246930423,0.943722943722944,0.835497835497836,"SGZ","OV"
"235","TCGA-25-1323-01",0.47,3.74088128967403,446,74,0.475336322869955,0.844339622641509,0.929245283018868,"SGZ","OV"
"236","TCGA-30-1857-01",0.67,1.90769218914989,518,58,0.5,0.918918918918919,0.957528957528958,"SGZ","OV"
"237","TCGA-25-1316-01",0.87,2.76431803155139,437,75,0.0869565217391304,0.973684210526316,0.421052631578947,"SGZ","OV"
"238","TCGA-29-1696-01",0.9,1.96063924539975,529,84,0.190926275992439,0.940594059405941,0.871287128712871,"SGZ","OV"
"239","TCGA-09-0369-01",0.87,2.5988341134995,599,90,0.257095158597663,0.850649350649351,0.883116883116883,"SGZ","OV"
"241","TCGA-24-1416-01",0.8,3.68761755068432,386,83,0.181347150259067,0.985714285714286,0.871428571428571,"SGZ","OV"
"242","TCGA-24-0982-01",0.71,2.75017628456391,457,105,0.468271334792123,0.91588785046729,0.929906542056075,"SGZ","OV"
"243","TCGA-13-0903-01",0.85,1.86519413659219,689,90,0.451378809869376,0.829581993569132,0.90032154340836,"SGZ","OV"
"244","TCGA-61-1913-01",0.87,1.839514285804,380,86,0.318421052631579,0.975206611570248,0.867768595041322,"SGZ","OV"
"246","TCGA-29-1698-01",0.61,3.34464863207323,893,100,0.44568868980963,0.912060301507538,0.876884422110553,"SGZ","OV"
"247","TCGA-13-1499-01",0.41,2.78272306581923,638,84,0.658307210031348,0.95,0.966666666666667,"SGZ","OV"
"248","TCGA-13-0885-01",0.51,4.21796226500117,764,80.5,0.56151832460733,0.885780885780886,0.941724941724942,"SGZ","OV"
"249","TCGA-23-1809-01",0.77,3.64351673187457,819,77,0.283272283272283,0.978448275862069,0.818965517241379,"SGZ","OV"
"250","TCGA-25-1322-01",0.68,1.89613737933031,408,73,0.490196078431373,0.985,0.89,"SGZ","OV"
"251","TCGA-10-0933-01",0.89,2.59712463582826,445,90,0.244943820224719,0.862385321100917,0.798165137614679,"SGZ","OV"
"252","TCGA-29-1774-01",0.67,4.32778228934592,424,72,0.365566037735849,0.909677419354839,0.883870967741936,"SGZ","OV"
"253","TCGA-24-1847-01",0.46,3.28003252875511,586,72,0.573378839590444,0.931547619047619,0.958333333333333,"SGZ","OV"
"254","TCGA-13-1481-01",0.43,4.30948836166271,860,82,0.581395348837209,0.922,0.958,"SGZ","OV"
"255","TCGA-61-1904-01",0.58,3.91560813275833,727,70,0.492434662998624,0.860335195530726,0.885474860335196,"SGZ","OV"
"256","TCGA-29-1701-01",0.55,3.47275383667712,568,76,0.5,0.940140845070423,0.940140845070423,"SGZ","OV"
"257","TCGA-13-1483-01",0.67,1.95266031125047,533,76,0.465290806754221,0.967741935483871,0.959677419354839,"SGZ","OV"
"258","TCGA-13-1488-01",0.6,2.90002094810877,722,82,0.354570637119114,0.92578125,0.96875,"SGZ","OV"
"259","TCGA-24-1843-01",0.72,2.81498255206727,452,81,0.365044247787611,0.939393939393939,0.915151515151515,"SGZ","OV"
"260","TCGA-10-0930-01",0.65,3.43547250480775,645,75,0.437209302325581,0.936170212765957,0.932624113475177,"SGZ","OV"
"261","TCGA-24-1469-01",0.42,3.05576607718695,709,118,0.492242595204513,0.839541547277937,0.965616045845272,"SGZ","OV"
"262","TCGA-29-1707-01",0.77,3.74295855214306,403,74,0.267990074441687,0.935185185185185,0.851851851851852,"SGZ","OV"
"263","TCGA-09-0365-01",0.92,4.33190940634879,354,98.5,0.11864406779661,0.952380952380952,0.857142857142857,"SGZ","OV"
"264","TCGA-29-1781-01",0.67,1.74705893429478,496,44,0.328629032258065,0.889570552147239,0.96319018404908,"SGZ","OV"
"265","TCGA-13-0912-01",0.92,1.89555755778429,545,88,0.157798165137615,0.953488372093023,0.895348837209302,"SGZ","OV"
"266","TCGA-61-1730-01",0.8,3.56717307241464,518,69,0.318532818532819,0.896969696969697,0.921212121212121,"SGZ","OV"
"267","TCGA-61-1906-01",0.73,3.16780473878255,624,75,0.333333333333333,0.903846153846154,0.865384615384615,"SGZ","OV"
"268","TCGA-57-1586-01",0.76,2.58045909596072,401,52,0.301745635910224,0.991735537190083,0.71900826446281,"SGZ","OV"
"269","TCGA-29-1766-01",0.44,4.12929444536987,502,58,0.533864541832669,0.828358208955224,0.955223880597015,"SGZ","OV"
"270","TCGA-29-1699-01",0.6,5.49851805716572,552,105.5,0.420289855072464,0.931034482758621,0.887931034482759,"SGZ","OV"
"271","TCGA-61-1740-01",0.61,3.6327904388242,815,113,0.607361963190184,0.834343434343434,0.95959595959596,"SGZ","OV"
"273","TCGA-20-1686-01",0.7,3.30364045597932,497,75,0.305835010060362,0.907894736842105,0.881578947368421,"SGZ","OV"
"276","TCGA-61-1901-01",0.74,1.8459784971674,419,75,0.501193317422434,0.980952380952381,0.871428571428571,"SGZ","OV"
"277","TCGA-61-1725-01",0.78,1.92511262647955,525,49,0.287619047619048,0.801324503311258,0.920529801324503,"SGZ","OV"
"279","TCGA-24-1842-01",0.66,3.52586889519941,440,79.5,0.397727272727273,0.937142857142857,0.925714285714286,"SGZ","OV"
"280","TCGA-61-1911-01",0.67,2.25151673858969,611,58,0.468085106382979,0.937062937062937,0.940559440559441,"SGZ","OV"
"281","TCGA-29-1783-01",0.58,3.2220699674773,448,50,0.348214285714286,0.891025641025641,0.878205128205128,"SGZ","OV"
"282","TCGA-13-0726-01",0.66,1.98139215110932,748,94,0.574866310160428,0.916279069767442,0.883720930232558,"SGZ","OV"
"284","TCGA-29-1775-01",0.81,3.3314781098805,507,69,0.254437869822485,0.86046511627907,0.813953488372093,"SGZ","OV"
"285","TCGA-09-1672-01",0.65,3.24003247501157,482,77.5,0.454356846473029,0.990867579908676,0.931506849315068,"SGZ","OV"
"287","TCGA-29-1694-01",0.74,1.75646446435915,375,31,0.186666666666667,0.971428571428571,0.885714285714286,"SGZ","OV"
"289","TCGA-24-1616-01",0.82,3.42214992925143,421,82,0.218527315914489,1,0.891304347826087,"SGZ","OV"
"292","TCGA-24-1846-01",0.89,1.74189700917127,413,80,0.256658595641647,0.792452830188679,0.877358490566038,"SGZ","OV"
"294","TCGA-61-1903-01",0.86,1.90053331437266,459,77,0.298474945533769,0.934306569343066,0.89051094890511,"SGZ","OV"
"295","TCGA-24-1562-01",0.79,1.77471969799475,418,74.5,0.394736842105263,0.993939393939394,0.896969696969697,"SGZ","OV"
"297","TCGA-29-1776-01",0.88,1.9043316065841,748,77,0.245989304812834,0.96195652173913,0.809782608695652,"SGZ","OV"
"298","TCGA-20-1682-01",0.76,1.82858647147607,500,77.5,0.548,0.952554744525547,0.916058394160584,"SGZ","OV"
"299","TCGA-29-1761-01",0.6,3.14805305747809,662,92.5,0.463746223564955,0.853420195439739,0.928338762214984,"SGZ","OV"
"300","TCGA-24-1104-01",0.64,1.96371385690804,520,95.5,0.528846153846154,0.927272727272727,0.92,"SGZ","OV"
"301","TCGA-13-0887-01",0.65,3.58429467867576,670,81.5,0.429850746268657,0.892361111111111,0.868055555555556,"SGZ","OV"
"302","TCGA-29-1784-01",0.55,3.50156985746041,723,57,0.410788381742739,0.878787878787879,0.929292929292929,"SGZ","OV"
"303","TCGA-13-0807-01",0.71,3.02929399704204,860,95,0.540697674418605,0.858064516129032,0.929032258064516,"SGZ","OV"
"1","TCGA-05-4244-01",0.39,4.14183803018476,786,90,0.666666666666667,0.980916030534351,0.973282442748092,"SGZ","LUAD"
"2","TCGA-05-4249-01",0.41,3.77093827397625,616,84,0.62987012987013,0.989389920424403,0.973474801061008,"SGZ","LUAD"
"3","TCGA-05-4250-01",0.49,3.12053430133395,680,98.5,0.641176470588235,0.928899082568807,0.986238532110092,"SGZ","LUAD"
"4","TCGA-05-4382-01",0.28,2.46704857839478,2653,124,0.781002638522427,0.993243243243243,0.991795366795367,"SGZ","LUAD"
"5","TCGA-05-4389-01",0.47,1.66552050727319,560,74,0.482142857142857,0.988888888888889,0.974074074074074,"SGZ","LUAD"
"6","TCGA-05-4395-01",0.56,3.21763557790635,616,69.5,0.491883116883117,0.945017182130584,0.965635738831615,"SGZ","LUAD"
"7","TCGA-05-4397-01",0.8,1.98880843098042,1249,83,0.290632506004804,0.955555555555556,0.983333333333333,"SGZ","LUAD"
"8","TCGA-05-4398-01",0.42,3.83322597470989,1288,76,0.697204968944099,0.837416481069042,0.986636971046771,"SGZ","LUAD"
"9","TCGA-05-4402-01",0.33,3.19741163035823,432,85,0.662037037037037,0.993006993006993,0.961538461538462,"SGZ","LUAD"
"10","TCGA-05-4403-01",0.43,2.05595449781938,482,82,0.858921161825726,0.990291262135922,0.978155339805825,"SGZ","LUAD"
"11","TCGA-05-4418-01",0.43,1.97638589875931,616,70,0.621753246753247,0.973890339425587,0.968668407310705,"SGZ","LUAD"
"12","TCGA-05-4420-01",0.56,3.51165733944922,606,75.5,0.511551155115512,0.943521594684385,0.963455149501661,"SGZ","LUAD"
"1310","TCGA-05-4422-01",0.58,2.08921562573048,330,71,0.7,0.977678571428571,0.950892857142857,"SGZ","LUAD"
"1410","TCGA-05-4425-01",0.58,1.91420625628447,288,56.5,0.559027777777778,0.993670886075949,0.955696202531646,"SGZ","LUAD"
"1510","TCGA-05-4426-01",0.63,1.99961295859622,546,70,0.595238095238095,0.993846153846154,0.92,"SGZ","LUAD"
"1610","TCGA-05-4430-01",0.19,2.54411066804412,571,78,0.66199649737303,0.989417989417989,0.978835978835979,"SGZ","LUAD"
"1710","TCGA-05-4432-01",0.37,3.35182872819733,1056,81.5,0.667613636363636,0.977304964539007,0.984397163120567,"SGZ","LUAD"
"1810","TCGA-05-4434-01",0.31,1.97089365400109,325,84,0.883076923076923,0.986062717770035,0.968641114982578,"SGZ","LUAD"
"1910","TCGA-35-4122-01",0.28,2.4257006059997,700,90,0.685714285714286,0.99375,0.979166666666667,"SGZ","LUAD"
"2010","TCGA-35-4123-01",0.32,2.05492502647153,706,95,0.822946175637394,0.98961937716263,0.974048442906574,"SGZ","LUAD"
"2110","TCGA-38-4628-01",0.46,4.9731695909433,374,81,0.596256684491979,0.896860986547085,0.973094170403587,"SGZ","LUAD"
"22","TCGA-38-4629-01",0.35,2.54583030800806,639,87,0.582159624413146,0.972602739726027,0.978082191780822,"SGZ","LUAD"
"2310","TCGA-38-4630-01",0.71,1.94358262041215,421,86,0.555819477434679,0.978260869565217,0.917391304347826,"SGZ","LUAD"
"24","TCGA-49-4486-01",0.7,2.08496872380625,452,82,0.592920353982301,0.988636363636364,0.931818181818182,"SGZ","LUAD"
"25","TCGA-49-4494-01",0.34,2.19622181310428,528,79,0.734848484848485,0.992268041237113,0.956185567010309,"SGZ","LUAD"
"26","TCGA-49-4501-01",0.29,3.02808308973332,298,78,0.687919463087248,1,0.963541666666667,"SGZ","LUAD"
"27","TCGA-49-4505-01",0.37,3.0282670709343,512,113.5,0.69921875,0.983240223463687,0.96927374301676,"SGZ","LUAD"
"28","TCGA-49-4506-01",0.23,1.66772016834114,397,56,0.28463476070529,0.973451327433628,0.973451327433628,"SGZ","LUAD"
"29","TCGA-49-4507-01",0.31,2.82405228241045,595,72,0.739495798319328,0.986238532110092,0.988532110091743,"SGZ","LUAD"
"30","TCGA-49-4510-01",0.52,3.56494552547116,623,68,0.489566613162119,0.967213114754098,0.954098360655738,"SGZ","LUAD"
"31","TCGA-64-1677-01",0.29,2.58756769601974,500,107,0.772,0.989637305699482,0.968911917098446,"SGZ","LUAD"
"3210","TCGA-67-3772-01",0.41,2.16539733733432,264,105.5,0.484848484848485,1,0.953125,"SGZ","LUAD"
"33","TCGA-73-4658-01",0.18,2.44900735273352,832,70.5,0.643028846153846,0.998130841121495,0.964485981308411,"SGZ","LUAD"
"3410","TCGA-73-4659-01",0.33,3.53708456058219,656,75,0.721036585365854,0.993657505285412,0.980972515856237,"SGZ","LUAD"
"35","TCGA-73-4662-01",0.46,2.99714356744538,475,68,0.591578947368421,0.95729537366548,0.9644128113879,"SGZ","LUAD"
"36","TCGA-73-4666-01",0.45,3.12413427990029,783,76,0.602809706257982,0.951271186440678,0.961864406779661,"SGZ","LUAD"
"37","TCGA-73-4668-01",0.52,3.04421984996549,1200,91,0.5175,0.965460526315789,0.858552631578947,"SGZ","LUAD"
"38","TCGA-73-4670-01",0.54,2.96609533105881,645,86,0.615503875968992,0.959697732997481,0.969773299748111,"SGZ","LUAD"
"39","TCGA-73-4675-01",0.51,3.47986211601307,333,68,0.543543543543544,0.966850828729282,0.911602209944751,"SGZ","LUAD"
"40","TCGA-73-4677-01",0.23,2.99478779276967,569,89,0.669595782073814,0.902631578947368,0.978947368421053,"SGZ","LUAD"
"41","TCGA-05-4396-01",0.54,3.7123266845327,3564,105,0.884399551066218,0.929251269035533,0.859454314720812,"SGZ","LUAD"
"42","TCGA-05-4405-01",0.33,3.20811794393711,689,80,0.72133526850508,0.983903420523139,0.961770623742455,"SGZ","LUAD"
"43","TCGA-05-4410-01",0.25,2.30450181796937,1652,78,0.544188861985472,0.985539488320356,0.987764182424917,"SGZ","LUAD"
"441","TCGA-05-4415-01",0.6,3.54037200816957,545,68,0.365137614678899,0.95360824742268,0.927835051546392,"SGZ","LUAD"
"451","TCGA-05-4424-01",0.26,2.88239953214973,1223,77,0.664758789860998,0.984981226533166,0.991239048811014,"SGZ","LUAD"
"461","TCGA-05-4427-01",0.42,4.8159288783866,1505,70,0.633222591362126,0.907074973600845,0.985216473072862,"SGZ","LUAD"
"471","TCGA-05-4433-01",0.53,1.91511243671529,299,67,0.729096989966555,1,0.967889908256881,"SGZ","LUAD"
"481","TCGA-05-5420-01",0.21,1.91128549643959,365,56,0.923287671232877,0.996923076923077,0.975384615384615,"SGZ","LUAD"
"491","TCGA-05-5423-01",0.55,2.37046935591369,430,48.5,0.532558139534884,0.925764192139738,0.982532751091703,"SGZ","LUAD"
"50","TCGA-05-5425-01",0.3,2.82792828610975,1006,58,0.512922465208748,0.956862745098039,0.97843137254902,"SGZ","LUAD"
"511","TCGA-05-5428-01",0.62,3.19561389116657,716,54,0.344972067039106,0.898785425101215,0.975708502024291,"SGZ","LUAD"
"521","TCGA-05-5429-01",0.55,2.08021809657218,271,47,0.483394833948339,0.984732824427481,0.954198473282443,"SGZ","LUAD"
"531","TCGA-05-5715-01",0.71,1.84377730595484,343,47,0.379008746355685,0.976,0.952,"SGZ","LUAD"
"541","TCGA-35-5375-01",0.54,4.67954060668788,757,49,0.357992073976222,0.904059040590406,0.955719557195572,"SGZ","LUAD"
"551","TCGA-38-4625-01",0.37,2.93001117828905,1108,89,0.675090252707581,0.962566844919786,0.974598930481283,"SGZ","LUAD"
"561","TCGA-38-4626-01",0.15,1.78064522085144,592,91.5,0.967905405405405,0.99825479930192,0.933682373472949,"SGZ","LUAD"
"571","TCGA-38-4627-01",0.18,1.92798203079463,308,81.5,0.941558441558442,1,0.958620689655172,"SGZ","LUAD"
"581","TCGA-38-7271-01",0.2,2.07296756427677,436,63,0.871559633027523,1,0.657824933687003,"SGZ","LUAD"
"591","TCGA-38-A44F-01",0.15,1.89032985960684,292,59.5,0.979452054794521,1,0.982517482517482,"SGZ","LUAD"
"601","TCGA-44-6779-01",0.47,1.60337814865396,406,55.5,0.428571428571429,0.994219653179191,0.965317919075145,"SGZ","LUAD"
"611","TCGA-44-8117-01",0.65,2.87925648796039,1168,79,0.522260273972603,0.897478991596639,0.983193277310924,"SGZ","LUAD"
"621","TCGA-44-8119-01",0.56,4.56520171091335,966,62,0.407867494824017,0.921319796954315,0.977157360406091,"SGZ","LUAD"
"631","TCGA-44-8120-01",0.51,1.72364050874402,1211,66,0.654004954582989,0.979539641943734,0.974424552429668,"SGZ","LUAD"
"641","TCGA-44-A479-01",0.18,2.22525843642844,730,59,0.673972602739726,0.993865030674847,0.979550102249489,"SGZ","LUAD"
"651","TCGA-44-A47A-01",0.29,1.65182918743489,515,56,0.747572815533981,0.911688311688312,0.979220779220779,"SGZ","LUAD"
"661","TCGA-44-A47B-01",0.49,3.26321960723896,336,49,0.333333333333333,0.981981981981982,0.945945945945946,"SGZ","LUAD"
"671","TCGA-44-A47F-01",0.4,3.93421976605968,462,58.5,0.58008658008658,0.951492537313433,0.955223880597015,"SGZ","LUAD"
"681","TCGA-44-A47G-01",0.15,2.22442034696771,428,49,0.771028037383178,1,0.990712074303406,"SGZ","LUAD"
"691","TCGA-44-A4SS-01",0.18,2.02139335405035,894,79,0.898210290827741,0.985037406483791,0.99002493765586,"SGZ","LUAD"
"701","TCGA-44-A4SU-01",0.42,2.25352035000785,603,71,0.487562189054726,0.965986394557823,0.976190476190476,"SGZ","LUAD"
"711","TCGA-49-4487-01",0.19,1.88131359188366,730,69,0.824657534246575,0.996677740863787,0.985049833887043,"SGZ","LUAD"
"721","TCGA-49-4490-01",0.27,4.4006874636079,348,72.5,0.574712643678161,0.98,0.945,"SGZ","LUAD"
"731","TCGA-49-4512-01",0.43,2.28970701776082,302,70,0.572847682119205,0.947976878612717,0.971098265895954,"SGZ","LUAD"
"741","TCGA-49-6742-01",0.43,3.62594886422682,657,71,0.592085235920852,0.981481481481482,0.973544973544973,"SGZ","LUAD"
"751","TCGA-49-6743-01",0.27,2.88221798973924,1328,70,0.795933734939759,1,0.973180076628352,"SGZ","LUAD"
"761","TCGA-49-6744-01",0.28,2.21433416860014,693,68,0.828282828282828,1,0.985964912280702,"SGZ","LUAD"
"771","TCGA-49-6745-01",0.2,1.89584364702773,587,68,0.819420783645656,0.99364406779661,0.99364406779661,"SGZ","LUAD"
"78","TCGA-49-6761-01",0.31,3.02724519432702,763,67,0.768020969855832,0.99288256227758,0.98932384341637,"SGZ","LUAD"
"79","TCGA-49-6767-01",0.37,3.42708136115861,812,64,0.532019704433498,0.9618138424821,0.978520286396181,"SGZ","LUAD"
"80","TCGA-49-AAQV-01",0.28,1.97623784816852,533,45,0.703564727954972,0.997333333333333,0.965333333333333,"SGZ","LUAD"
"81","TCGA-49-AAR0-01",0.35,1.66914100825051,665,53,0.392481203007519,0.996168582375479,0.96551724137931,"SGZ","LUAD"
"82","TCGA-49-AAR2-01",0.66,1.89935940405333,936,52,0.477564102564103,0.986577181208054,0.975391498881432,"SGZ","LUAD"
"83","TCGA-49-AAR3-01",0.16,1.76084833623497,410,51,0.860975609756098,0.997167138810198,0.98300283286119,"SGZ","LUAD"
"841","TCGA-49-AAR4-01",0.16,1.92005877003036,1138,49,0.486818980667838,0.992779783393502,0.969314079422383,"SGZ","LUAD"
"851","TCGA-49-AAR9-01",0.73,2.10181613465247,1236,49,0.351132686084142,0.87066974595843,0.979214780600462,"SGZ","LUAD"
"861","TCGA-49-AARE-01",0.42,2.8769604271754,2128,49,0.513627819548872,0.946935041171089,0.879231473010064,"SGZ","LUAD"
"871","TCGA-49-AARN-01",0.33,1.93277835267971,1510,56,0.664900662251656,0.991869918699187,0.990853658536585,"SGZ","LUAD"
"881","TCGA-49-AARO-01",0.24,2.15776988418613,1071,42,0.401493930905696,0.995348837209302,0.995348837209302,"SGZ","LUAD"
"891","TCGA-49-AARQ-01",0.49,3.40645760048498,1214,43,0.384678747940692,0.939524838012959,0.967602591792657,"SGZ","LUAD"
"901","TCGA-49-AARR-01",0.57,1.99998072471911,485,45,0.581443298969072,1,0.912087912087912,"SGZ","LUAD"
"911","TCGA-4B-A93V-01",0.6,2.68426392889024,617,45,0.369529983792545,0.963302752293578,0.967889908256881,"SGZ","LUAD"
"921","TCGA-50-5044-01",0.23,2.03535237761768,625,65,0.952,1,0.989655172413793,"SGZ","LUAD"
"931","TCGA-50-5045-01",0.16,2.18462462555532,734,53.5,0.772479564032698,0.989417989417989,0.984126984126984,"SGZ","LUAD"
"941","TCGA-50-5049-01",0.17,2.10774248921789,1153,59,0.827406764960971,0.988469601677149,0.991614255765199,"SGZ","LUAD"
"951","TCGA-50-5051-01",0.54,3.07942624446598,384,67,0.458333333333333,0.960227272727273,0.977272727272727,"SGZ","LUAD"
"961","TCGA-50-5055-01",0.3,2.08959712032493,281,55,0.861209964412811,1,0.961864406779661,"SGZ","LUAD"
"971","TCGA-50-5068-01",0.24,1.68913939062505,349,52,0.659025787965616,0.991304347826087,0.982608695652174,"SGZ","LUAD"
"981","TCGA-50-5072-01",0.3,2.29229556653539,512,61.5,0.58984375,0.986301369863014,0.979452054794521,"SGZ","LUAD"
"991","TCGA-50-5936-01",0.39,3.28053103277249,400,50,0.595,0.970588235294118,0.983193277310924,"SGZ","LUAD"
"100","TCGA-50-5939-01",0.3,1.78237947036812,389,51,0.866323907455013,1,0.979228486646884,"SGZ","LUAD"
"101","TCGA-50-6590-01",0.2,2.29761959922361,1382,66,0.447901591895803,0.959612277867528,0.990306946688207,"SGZ","LUAD"
"102","TCGA-50-6595-01",0.15,1.84747146555214,367,64,0.817438692098093,0.99,0.983333333333333,"SGZ","LUAD"
"1031","TCGA-50-6597-01",0.47,3.66770843990996,453,60,0.472406181015453,0.97196261682243,0.925233644859813,"SGZ","LUAD"
"1041","TCGA-50-6673-01",0.4,2.15020164081685,492,61,0.599593495934959,0.989830508474576,0.979661016949153,"SGZ","LUAD"
"1051","TCGA-50-7109-01",0.46,2.9412919193166,604,55,0.539735099337748,0.968652037617555,0.968652037617555,"SGZ","LUAD"
"1061","TCGA-50-8457-01",0.16,2.12903661202906,369,55,0.753387533875339,0.974358974358974,0.989010989010989,"SGZ","LUAD"
"1071","TCGA-50-8459-01",0.3,1.91887751227132,542,61.5,0.931734317343173,0.997971602434077,0.979716024340771,"SGZ","LUAD"
"1081","TCGA-50-8460-01",0.4,1.92709732478285,323,63,0.808049535603715,1,0.973180076628352,"SGZ","LUAD"
"1091","TCGA-53-7624-01",0.62,2.99200587741676,1382,64,0.397250361794501,0.890710382513661,0.923497267759563,"SGZ","LUAD"
"1101","TCGA-53-7626-01",0.28,1.78633314257284,1139,65,0.757682177348551,0.995365005793743,0.973348783314021,"SGZ","LUAD"
"1111","TCGA-53-7813-01",0.37,3.44199649204523,405,52,0.550617283950617,1,0.955156950672646,"SGZ","LUAD"
"1121","TCGA-53-A4EZ-01",0.33,4.46466138907092,1004,76,0.585657370517928,0.931972789115646,0.97108843537415,"SGZ","LUAD"
"1131","TCGA-55-5899-01",0.66,2.86948523651351,813,60,0.424354243542435,0.887905604719764,0.982300884955752,"SGZ","LUAD"
"1141","TCGA-55-6642-01",0.31,2.76451066461943,473,66,0.704016913319239,1,0.945288753799392,"SGZ","LUAD"
"1151","TCGA-55-6712-01",0.23,2.33532153095646,469,59,0.392324093816631,0.989130434782609,0.989130434782609,"SGZ","LUAD"
"1161","TCGA-55-6968-01",0.55,1.72306490365737,954,59,0.571278825995807,0.936902485659656,0.975143403441683,"SGZ","LUAD"
"1171","TCGA-55-6969-01",0.17,1.98543752199552,780,67,0.584615384615385,0.991228070175439,0.947368421052632,"SGZ","LUAD"
"1181","TCGA-55-6970-01",0.36,2.7317589687607,429,62,0.501165501165501,0.953488372093023,0.962790697674419,"SGZ","LUAD"
"1191","TCGA-55-6971-01",0.15,2.73654827743725,612,66.5,0.72875816993464,0.991031390134529,0.975336322869955,"SGZ","LUAD"
"1201","TCGA-55-6972-01",0.73,3.478965223099,579,53,0.316062176165803,0.885245901639344,0.950819672131147,"SGZ","LUAD"
"1211","TCGA-55-6975-01",0.33,1.76907193901545,372,54,0.645161290322581,0.991452991452991,0.987179487179487,"SGZ","LUAD"
"1221","TCGA-55-6978-01",0.21,2.26601621601937,347,64,0.778097982708934,1,0.966666666666667,"SGZ","LUAD"
"1231","TCGA-55-6979-01",0.23,1.83422592438631,972,76,0.800411522633745,1,0.903598971722365,"SGZ","LUAD"
"1241","TCGA-55-6980-01",0.24,2.24448382854862,366,50,0.836065573770492,0.996732026143791,0.986928104575163,"SGZ","LUAD"
"1251","TCGA-55-6981-01",0.21,2.5800259730702,559,71,0.611806797853309,1,0.885964912280702,"SGZ","LUAD"
"1261","TCGA-55-6982-01",0.23,1.77883465046295,576,67,0.359375,0.990243902439024,0.995121951219512,"SGZ","LUAD"
"1271","TCGA-55-6983-01",0.29,2.28856445594519,461,63,0.79175704989154,1,0.980821917808219,"SGZ","LUAD"
"1281","TCGA-55-6984-01",0.41,2.05438760339525,260,38,0.553846153846154,0.993055555555556,0.972222222222222,"SGZ","LUAD"
"1291","TCGA-55-6985-01",0.28,1.89450273640115,872,45,0.396788990825688,0.971098265895954,0.953757225433526,"SGZ","LUAD"
"1301","TCGA-55-6986-01",0.2,1.55740720553936,215,40,0.832558139534884,0.988826815642458,0.966480446927374,"SGZ","LUAD"
"1311","TCGA-55-6987-01",0.17,2.28659658291575,523,61,0.875717017208413,0.997816593886463,0.921397379912664,"SGZ","LUAD"
"132","TCGA-55-7284-01",0.37,2.27777764819129,279,70,0.810035842293907,1,0.955752212389381,"SGZ","LUAD"
"1331","TCGA-55-7573-01",0.26,2.09109214642576,315,48,0.257142857142857,0.987654320987654,0.938271604938272,"SGZ","LUAD"
"1341","TCGA-55-7724-01",0.2,1.822641229767,512,66.5,0.951171875,0.997946611909651,0.991786447638604,"SGZ","LUAD"
"1351","TCGA-55-7725-01",0.6,2.01562857081689,507,38,0.333333333333333,0.994082840236686,0.893491124260355,"SGZ","LUAD"
"1361","TCGA-55-7726-01",0.37,2.33475694280326,364,56.5,0.521978021978022,0.910526315789474,0.947368421052632,"SGZ","LUAD"
"1371","TCGA-55-7727-01",0.36,2.04606228905826,540,49.5,0.37037037037037,0.91,0.945,"SGZ","LUAD"
"1381","TCGA-55-7728-01",0.4,2.00457126448222,361,74,0.936288088642659,0.997041420118343,0.976331360946746,"SGZ","LUAD"
"1391","TCGA-55-7815-01",0.29,3.45668520430215,609,62,0.733990147783251,0.995454545454545,0.970454545454545,"SGZ","LUAD"
"1401","TCGA-55-7903-01",0.43,3.76115715473096,399,51,0.456140350877193,0.98314606741573,0.949438202247191,"SGZ","LUAD"
"141","TCGA-55-7907-01",0.41,3.60386106798547,1682,53,0.517241379310345,0.959770114942529,0.983908045977012,"SGZ","LUAD"
"1421","TCGA-55-7910-01",0.59,3.54472102035071,731,47,0.337893296853625,0.959514170040486,0.947368421052632,"SGZ","LUAD"
"1431","TCGA-55-7911-01",0.2,2.10059087726527,494,57,0.755060728744939,0.973190348525469,0.983914209115281,"SGZ","LUAD"
"1441","TCGA-55-7913-01",0.32,2.97994296215429,778,62,0.62853470437018,0.977505112474438,0.965235173824131,"SGZ","LUAD"
"145","TCGA-55-7914-01",0.51,1.91605150038425,510,66,0.566666666666667,0.985815602836879,0.982269503546099,"SGZ","LUAD"
"1461","TCGA-55-7994-01",0.52,3.00649479189822,2176,72,0.552849264705882,0.943541488451668,0.988879384088965,"SGZ","LUAD"
"1471","TCGA-55-7995-01",0.43,2.65398301075106,1036,69,0.586872586872587,0.909539473684211,0.980263157894737,"SGZ","LUAD"
"148","TCGA-55-8085-01",0.54,2.1827203426084,572,71,0.66958041958042,0.994623655913978,0.975806451612903,"SGZ","LUAD"
"1491","TCGA-55-8087-01",0.79,2.00174633155212,312,73,0.253205128205128,1,0.794871794871795,"SGZ","LUAD"
"1501","TCGA-55-8089-01",0.3,1.88837783385948,1822,78,0.615806805708013,0.99554367201426,0.991087344028521,"SGZ","LUAD"
"1511","TCGA-55-8090-01",0.32,1.63972345383595,364,68,0.78021978021978,0.936619718309859,0.961267605633803,"SGZ","LUAD"
"1521","TCGA-55-8091-01",0.44,1.98714854606525,248,62.5,0.455645161290323,0.991150442477876,0.973451327433628,"SGZ","LUAD"
"1531","TCGA-55-8092-01",0.38,3.26498116194487,1028,86,0.692607003891051,0.910112359550562,0.978932584269663,"SGZ","LUAD"
"1541","TCGA-55-8094-01",0.79,2.88591975076696,776,65,0.23840206185567,0.945945945945946,0.956756756756757,"SGZ","LUAD"
"1551","TCGA-55-8096-01",0.25,2.65607452723517,399,75,0.731829573934837,0.996575342465753,0.952054794520548,"SGZ","LUAD"
"1561","TCGA-55-8097-01",0.35,1.98683065054116,403,85,0.8287841191067,0.976047904191617,0.979041916167665,"SGZ","LUAD"
"1571","TCGA-55-8203-01",0.33,3.69999084018339,705,58,0.597163120567376,0.997624703087886,0.973871733966746,"SGZ","LUAD"
"1581","TCGA-55-8204-01",0.31,1.8909401629696,495,86,0.848484848484849,0.995157384987893,0.983050847457627,"SGZ","LUAD"
"1591","TCGA-55-8205-01",0.21,2.34894917241364,1017,67,0.609636184857424,0.965058236272879,0.980033277870216,"SGZ","LUAD"
"160","TCGA-55-8206-01",0.46,3.27212248213424,328,61,0.545731707317073,0.994413407821229,0.916201117318436,"SGZ","LUAD"
"1611","TCGA-55-8207-01",0.56,3.01932910140267,607,73,0.489291598023064,0.912891986062718,0.968641114982578,"SGZ","LUAD"
"162","TCGA-55-8208-01",0.16,2.59108893590221,715,114,0.945454545454545,1,0.985207100591716,"SGZ","LUAD"
"163","TCGA-55-8301-01",0.28,2.36773942599993,719,114,0.748261474269819,1,0.996268656716418,"SGZ","LUAD"
"1641","TCGA-55-8302-01",0.29,2.40126013111855,1249,120,0.675740592473979,0.984468339307049,0.98805256869773,"SGZ","LUAD"
"1651","TCGA-55-8505-01",0.28,1.66554689590276,345,55,0.72463768115942,0.996,0.96,"SGZ","LUAD"
"1661","TCGA-55-8507-01",0.6,2.75054082435426,1443,64,0.456687456687457,0.82701062215478,0.981790591805766,"SGZ","LUAD"
"1671","TCGA-55-8508-01",0.33,3.94063542946094,806,64,0.509925558312655,0.970802919708029,0.970802919708029,"SGZ","LUAD"
"168","TCGA-55-8510-01",0.27,2.8035386279284,643,80,0.679626749611198,0.997695852534562,0.97926267281106,"SGZ","LUAD"
"1691","TCGA-55-8511-01",0.26,3.20475115171284,984,89,0.764227642276423,0.997326203208556,0.991978609625668,"SGZ","LUAD"
"1701","TCGA-55-8512-01",0.35,1.95144091824644,345,62,0.869565217391304,1,0.965986394557823,"SGZ","LUAD"
"171","TCGA-55-8513-01",0.27,1.9970055945103,241,80,0.983402489626556,1,0.970464135021097,"SGZ","LUAD"
"172","TCGA-55-8514-01",0.54,3.13377842425644,761,67,0.550591327201051,0.961630695443645,0.976019184652278,"SGZ","LUAD"
"1731","TCGA-55-8614-01",0.33,2.10385039818783,549,78,0.712204007285975,0.976982097186701,0.969309462915601,"SGZ","LUAD"
"1741","TCGA-55-8615-01",0.61,4.96088001474545,399,80,0.388471177944862,0.916129032258065,0.903225806451613,"SGZ","LUAD"
"1751","TCGA-55-8616-01",0.38,2.04119265500375,893,62,0.543113101903695,0.95625,0.985416666666667,"SGZ","LUAD"
"1761","TCGA-55-8619-01",0.15,1.9976324484397,284,80,0.975352112676056,1,0.985507246376812,"SGZ","LUAD"
"1771","TCGA-55-8620-01",0.6,2.65131393607248,874,76.5,0.467963386727689,0.936430317848411,0.980440097799511,"SGZ","LUAD"
"178","TCGA-55-8621-01",0.46,2.00183431290713,377,78,0.838196286472148,1,0.946031746031746,"SGZ","LUAD"
"1791","TCGA-55-A48X-01",0.26,1.8249626860828,694,52,0.893371757925072,0.998336106489185,0.990016638935108,"SGZ","LUAD"
"180","TCGA-55-A48Y-01",0.32,2.02971865085912,710,54,0.795774647887324,0.998230088495575,0.987610619469027,"SGZ","LUAD"
"1811","TCGA-55-A48Z-01",0.27,3.38167333633925,324,60,0.537037037037037,1,0.96969696969697,"SGZ","LUAD"
"1821","TCGA-55-A490-01",0.54,3.35846042491066,1795,56,0.439554317548747,0.866666666666667,0.989542483660131,"SGZ","LUAD"
"1831","TCGA-55-A491-01",0.37,2.08712145673863,670,58,0.467164179104478,0.955271565495208,0.987220447284345,"SGZ","LUAD"
"1841","TCGA-55-A492-01",0.43,1.87312424093682,655,49,0.610687022900763,0.935,0.9825,"SGZ","LUAD"
"1851","TCGA-55-A493-01",0.21,1.83864631481141,642,52,0.677570093457944,0.988505747126437,0.983908045977012,"SGZ","LUAD"
"1861","TCGA-55-A494-01",0.72,3.69229434926549,482,72,0.215767634854772,0.971153846153846,0.951923076923077,"SGZ","LUAD"
"1871","TCGA-55-A4DF-01",0.41,3.31488263081897,1325,78,0.713207547169811,0.825993555316864,0.983888292158969,"SGZ","LUAD"
"1881","TCGA-55-A4DG-01",0.39,3.67040690486964,1072,54,0.476679104477612,0.882936507936508,0.982142857142857,"SGZ","LUAD"
"1891","TCGA-55-A57B-01",0.23,2.39975503891609,451,43,0.419068736141907,1,0.978609625668449,"SGZ","LUAD"
"1901","TCGA-62-8394-01",0.55,2.64163349655656,472,82,0.389830508474576,0.91304347826087,0.951086956521739,"SGZ","LUAD"
"1911","TCGA-62-8395-01",0.63,1.90895987859364,392,64,0.581632653061224,0.973684210526316,0.960526315789474,"SGZ","LUAD"
"1921","TCGA-62-8397-01",0.65,3.41475905237278,312,62.5,0.282051282051282,0.988505747126437,0.896551724137931,"SGZ","LUAD"
"1931","TCGA-62-8398-01",0.45,4.75376828068125,394,66,0.456852791878173,0.98876404494382,0.926966292134832,"SGZ","LUAD"
"1941","TCGA-62-8399-01",0.55,2.3912566448709,968,74,0.616735537190083,0.816013628620102,0.982964224872232,"SGZ","LUAD"
"1951","TCGA-62-8402-01",0.54,4.4931371099854,350,59,0.5,0.942857142857143,0.954285714285714,"SGZ","LUAD"
"1961","TCGA-62-A46O-01",0.72,2.93642952976475,1321,47,0.127176381529145,0.833333333333333,0.950617283950617,"SGZ","LUAD"
"1971","TCGA-62-A46P-01",0.62,2.06626787316626,591,46,0.399323181049069,0.978813559322034,0.957627118644068,"SGZ","LUAD"
"1981","TCGA-62-A46R-01",0.41,2.93330451080402,467,43,0.468950749464668,0.951219512195122,0.95609756097561,"SGZ","LUAD"
"1991","TCGA-62-A46S-01",0.55,2.26122454739488,404,61,0.47029702970297,0.978947368421053,0.968421052631579,"SGZ","LUAD"
"2001","TCGA-62-A46U-01",0.31,1.98633903577616,321,53,0.610591900311526,0.994897959183674,0.959183673469388,"SGZ","LUAD"
"2011","TCGA-62-A46V-01",0.47,1.89217887543431,351,52,0.660968660968661,1,0.96943231441048,"SGZ","LUAD"
"2021","TCGA-62-A470-01",0.57,3.01241551483302,415,72,0.520481927710843,0.939814814814815,0.944444444444444,"SGZ","LUAD"
"2031","TCGA-62-A471-01",0.42,3.12533569599577,418,57,0.576555023923445,0.96652719665272,0.98744769874477,"SGZ","LUAD"
"2041","TCGA-62-A472-01",0.38,1.78088372729432,319,47,0.517241379310345,0.987878787878788,0.975757575757576,"SGZ","LUAD"
"2051","TCGA-64-1679-01",0.32,1.81479647294481,868,65,0.655529953917051,0.966608084358524,0.989455184534271,"SGZ","LUAD"
"2061","TCGA-64-1681-01",0.39,3.15838226462582,435,57,0.537931034482759,0.972972972972973,0.968468468468468,"SGZ","LUAD"
"2071","TCGA-64-5774-01",0.7,2.86833772870513,539,52,0.25417439703154,0.958677685950413,0.942148760330578,"SGZ","LUAD"
"2081","TCGA-64-5775-01",0.68,3.39561658648704,836,49.5,0.221291866028708,0.942857142857143,0.948571428571429,"SGZ","LUAD"
"2091","TCGA-64-5778-01",0.52,1.79105182656255,817,54,0.440636474908201,0.968660968660969,0.971509971509972,"SGZ","LUAD"
"210","TCGA-64-5779-01",0.44,3.04834803827811,692,53,0.473988439306358,0.981707317073171,0.981707317073171,"SGZ","LUAD"
"2111","TCGA-64-5781-01",0.36,1.88386803987144,1622,50,0.593094944512947,0.982328482328482,0.993762993762994,"SGZ","LUAD"
"2121","TCGA-64-5815-01",0.34,1.98310811514659,548,49,0.748175182481752,0.995121951219512,0.992682926829268,"SGZ","LUAD"
"2131","TCGA-69-7760-01",0.64,3.2513104546106,322,54,0.34472049689441,0.945945945945946,0.927927927927928,"SGZ","LUAD"
"2141","TCGA-69-7761-01",0.24,1.81900412900442,224,45,0.75,1,0.982142857142857,"SGZ","LUAD"
"215","TCGA-69-7763-01",0.33,2.66533012749826,340,49.5,0.588235294117647,0.995,0.95,"SGZ","LUAD"
"2161","TCGA-69-7764-01",0.58,3.34886941778129,381,61,0.291338582677165,0.972972972972973,0.90990990990991,"SGZ","LUAD"
"2171","TCGA-69-7765-01",0.31,2.13039231235958,1252,60,0.575079872204473,0.980555555555556,0.986111111111111,"SGZ","LUAD"
"2181","TCGA-69-7973-01",0.52,3.28968511124745,519,55,0.435452793834297,0.991150442477876,0.938053097345133,"SGZ","LUAD"
"2191","TCGA-69-7974-01",0.3,3.5888785176051,820,68,0.660975609756098,0.978723404255319,0.97678916827853,"SGZ","LUAD"
"2201","TCGA-69-7978-01",0.18,2.05191906929289,1006,80,0.750497017892644,0.990728476821192,0.99205298013245,"SGZ","LUAD"
"2211","TCGA-69-7979-01",0.57,4.54147922117697,1959,67,0.465543644716692,0.790570175438597,0.991228070175439,"SGZ","LUAD"
"222","TCGA-69-7980-01",0.54,3.72993646098178,1245,69,0.580722891566265,0.699861687413555,0.983402489626556,"SGZ","LUAD"
"2231","TCGA-69-8253-01",0.39,3.1087962532062,642,53,0.53582554517134,0.997093023255814,0.950581395348837,"SGZ","LUAD"
"2241","TCGA-69-8254-01",0.43,1.97784508738436,634,62,0.82018927444795,0.998076923076923,0.975,"SGZ","LUAD"
"225","TCGA-69-8255-01",0.35,3.31138256539267,739,61,0.581867388362652,0.97841726618705,0.97841726618705,"SGZ","LUAD"
"2261","TCGA-71-6725-01",0.58,2.66100194734762,650,69,0.54,0.927536231884058,0.965217391304348,"SGZ","LUAD"
"2271","TCGA-73-7498-01",0.42,3.95592905053482,425,67,0.614117647058824,0.992337164750958,0.950191570881226,"SGZ","LUAD"
"228","TCGA-73-7499-01",0.4,3.04239642328049,347,64,0.564841498559078,0.943877551020408,0.948979591836735,"SGZ","LUAD"
"2291","TCGA-73-A9RS-01",0.6,2.78083725534145,1622,47,0.376078914919852,0.89202657807309,0.978405315614618,"SGZ","LUAD"
"2301","TCGA-75-5146-01",0.53,1.79108087199074,511,53,0.516634050880626,0.99236641221374,0.965648854961832,"SGZ","LUAD"
"2311","TCGA-75-5147-01",0.36,3.08822188631386,265,52,0.486792452830189,1,0.967741935483871,"SGZ","LUAD"
"232","TCGA-75-6214-01",0.55,2.65856615809503,1208,101,0.478476821192053,0.902097902097902,0.968531468531469,"SGZ","LUAD"
"2331","TCGA-75-7025-01",0.3,1.83060717640249,295,47,0.68135593220339,0.995024875621891,0.985074626865672,"SGZ","LUAD"
"2341","TCGA-75-7027-01",0.59,3.08023997648152,582,90,0.572164948453608,0.957055214723926,0.947852760736196,"SGZ","LUAD"
"2361","TCGA-75-7031-01",0.46,4.05197869418195,561,58,0.408199643493761,0.96943231441048,0.925764192139738,"SGZ","LUAD"
"2371","TCGA-78-7145-01",0.61,3.46621077171617,447,53,0.337807606263982,0.972972972972973,0.959459459459459,"SGZ","LUAD"
"2381","TCGA-78-7146-01",0.67,2.7543557342586,687,56,0.385735080058224,0.808764940239044,0.97609561752988,"SGZ","LUAD"
"2391","TCGA-78-7147-01",0.61,3.09177975505759,632,51,0.438291139240506,0.921933085501859,0.970260223048327,"SGZ","LUAD"
"240","TCGA-78-7148-01",0.35,2.05220395762738,538,54,0.284386617100372,0.915032679738562,0.973856209150327,"SGZ","LUAD"
"2411","TCGA-78-7149-01",0.56,3.37968380063547,430,63,0.490697674418605,0.95260663507109,0.966824644549763,"SGZ","LUAD"
"2421","TCGA-78-7150-01",0.45,3.03987736617384,740,52,0.536486486486486,0.891752577319588,0.97680412371134,"SGZ","LUAD"
"2431","TCGA-78-7152-01",0.53,2.00003725445714,623,62,0.741573033707865,0.993506493506494,0.976190476190476,"SGZ","LUAD"
"2441","TCGA-78-7153-01",0.24,2.35613292178598,373,56,0.815013404825737,0.930921052631579,0.970394736842105,"SGZ","LUAD"
"245","TCGA-78-7154-01",0.51,3.91236730664876,618,52,0.564724919093851,0.787965616045845,0.982808022922636,"SGZ","LUAD"
"2461","TCGA-78-7155-01",0.79,2.50764356190349,1983,55,0.199697428139183,0.893939393939394,0.97979797979798,"SGZ","LUAD"
"2471","TCGA-78-7156-01",0.78,1.98877325445107,718,117.5,0.562674094707521,0.955445544554455,0.952970297029703,"SGZ","LUAD"
"2481","TCGA-78-7158-01",0.84,2.10063400909288,603,48,0.265339966832504,0.96,0.913333333333333,"SGZ","LUAD"
"2491","TCGA-78-7159-01",0.37,2.47562960858681,665,51,0.233082706766917,0.928571428571429,0.987012987012987,"SGZ","LUAD"
"2501","TCGA-78-7160-01",0.16,2.09944307339752,360,50,0.688888888888889,0.995967741935484,0.975806451612903,"SGZ","LUAD"
"2511","TCGA-78-7161-01",0.72,3.30724261679671,447,51,0.178970917225951,0.9,0.925,"SGZ","LUAD"
"2521","TCGA-78-7162-01",0.27,2.08617313056252,321,64,0.934579439252336,1,0.976666666666667,"SGZ","LUAD"
"2531","TCGA-78-7163-01",0.67,2.52791516664601,336,56,0.458333333333333,0.961038961038961,0.935064935064935,"SGZ","LUAD"
"2541","TCGA-78-7166-01",0.53,2.04801124768019,528,63.5,0.700757575757576,0.986301369863014,0.958904109589041,"SGZ","LUAD"
"2551","TCGA-78-7167-01",0.77,3.66736338539691,555,69,0.181981981981982,0.99009900990099,0.643564356435644,"SGZ","LUAD"
"2561","TCGA-78-7220-01",0.59,2.67350993051735,1299,63,0.508083140877598,0.903030303030303,0.978787878787879,"SGZ","LUAD"
"2571","TCGA-78-7535-01",0.58,2.80588084004367,500,59,0.55,0.92,0.963636363636364,"SGZ","LUAD"
"2581","TCGA-78-7536-01",0.75,3.08667785862174,1009,61,0.367690782953419,0.800539083557951,0.978436657681941,"SGZ","LUAD"
"2591","TCGA-78-7537-01",0.63,2.05116498068906,391,68,0.521739130434783,0.99009900990099,0.955445544554455,"SGZ","LUAD"
"2601","TCGA-78-7539-01",0.49,3.41799864612855,926,65.5,0.556155507559395,0.920892494929006,0.981744421906694,"SGZ","LUAD"
"2611","TCGA-78-7540-01",0.55,1.96985441846828,433,54,0.76905311778291,0.96996996996997,0.987987987987988,"SGZ","LUAD"
"2621","TCGA-78-7542-01",0.33,4.69336077077296,649,56,0.545454545454545,0.906344410876133,0.981873111782477,"SGZ","LUAD"
"2631","TCGA-78-7633-01",0.7,2.19488935383763,473,63,0.591966173361522,0.978571428571429,0.967857142857143,"SGZ","LUAD"
"2641","TCGA-78-8640-01",0.34,2.74341707873478,1305,72,0.716475095785441,0.986928104575163,0.989106753812636,"SGZ","LUAD"
"2661","TCGA-78-8655-01",0.58,2.16013092344985,433,55,0.524249422632795,0.995348837209302,0.934883720930233,"SGZ","LUAD"
"2671","TCGA-78-8660-01",0.2,1.8459408709619,605,101,0.829752066115703,0.99003984063745,0.98605577689243,"SGZ","LUAD"
"2681","TCGA-78-8662-01",0.77,2.66131988841859,1501,70,0.368421052631579,0.864376130198915,0.981916817359855,"SGZ","LUAD"
"2691","TCGA-80-5607-01",0.48,2.02860520991489,484,64,0.799586776859504,0.994832041343669,0.974160206718346,"SGZ","LUAD"
"2701","TCGA-80-5608-01",0.41,2.99596956119344,717,69,0.796373779637378,0.971978984238179,0.866900175131349,"SGZ","LUAD"
"2711","TCGA-80-5611-01",0.49,3.09480118690462,526,50,0.498098859315589,0.933884297520661,0.983471074380165,"SGZ","LUAD"
"272","TCGA-83-5908-01",0.29,3.01200757114139,515,57,0.687378640776699,0.985875706214689,0.968926553672316,"SGZ","LUAD"
"2731","TCGA-86-6851-01",0.3,3.25255606147547,1468,60,0.626021798365123,0.96626768226333,0.964091403699674,"SGZ","LUAD"
"274","TCGA-86-7701-01",0.4,3.96829622223074,1162,74,0.710843373493976,0.927360774818402,0.990314769975787,"SGZ","LUAD"
"275","TCGA-86-7714-01",0.66,1.9361898763492,577,43,0.35528596187175,1,0.878048780487805,"SGZ","LUAD"
"2761","TCGA-86-7953-01",0.32,3.28082083086344,330,65.5,0.660606060606061,1,0.940366972477064,"SGZ","LUAD"
"2771","TCGA-86-7954-01",0.34,4.0399734831884,524,60,0.690839694656489,0.923512747875354,0.957507082152975,"SGZ","LUAD"
"278","TCGA-86-7955-01",0.69,3.19558727085897,611,66,0.37315875613748,0.925438596491228,0.982456140350877,"SGZ","LUAD"
"2791","TCGA-86-8054-01",0.7,2.89437735609114,532,66,0.357142857142857,0.952631578947368,0.942105263157895,"SGZ","LUAD"
"2801","TCGA-86-8055-01",0.25,2.57431329315225,373,71,0.528150134048257,0.99492385786802,0.964467005076142,"SGZ","LUAD"
"2811","TCGA-86-8056-01",0.53,1.93956032098946,587,75,0.759795570698467,0.991031390134529,0.968609865470852,"SGZ","LUAD"
"2821","TCGA-86-8073-01",0.36,1.9159732537246,2184,80,0.861263736263736,0.993449781659389,0.990174672489083,"SGZ","LUAD"
"283","TCGA-86-8074-01",0.55,2.53271781803935,274,39,0.368613138686131,0.831683168316832,0.97029702970297,"SGZ","LUAD"
"2841","TCGA-86-8075-01",0.43,2.43545185963919,276,41,0.344202898550725,0.947368421052632,0.926315789473684,"SGZ","LUAD"
"2851","TCGA-86-8076-01",0.15,2.22119951914413,335,56,0.904477611940299,1,0.975778546712803,"SGZ","LUAD"
"286","TCGA-86-8278-01",0.5,1.82674706118681,435,60,0.698850574712644,0.993421052631579,0.967105263157895,"SGZ","LUAD"
"2871","TCGA-86-8279-01",0.56,3.75441435316883,880,61,0.434090909090909,0.888,0.992,"SGZ","LUAD"
"288","TCGA-86-8280-01",0.39,2.41907326705166,374,82,0.548128342245989,1,0.95609756097561,"SGZ","LUAD"
"2891","TCGA-86-8281-01",0.5,2.09892899413078,670,109,0.847761194029851,0.994604316546763,0.974820143884892,"SGZ","LUAD"
"290","TCGA-86-8358-01",0.52,3.77011080906522,1577,60,0.176918199112238,0.78494623655914,0.978494623655914,"SGZ","LUAD"
"291","TCGA-86-8359-01",0.4,3.18320430287015,543,62,0.622467771639042,0.973372781065089,0.970414201183432,"SGZ","LUAD"
"2921","TCGA-86-8585-01",0.29,2.74498786784707,983,88,0.617497456765005,0.988391376451078,0.990049751243781,"SGZ","LUAD"
"293","TCGA-86-8668-01",0.54,1.99149479295949,306,59,0.57516339869281,0.994318181818182,0.971590909090909,"SGZ","LUAD"
"2941","TCGA-86-8669-01",0.51,3.79190276212138,472,56,0.334745762711864,0.908496732026144,0.934640522875817,"SGZ","LUAD"
"2951","TCGA-86-8671-01",0.17,1.94455216221494,356,65,0.924157303370786,1,0.975683890577508,"SGZ","LUAD"
"296","TCGA-86-8672-01",0.3,2.74747947659094,722,80,0.667590027700831,0.995708154506438,0.982832618025751,"SGZ","LUAD"
"2971","TCGA-86-8673-01",0.37,2.56657312498051,906,76,0.637969094922737,0.942906574394464,0.987889273356401,"SGZ","LUAD"
"2981","TCGA-86-8674-01",0.55,2.12067942426709,667,77,0.72263868065967,0.989626556016598,0.979253112033195,"SGZ","LUAD"
"2991","TCGA-86-A456-01",0.21,2.11409534647765,947,56,0.484688489968321,1,0.989106753812636,"SGZ","LUAD"
"3001","TCGA-86-A4D0-01",0.59,2.52346455144203,640,52,0.175,0.924528301886792,0.952830188679245,"SGZ","LUAD"
"3011","TCGA-86-A4JF-01",0.22,1.75830010920244,2060,76,0.824757281553398,0.977218225419664,0.995803357314149,"SGZ","LUAD"
"3021","TCGA-86-A4P7-01",0.17,2.05446698733869,368,62.5,0.9375,1,0.971014492753623,"SGZ","LUAD"
"3031","TCGA-86-A4P8-01",0.36,1.99794613195863,303,70,0.933993399339934,1,0.978339350180505,"SGZ","LUAD"
"304","TCGA-91-6829-01",0.41,2.98640464254205,1068,70,0.545880149812734,0.897707231040564,0.987654320987654,"SGZ","LUAD"
"305","TCGA-91-6830-01",0.29,1.73529401284657,597,56,0.865996649916248,1,0.982591876208897,"SGZ","LUAD"
"306","TCGA-91-6831-01",0.49,3.39008646582273,599,67,0.507512520868113,0.959459459459459,0.952702702702703,"SGZ","LUAD"
"307","TCGA-91-6835-01",0.16,2.24725415839422,330,68,0.86969696969697,1,0.985815602836879,"SGZ","LUAD"
"308","TCGA-91-6836-01",0.61,3.37701900905856,906,67,0.463576158940397,0.892857142857143,0.938095238095238,"SGZ","LUAD"
"309","TCGA-91-6840-01",0.61,2.7945119213302,391,46,0.391304347826087,0.743055555555556,0.986111111111111,"SGZ","LUAD"
"310","TCGA-91-6847-01",0.69,4.03790719713149,334,73.5,0.419161676646707,0.735714285714286,0.921428571428571,"SGZ","LUAD"
"311","TCGA-91-6848-01",0.3,2.47091857481649,1001,52,0.403596403596404,0.95049504950495,0.95049504950495,"SGZ","LUAD"
"312","TCGA-91-6849-01",0.59,1.95544632810618,726,90,0.771349862258953,0.996428571428571,0.948214285714286,"SGZ","LUAD"
"313","TCGA-91-7771-01",0.31,2.28690215983437,512,66,0.529296875,0.977859778597786,0.988929889298893,"SGZ","LUAD"
"314","TCGA-91-8496-01",0.36,2.35402733894774,297,83,0.892255892255892,0.992452830188679,0.969811320754717,"SGZ","LUAD"
"315","TCGA-91-8497-01",0.44,1.95956459862101,300,73.5,0.823333333333333,1,0.967611336032389,"SGZ","LUAD"
"316","TCGA-91-8499-01",0.75,2.80031636741119,621,84,0.341384863123994,0.956310679611651,0.966019417475728,"SGZ","LUAD"
"317","TCGA-91-A4BC-01",0.23,2.44735951756206,779,58,0.567394094993582,0.993103448275862,0.986206896551724,"SGZ","LUAD"
"318","TCGA-91-A4BD-01",0.53,1.98756060474945,303,45,0.63036303630363,1,0.931937172774869,"SGZ","LUAD"
"319","TCGA-93-7347-01",0.25,1.8980609286831,397,73,0.934508816120907,0.997304582210243,0.986522911051213,"SGZ","LUAD"
"320","TCGA-93-A4JN-01",0.27,2.80678456830585,380,59,0.728947368421053,0.99250936329588,0.966292134831461,"SGZ","LUAD"
"321","TCGA-93-A4JO-01",0.19,1.87565293658138,386,70.5,0.901554404145078,1,0.985632183908046,"SGZ","LUAD"
"322","TCGA-93-A4JQ-01",0.16,1.94313017551368,409,70,0.887530562347188,1,0.991525423728814,"SGZ","LUAD"
"323","TCGA-95-7039-01",0.43,3.02425215832568,1897,50,0.426462836056932,0.897404202719407,0.977750309023486,"SGZ","LUAD"
"324","TCGA-95-7043-01",0.67,3.85695451342898,1440,43,0.135416666666667,0.848167539267016,0.952879581151832,"SGZ","LUAD"
"325","TCGA-95-7562-01",0.53,3.61820458124587,884,66,0.414027149321267,0.983050847457627,0.949152542372881,"SGZ","LUAD"
"326","TCGA-95-7567-01",0.51,2.6775410843262,1458,55,0.688614540466392,0.847250509164969,0.989816700610998,"SGZ","LUAD"
"327","TCGA-95-7944-01",0.33,1.59140601179312,583,80,0.8147512864494,0.976842105263158,0.970526315789474,"SGZ","LUAD"
"328","TCGA-95-7947-01",0.64,2.0747967153822,951,71,0.539432176656151,0.974658869395711,0.98635477582846,"SGZ","LUAD"
"329","TCGA-95-7948-01",0.7,3.48060793592591,528,65,0.376893939393939,0.939698492462312,0.949748743718593,"SGZ","LUAD"
"330","TCGA-95-8039-01",0.46,1.86329281907211,354,64,0.68361581920904,0.971074380165289,0.946280991735537,"SGZ","LUAD"
"331","TCGA-95-8494-01",0.52,3.54041055221653,395,70,0.567088607594937,0.955357142857143,0.959821428571429,"SGZ","LUAD"
"332","TCGA-95-A4VK-01",0.52,1.9586236786485,591,79,0.754653130287648,1,0.977578475336323,"SGZ","LUAD"
"333","TCGA-95-A4VN-01",0.17,2.62469654925803,890,88,0.773033707865169,0.989825581395349,0.984011627906977,"SGZ","LUAD"
"334","TCGA-95-A4VP-01",0.29,2.70188285761541,435,69,0.726436781609195,0.98371335504886,0.977198697068404,"SGZ","LUAD"
"335","TCGA-97-7546-01",0.24,2.14349013000608,735,58,0.628571428571429,0.910714285714286,0.991071428571429,"SGZ","LUAD"
"336","TCGA-97-7547-01",0.5,3.44037273972822,653,48,0.373660030627871,0.96218487394958,0.953781512605042,"SGZ","LUAD"
"337","TCGA-97-7552-01",0.2,1.9815982937136,505,49,0.966336633663366,1,0.983606557377049,"SGZ","LUAD"
"338","TCGA-97-7553-01",0.23,2.49408146550273,547,141,0.892138939670932,1,0.965163934426229,"SGZ","LUAD"
"339","TCGA-97-7554-01",0.3,2.84630984920904,926,58,0.529157667386609,0.950920245398773,0.983640081799591,"SGZ","LUAD"
"340","TCGA-97-7937-01",0.52,4.1066605005359,828,50.5,0.291062801932367,0.933609958506224,0.962655601659751,"SGZ","LUAD"
"341","TCGA-97-7938-01",0.59,2.04375438133855,640,56,0.5578125,0.991596638655462,0.966386554621849,"SGZ","LUAD"
"342","TCGA-97-7941-01",0.35,1.97296421821014,349,60,0.911174785100286,1,0.959119496855346,"SGZ","LUAD"
"343","TCGA-97-8171-01",0.84,2.25512477731532,558,61,0.120071684587814,0.985074626865672,0.761194029850746,"SGZ","LUAD"
"344","TCGA-97-8172-01",0.3,1.97530711631176,644,55,0.700310559006211,0.964523281596452,0.980044345898004,"SGZ","LUAD"
"345","TCGA-97-8174-01",0.29,3.66525050700926,647,70,0.683153013910355,0.997685185185185,0.972222222222222,"SGZ","LUAD"
"346","TCGA-97-8175-01",0.37,2.07011073845164,539,96,0.87012987012987,1,0.970149253731343,"SGZ","LUAD"
"347","TCGA-97-8176-01",0.41,1.9915023242997,493,82,0.685598377281947,0.979289940828402,0.952662721893491,"SGZ","LUAD"
"348","TCGA-97-8177-01",0.2,2.23885213514958,384,92,0.716145833333333,0.996336996336996,0.985347985347985,"SGZ","LUAD"
"349","TCGA-97-8179-01",0.52,2.89115169600145,585,97,0.687179487179487,0.970149253731343,0.970149253731343,"SGZ","LUAD"
"350","TCGA-97-8547-01",0.44,1.89164932736816,435,70,0.698850574712644,1,0.969491525423729,"SGZ","LUAD"
"351","TCGA-97-8552-01",0.31,2.18102609369213,404,60,0.596534653465347,1,0.969298245614035,"SGZ","LUAD"
"352","TCGA-97-A4LX-01",0.17,1.87935306377734,486,74,0.969135802469136,1,0.987261146496815,"SGZ","LUAD"
"353","TCGA-97-A4M0-01",0.51,3.73186317008718,811,57,0.418002466091245,0.990990990990991,0.966966966966967,"SGZ","LUAD"
"354","TCGA-97-A4M1-01",0.3,2.85132912591457,420,67,0.759523809523809,1,0.968152866242038,"SGZ","LUAD"
"355","TCGA-97-A4M2-01",0.15,2.00143055213007,440,56.5,0.954545454545455,1,0.978102189781022,"SGZ","LUAD"
"356","TCGA-97-A4M3-01",0.62,2.03458018084544,562,68.5,0.596085409252669,0.985074626865672,0.958208955223881,"SGZ","LUAD"
"357","TCGA-97-A4M5-01",0.24,1.85143461935542,575,83,0.970434782608696,1,0.991023339317774,"SGZ","LUAD"
"358","TCGA-97-A4M6-01",0.4,1.86142718704198,274,57,0.781021897810219,1,0.967289719626168,"SGZ","LUAD"
"359","TCGA-97-A4M7-01",0.26,2.13553566739076,684,65,0.799707602339181,0.988888888888889,0.981481481481482,"SGZ","LUAD"
"360","TCGA-99-7458-01",0.26,1.87313043576915,848,68,0.857311320754717,0.986168741355463,0.975103734439834,"SGZ","LUAD"
"361","TCGA-99-8025-01",0.44,4.25528315109975,1154,78,0.5736568457539,0.910470409711684,0.968133535660091,"SGZ","LUAD"
"362","TCGA-99-8028-01",0.15,1.82312808439301,1092,89,0.982600732600733,0.999068033550792,0.985088536812675,"SGZ","LUAD"
"363","TCGA-99-8032-01",0.21,2.7025058680532,733,79,0.705320600272851,0.969052224371373,0.986460348162476,"SGZ","LUAD"
"364","TCGA-99-8033-01",0.27,2.97508186600038,424,58,0.634433962264151,0.992565055762082,0.973977695167286,"SGZ","LUAD"
"365","TCGA-99-AA5R-01",0.34,2.00338050543045,626,51,0.908945686900958,1,0.97864768683274,"SGZ","LUAD"
"366","TCGA-J2-8192-01",0.28,1.95892467522838,353,77,0.473087818696884,0.987730061349693,0.96319018404908,"SGZ","LUAD"
"367","TCGA-J2-8194-01",0.44,3.38408377120304,424,71,0.580188679245283,0.991869918699187,0.959349593495935,"SGZ","LUAD"
"368","TCGA-J2-A4AD-01",0.37,1.95743486760329,648,67,0.490740740740741,0.974522292993631,0.964968152866242,"SGZ","LUAD"
"369","TCGA-J2-A4AE-01",0.46,2.1518160480831,332,51.5,0.632530120481928,1,0.952380952380952,"SGZ","LUAD"
"370","TCGA-J2-A4AG-01",0.19,1.90643453553363,349,51,0.916905444126075,0.99375,0.96875,"SGZ","LUAD"
"371","TCGA-L4-A4E5-01",0.62,1.77522631101148,642,55,0.551401869158878,0.951977401129944,0.96045197740113,"SGZ","LUAD"
"372","TCGA-L9-A443-01",0.46,3.46866906339826,572,53,0.505244755244755,0.955017301038062,0.975778546712803,"SGZ","LUAD"
"373","TCGA-L9-A444-01",0.37,2.72682489572305,854,58,0.489461358313817,0.921052631578947,0.983253588516746,"SGZ","LUAD"
"374","TCGA-L9-A50W-01",0.75,1.91419526441078,553,44,0.264014466546112,0.992857142857143,0.864285714285714,"SGZ","LUAD"
"375","TCGA-L9-A5IP-01",0.53,2.60376417067921,783,51,0.579821200510856,0.975770925110132,0.969162995594714,"SGZ","LUAD"
"376","TCGA-L9-A743-01",0.16,1.7509156368044,656,46,0.69359756097561,1,0.973273942093541,"SGZ","LUAD"
"377","TCGA-L9-A7SV-01",0.79,3.08695240257671,2436,56,0.198686371100164,0.926624737945493,0.966457023060797,"SGZ","LUAD"
"378","TCGA-L9-A8F4-01",0.31,1.89213054956512,1413,52,0.368719037508846,0.955854126679463,0.973128598848369,"SGZ","LUAD"
"379","TCGA-MN-A4N1-01",0.59,2.62710020494333,1033,62,0.408518877057115,0.893111638954869,0.95249406175772,"SGZ","LUAD"
"380","TCGA-MN-A4N4-01",0.33,2.0656682272103,2222,77,0.522502250225023,0.959578207381371,0.991212653778559,"SGZ","LUAD"
"381","TCGA-MN-A4N5-01",0.35,3.29628440610465,855,70,0.622222222222222,0.973384030418251,0.980988593155893,"SGZ","LUAD"
"382","TCGA-MP-A4SV-01",0.31,2.26259513815752,719,67,0.557719054242003,0.986979166666667,0.984375,"SGZ","LUAD"
"383","TCGA-MP-A4SW-01",0.34,2.10908710105391,302,71,0.798013245033113,0.983402489626556,0.975103734439834,"SGZ","LUAD"
"384","TCGA-MP-A4SY-01",0.18,2.51611027329178,472,73,0.684322033898305,0.99375,0.984375,"SGZ","LUAD"
"385","TCGA-MP-A4T2-01",0.34,1.99042574714606,361,56,0.642659279778393,0.974137931034483,0.974137931034483,"SGZ","LUAD"
"386","TCGA-MP-A4T7-01",0.31,3.16264320535907,455,60,0.617582417582418,0.99288256227758,0.97508896797153,"SGZ","LUAD"
"387","TCGA-MP-A4T8-01",0.55,3.19854146690546,421,53,0.36104513064133,0.986206896551724,0.917241379310345,"SGZ","LUAD"
"388","TCGA-MP-A4T9-01",0.15,2.1479068739105,387,65,0.925064599483204,1,0.980446927374302,"SGZ","LUAD"
"389","TCGA-MP-A4TA-01",0.21,1.78517814814235,672,69,0.769345238095238,0.982591876208897,0.982591876208897,"SGZ","LUAD"
"390","TCGA-MP-A4TC-01",0.27,2.73678175185151,612,64.5,0.594771241830065,0.988950276243094,0.966850828729282,"SGZ","LUAD"
"391","TCGA-MP-A4TE-01",0.64,3.16851123075134,420,72,0.376190476190476,0.946666666666667,0.953333333333333,"SGZ","LUAD"
"392","TCGA-MP-A4TF-01",0.31,4.6817306590579,752,66,0.589095744680851,0.952595936794582,0.981941309255079,"SGZ","LUAD"
"393","TCGA-MP-A4TH-01",0.39,2.09541634497391,382,57,0.759162303664921,0.996491228070175,0.975438596491228,"SGZ","LUAD"
"394","TCGA-MP-A4TI-01",0.16,1.77858737496022,634,82,0.944794952681388,0.998330550918197,0.996661101836394,"SGZ","LUAD"
"395","TCGA-MP-A4TK-01",0.3,2.36393395788189,746,69,0.648793565683646,0.989561586638831,0.985386221294363,"SGZ","LUAD"
"396","TCGA-MP-A5C7-01",0.82,2.02326312001,312,79,0.266025641025641,0.939759036144578,0.807228915662651,"SGZ","LUAD"
"397","TCGA-NJ-A4YF-01",0.54,3.11050956557557,1212,77,0.608910891089109,0.903794037940379,0.970189701897019,"SGZ","LUAD"
"398","TCGA-NJ-A4YG-01",0.23,2.454839536893,475,82,0.863157894736842,0.995121951219512,0.970731707317073,"SGZ","LUAD"
"399","TCGA-NJ-A4YI-01",0.57,3.50890013650354,865,77,0.480924855491329,0.980769230769231,0.980769230769231,"SGZ","LUAD"
"400","TCGA-NJ-A4YP-01",0.36,2.14626851821474,1044,78,0.792145593869732,0.983910891089109,0.991336633663366,"SGZ","LUAD"
"401","TCGA-NJ-A4YQ-01",0.27,1.65373175025652,1718,72,0.89755529685681,0.997385620915033,0.995424836601307,"SGZ","LUAD"
"402","TCGA-NJ-A55A-01",0.15,1.99167517995772,397,63,0.949622166246851,1,0.989333333333333,"SGZ","LUAD"
"403","TCGA-NJ-A55R-01",0.32,2.04205566643869,623,92,0.476725521669342,0.989690721649485,0.982817869415808,"SGZ","LUAD"
"404","TCGA-NJ-A7XG-01",0.34,1.8951797571043,533,39,0.628517823639775,0.996978851963746,0.969788519637462,"SGZ","LUAD"
"405","TCGA-O1-A52J-01",0.48,3.62662911957157,475,76,0.597894736842105,0.99250936329588,0.966292134831461,"SGZ","LUAD"
"406","TCGA-S2-AA1A-01",0.3,2.47360708963139,644,45,0.597826086956522,1,0.955844155844156,"SGZ","LUAD"
"407","TCGA-05-4384-01",0.43,2.04401063838938,433,60,0.831408775981524,1,0.988826815642458,"SGZ","LUAD"
"408","TCGA-05-4390-01",0.63,3.79351542700007,877,66,0.343215507411631,0.942567567567568,0.952702702702703,"SGZ","LUAD"
"409","TCGA-38-4631-01",0.49,4.14703330182107,1125,62,0.444444444444444,0.942,0.966,"SGZ","LUAD"
"410","TCGA-38-4632-01",0.4,3.51397081909563,1158,59,0.529360967184801,0.960591133004926,0.972085385878489,"SGZ","LUAD"
"411","TCGA-38-6178-01",0.32,3.84558826095344,335,57,0.585074626865672,0.951612903225806,0.940860215053763,"SGZ","LUAD"
"412","TCGA-49-4488-01",0.51,3.58840199780724,591,61,0.49238578680203,0.93127147766323,0.914089347079038,"SGZ","LUAD"
"413","TCGA-50-5930-01",0.34,2.12231643896044,1770,63,0.790960451977401,0.988962472406181,0.99411331861663,"SGZ","LUAD"
"414","TCGA-50-5931-01",0.69,3.8260275085549,580,52,0.170689655172414,0.878787878787879,0.939393939393939,"SGZ","LUAD"
"415","TCGA-50-5932-01",0.83,1.81870067350266,302,53,0.208609271523179,1,0.896551724137931,"SGZ","LUAD"
"416","TCGA-50-5933-01",0.29,2.9584201858173,992,62,0.798387096774194,0.978535353535353,0.98989898989899,"SGZ","LUAD"
"417","TCGA-50-5935-01",0.52,3.17180182803763,371,64,0.539083557951482,0.97,0.955,"SGZ","LUAD"
"418","TCGA-50-5941-01",0.29,2.47360729538286,720,77.5,0.668055555555556,0.997920997920998,0.983367983367983,"SGZ","LUAD"
"419","TCGA-50-5942-01",0.7,1.95233064960465,341,55,0.469208211143695,0.975,0.94375,"SGZ","LUAD"
"420","TCGA-50-5944-01",0.55,3.32089422989264,362,54,0.353591160220994,0.9296875,0.9140625,"SGZ","LUAD"
"421","TCGA-50-6591-01",0.43,2.67716303157798,240,54,0.3625,0.890243902439024,0.98780487804878,"SGZ","LUAD"
"422","TCGA-50-6592-01",0.23,2.35449699965747,602,65.5,0.712624584717608,0.990267639902676,0.987834549878346,"SGZ","LUAD"
"423","TCGA-50-6593-01",0.31,2.80861905484103,637,68,0.731554160125589,0.993562231759657,0.974248927038627,"SGZ","LUAD"
"424","TCGA-50-6594-01",0.62,3.58600837955379,1079,59,0.435588507877665,0.961702127659574,0.929787234042553,"SGZ","LUAD"
"425","TCGA-55-6543-01",0.65,2.28530125357481,282,56,0.464539007092199,0.9921875,0.9375,"SGZ","LUAD"
"426","TCGA-67-4679-01",0.69,2.04150483882522,629,58,0.41335453100159,0.992307692307692,0.969230769230769,"SGZ","LUAD"
"427","TCGA-67-6215-01",0.69,2.23604233804412,395,60,0.450632911392405,0.959302325581395,0.941860465116279,"SGZ","LUAD"
"428","TCGA-67-6216-01",0.35,1.96150343885838,309,56,0.818770226537217,1,0.958677685950413,"SGZ","LUAD"
"429","TCGA-67-6217-01",0.33,2.02685819277641,468,66.5,0.420940170940171,0.954314720812183,0.974619289340102,"SGZ","LUAD"
"430","TCGA-73-4676-01",0.52,2.55418976722544,341,52,0.621700879765396,0.965174129353234,0.965174129353234,"SGZ","LUAD"
"431","TCGA-75-5122-01",0.18,2.52340427455279,430,64,0.702325581395349,0.990066225165563,0.970198675496689,"SGZ","LUAD"
"432","TCGA-75-5125-01",0.31,2.99786785542869,444,56.5,0.506756756756757,0.981481481481482,0.967592592592593,"SGZ","LUAD"
"433","TCGA-75-5126-01",0.28,1.99994924535359,1141,65,0.715162138475022,0.995098039215686,0.982843137254902,"SGZ","LUAD"
"434","TCGA-75-6203-01",0.27,2.26238998962784,367,54,0.874659400544959,1,0.984227129337539,"SGZ","LUAD"
"435","TCGA-75-6205-01",0.17,1.8504558962135,329,51,0.90273556231003,0.996402877697842,0.989208633093525,"SGZ","LUAD"
"436","TCGA-75-6206-01",0.64,3.21560334645938,330,57.5,0.281818181818182,0.978494623655914,0.946236559139785,"SGZ","LUAD"
"437","TCGA-75-6207-01",0.62,1.94091858503953,578,52,0.441176470588235,0.988,0.94,"SGZ","LUAD"
"438","TCGA-75-6211-01",0.37,3.10852327767246,689,56,0.574746008708273,0.96640826873385,0.974160206718346,"SGZ","LUAD"
"439","TCGA-75-6212-01",0.39,2.82398138312446,260,61.5,0.603846153846154,1,0.968152866242038,"SGZ","LUAD"
"440","TCGA-86-6562-01",0.45,3.42979162841755,345,62,0.56231884057971,0.979381443298969,0.95360824742268,"SGZ","LUAD"
