"","SampleId","Purity_ABS","Ploidy_ABS","Purity_PCN_t","Ploidy_PCN_t","Purity_PCN_p","Ploidy_PCN_p","Purity_FACETS","Ploidy_FACETS","Sample"
"1","TCGA-04-1542-01",0.94,3.1,0.87,3.00296457240944,0.87,3.00170989074103,0.862257850066357,2.98474265791295,"OV"
"2","TCGA-04-1655-01",0.94,4.67,0.87,4.4412728408462,0.88,4.45171342376005,0.876070996069712,4.80227680303947,"OV"
"3","TCGA-09-0365-01",0.94,4.38,0.92,4.33190940634879,0.94,4.33029830199705,0.920436931176243,4.50235580720898,"OV"
"4","TCGA-09-0369-01",0.9,2.64,0.87,2.5988341134995,0.88,2.59824945280836,0.81981612175001,2.90998706405884,"OV"
"5","TCGA-09-1673-01",0.87,4.07,0.87,4.07974372886669,0.86,4.08111535461053,0.854175786473739,4.04515533796836,"OV"
"6","TCGA-09-1674-01",0.95,3.5,0.85,3.4280586746245,0.87,3.43313094155446,0.866101734586641,4.29403856824058,"OV"
"7","TCGA-09-1675-01",0.95,1.8,0.91,1.82243775023156,0.92,1.8224495951244,0.884080365568004,1.84899231279979,"OV"
"8","TCGA-09-2049-01",0.97,3.2,0.87,3.26819508143351,0.88,3.2679698948669,0.880737385012116,3.53254464358872,"OV"
"9","TCGA-09-2050-01",0.96,1.75,0.93,1.75303684271155,0.94,1.75279104408196,0.946764433204213,1.75773653009521,"OV"
"10","TCGA-09-2051-01",0.74,3.04,0.63,3.54511166447542,0.7,4.46039938245142,0.809302042157398,2.3905776043087,"OV"
"11","TCGA-09-2053-01",0.81,1.74,0.66,1.68830473865202,0.66,1.68871213555715,0.686750834224703,2.21648560579057,"OV"
"12","TCGA-09-2055-01",0.82,1.92,0.81,1.92918853031484,0.81,1.9290305848056,0.80341450056984,1.95955126828582,"OV"
"13","TCGA-10-0930-01",0.66,3.48,0.65,3.43547250480775,0.65,3.43853857802228,0.638741604558472,3.52015247879568,"OV"
"14","TCGA-10-0933-01",0.91,2.62,0.89,2.59712463582826,0.89,2.59691515395212,0.890500778297212,2.65801356635571,"OV"
"15","TCGA-10-0934-01",0.91,2.02,0.86,2.02187628123285,0.86,2.02197519132642,0.856168669503211,2.0979703116299,"OV"
"16","TCGA-10-0935-01",0.95,3.26,0.92,3.16382020737997,0.93,3.16255591169219,0.908389811372914,3.18778074212576,"OV"
"17","TCGA-13-0726-01",0.73,2,0.66,1.98139215110932,0.66,1.9775596319446,0.507050285402398,4.2205553379511,"OV"
"18","TCGA-13-0751-01",0.93,2.84,0.91,2.80752832415024,0.92,2.80707918299924,0.888781842154865,2.86589189046287,"OV"
"19","TCGA-13-0757-01",0.77,4.01,0.71,3.89963203727523,0.7,3.94237912967906,0.721549363790764,3.77857605190373,"OV"
"20","TCGA-13-0807-01",0.77,3.03,0.71,3.02929399704204,0.71,3.02982248722971,0.699254478413116,3.39218323491206,"OV"
"21","TCGA-13-0885-01",0.49,4.32,0.51,4.21796226500117,0.5,4.22797892224118,0.501024219404921,4.48884614423731,"OV"
"22","TCGA-13-0887-01",0.91,1.84,0.65,3.58429467867576,0.7,3.52139246293581,0.728577768323896,3.66085472924354,"OV"
"23","TCGA-13-0890-01",0.57,1.69,0.55,1.71626717668236,0.55,1.71189546473629,0.442560745133064,3.37132771467094,"OV"
"24","TCGA-13-0893-01",0.71,3.27,0.63,4.37952822875939,0.63,4.5139513693517,0.706664957926614,3.24848616192458,"OV"
"25","TCGA-13-0897-01",0.81,2.01,0.79,1.99211933441311,0.79,1.99209148500258,0.806998284115334,1.97014378034399,"OV"
"26","TCGA-13-0903-01",0.88,1.86,0.85,1.86519413659219,0.85,1.86514886695314,0.823199719030926,1.92199867060322,"OV"
"27","TCGA-13-0910-01",0.77,1.77,0.73,1.72908757257082,0.73,1.72920381193458,0.726037147505197,1.86086894773467,"OV"
"28","TCGA-13-0912-01",0.94,1.88,0.92,1.89555755778429,0.92,1.89564670941611,0.915478076603224,1.9340330283688,"OV"
"29","TCGA-13-1405-01",0.68,1.7,0.62,1.66381011603661,0.61,1.67021445461805,0.613182949591915,1.77944460446887,"OV"
"30","TCGA-13-1481-01",0.65,1.83,0.43,4.30948836166271,0.43,4.374519851491,0.458087107977021,3.98619078591951,"OV"
"31","TCGA-13-1482-01",0.86,1.91,0.84,1.91720925447964,0.84,1.91720046720237,0.825449675959922,1.92349995861603,"OV"
"32","TCGA-13-1483-01",0.77,1.93,0.67,1.95266031125047,0.67,1.95029407773912,0.552811103836121,4.1975920507467,"OV"
"33","TCGA-13-1488-01",0.73,2.69,0.6,2.90002094810877,0.61,2.89996429216797,0.652660614134829,3.59021027833949,"OV"
"34","TCGA-13-1491-01",0.9,1.67,0.88,1.64100981308893,0.88,1.64082013233545,0.882460027396122,1.62435660867609,"OV"
"35","TCGA-13-1497-01",0.85,2.79,0.79,2.84575901902181,0.79,2.84735249928199,0.805726691978228,2.82729391808552,"OV"
"36","TCGA-13-1498-01",0.89,1.95,0.86,1.9037568287152,0.86,1.90231510708351,0.746688969760044,3.85504510727842,"OV"
"37","TCGA-13-1499-01",0.42,2.76,0.41,2.78272306581923,0.41,2.78140377991019,0.434883302093971,2.89412418259126,"OV"
"38","TCGA-13-1500-01",0.74,1.86,0.74,1.87273698394391,0.61,3.72254530472937,0.779999036011369,1.84220038911015,"OV"
"39","TCGA-13-1506-01",0.94,3.33,0.89,3.22360638243408,0.89,3.23245517463321,0.828537361011659,3.33563016593714,"OV"
"40","TCGA-13-1507-01",0.73,2.91,0.67,2.84943108967211,0.67,2.84874908993636,0.674300024510147,2.7408590479143,"OV"
"41","TCGA-13-1509-01",0.78,1.76,0.71,1.74939059981554,0.71,1.74925391089186,0.688176323148549,1.73510774089906,"OV"
"42","TCGA-13-2060-01",0.65,3.38,0.58,3.30366611411943,0.58,3.30837739039279,0.55248508092121,3.4011198864254,"OV"
"43","TCGA-20-1682-01",0.82,1.76,0.76,1.82858647147607,0.76,1.82817421589642,0.610379769732829,3.73354244361806,"OV"
"44","TCGA-20-1683-01",0.89,3,0.85,2.93255627980133,0.86,2.93234074457549,0.820279223129967,3.19304326098734,"OV"
"45","TCGA-20-1684-01",0.96,2.95,0.91,2.87182693908629,0.92,2.87181980585096,0.858936546419642,3.03184145703341,"OV"
"46","TCGA-20-1685-01",0.74,3.26,0.69,3.36073575025312,0.69,3.35784926239837,0.665023595610742,3.45449863975749,"OV"
"47","TCGA-20-1686-01",0.82,3.25,0.7,3.30364045597932,0.7,3.2965941391009,0.690696837932852,3.34423001893958,"OV"
"48","TCGA-20-1687-01",0.76,3.54,0.76,3.56444126128597,0.76,3.55803178789977,0.712313976861135,3.55945553941427,"OV"
"49","TCGA-23-1029-01",0.83,1.92,0.77,1.87627193402524,0.77,1.87550926336553,0.584354023975981,4.08634064032366,"OV"
"50","TCGA-23-1111-01",0.83,4.22,0.73,4.19614003447634,0.72,4.20570435852412,0.79339608397966,4.41678118745257,"OV"
"51","TCGA-23-1114-01",0.76,4.19,0.57,4.54180785029062,0.56,4.52288560337812,0.674714329500949,4.51205694277059,"OV"
"52","TCGA-23-1809-01",0.8,3.71,0.77,3.64351673187457,0.77,3.64985374128359,0.718995957468894,3.94553982467638,"OV"
"53","TCGA-23-2072-01",0.81,2.69,0.78,2.70138366154766,0.76,2.70159137766456,0.739657478145085,2.65078855464989,"OV"
"54","TCGA-23-2077-01",0.47,6.14,0.56,2.83384617721324,0.55,2.85139073676872,0.480776570622466,3.56374956613818,"OV"
"55","TCGA-23-2078-01",0.6,1.98,0.67,3.00418568995954,0.48,3.82579546903755,0.657469277470129,2.32264194727377,"OV"
"56","TCGA-23-2079-01",0.79,2.51,0.75,2.46614721084547,0.75,2.46623588348596,0.724152216826332,2.6779387314103,"OV"
"57","TCGA-23-2081-01",0.91,1.87,0.8,1.83142524583486,0.8,1.83162098747944,0.812451747860261,1.91194726774758,"OV"
"58","TCGA-23-2084-01",0.69,3.25,0.75,2.77407302663873,0.75,2.77407659486112,0.661682684654028,1.75732874361495,"OV"
"59","TCGA-24-0980-01",0.73,1.88,0.74,1.93302045264695,0.74,1.93248681784543,0.743465785610323,2.01971907267728,"OV"
"60","TCGA-24-0982-01",0.75,2.86,0.71,2.75017628456391,0.71,2.75593340253546,0.720203915491051,3.05586803310874,"OV"
"61","TCGA-24-1103-01",0.96,1.88,0.92,1.8870584607902,0.93,1.88698573056648,0.902471007789679,1.95618796943903,"OV"
"62","TCGA-24-1104-01",0.72,1.96,0.64,1.96371385690804,0.64,1.96349547407487,0.478888584907902,4.23652134726149,"OV"
"63","TCGA-24-1413-01",0.93,1.76,0.84,3.37220565198226,0.85,3.37238501325338,0.849493468104463,3.50433608894779,"OV"
"64","TCGA-24-1416-01",0.82,3.7,0.8,3.68761755068432,0.8,3.68739922312201,0.878764025123132,2.01088517175304,"OV"
"65","TCGA-24-1417-01",0.69,3.05,0.64,3.12441040916664,0.65,3.12679694229491,0.637397841279588,3.23011993544302,"OV"
"66","TCGA-24-1418-01",0.77,3.08,0.72,2.98797607614753,0.72,2.98720947712076,0.719592555171824,2.94837177582907,"OV"
"67","TCGA-24-1424-01",0.76,4.1,0.68,4.19524490446502,0.68,4.19383746915618,0.742038669330272,4.42540638387069,"OV"
"68","TCGA-24-1425-01",0.66,1.83,0.61,1.80625474616503,0.6,1.81332667891769,0.51780093318225,2.67663934604538,"OV"
"69","TCGA-24-1427-01",0.57,3.09,0.57,3.08417866814628,0.57,3.05961198206869,0.559107749829524,3.05856110499046,"OV"
"70","TCGA-24-1428-01",0.82,3.3,0.78,3.37917196134509,0.78,3.37968635343127,0.840427224616169,3.31437696159341,"OV"
"71","TCGA-24-1435-01",0.71,3.76,0.67,3.8134732726867,0.67,3.81278182042065,0.631491279800745,4.02040019295697,"OV"
"72","TCGA-24-1436-01",0.78,2.61,0.75,2.58217908603823,0.74,2.58990873885581,0.721319629203018,2.87269929307041,"OV"
"73","TCGA-24-1463-01",0.84,1.75,0.83,1.70692620676487,0.83,1.7068513333421,0.718971231586415,3.5118178445245,"OV"
"74","TCGA-24-1464-01",0.85,1.91,0.64,3.72133414896128,0.64,3.72361114388765,0.645459998915461,3.95598109030453,"OV"
"75","TCGA-24-1469-01",0.87,3.26,0.42,3.05576607718695,0.86,4.88197191846062,0.838727681390084,3.15956599594272,"OV"
"76","TCGA-24-1470-01",0.84,1.95,0.82,1.9284695373332,0.82,1.92831481396509,0.821944890872783,1.93902472091288,"OV"
"77","TCGA-24-1549-01",0.85,3.69,0.78,3.63169003485672,0.77,3.63238221194311,0.776006779162676,3.82666159986866,"OV"
"78","TCGA-24-1562-01",0.84,1.81,0.79,1.77471969799475,0.79,1.77491064187569,0.806258246322037,1.84787017646101,"OV"
"79","TCGA-24-1563-01",0.85,2,0.72,2.01658291101889,0.71,2.01668782561108,0.668467907159198,1.95836415255791,"OV"
"80","TCGA-24-1616-01",0.8,3.44,0.82,3.42214992925143,0.83,3.42116264884662,0.811122540190958,3.59969678682057,"OV"
"81","TCGA-24-1842-01",0.68,3.59,0.66,3.52586889519941,0.66,3.52517576799282,0.627985823109444,3.80759117548888,"OV"
"82","TCGA-24-1843-01",0.77,2.8,0.72,2.81498255206727,0.72,2.80929748976716,0.719999721310809,2.85294421014669,"OV"
"83","TCGA-24-1844-01",0.86,3.47,0.52,4.1360205667313,0.52,4.11569550824278,0.77932313079878,3.64184946003966,"OV"
"84","TCGA-24-1845-01",0.86,3.44,0.88,3.47461446186778,0.89,3.49125014896582,0.8727916388729,2.33965765058286,"OV"
"85","TCGA-24-1846-01",0.9,1.7,0.89,1.74189700917127,0.91,1.74083572148235,0.898491801908641,1.77798134644948,"OV"
"86","TCGA-24-1847-01",0.54,3.36,0.46,3.28003252875511,0.46,3.27900196668979,0.457349231214825,3.55393634006521,"OV"
"87","TCGA-24-1850-01",0.77,2.7,0.71,2.71839805329147,0.71,2.67689030503224,0.714255953093826,2.92562130339583,"OV"
"88","TCGA-24-1927-01",0.82,1.91,0.73,1.907472145364,0.73,1.91305884409769,0.735650035114233,2.00230977081325,"OV"
"89","TCGA-24-2019-01",0.85,2.91,0.72,3.00775194516034,0.72,3.00765740129788,0.767405455262668,2.97775747656207,"OV"
"90","TCGA-24-2024-01",0.91,1.79,0.85,1.75852361148133,0.85,1.75852361148133,0.845727167476562,1.86427107310807,"OV"
"91","TCGA-24-2030-01",0.86,3.05,0.79,2.91943066194816,0.79,2.92658156797595,0.769797252237896,3.20333610328102,"OV"
"92","TCGA-24-2033-01",0.82,3.32,0.77,3.22311962862186,0.77,3.21617903631189,0.728757512707702,3.31051198902284,"OV"
"93","TCGA-24-2035-01",0.61,1.98,0.61,1.94526161878793,0.61,1.94555471888833,0.624965792021878,2.33954106076928,"OV"
"94","TCGA-24-2038-01",0.97,2.22,0.91,2.20274077900559,0.91,2.20273728965369,0.886503324599544,2.32284210434385,"OV"
"95","TCGA-24-2254-01",0.81,1.72,0.78,1.74921891951197,0.78,1.74924272895409,0.799394705881914,1.77219687016231,"OV"
"96","TCGA-24-2260-01",0.84,3.15,0.78,3.17605682967589,0.77,3.17474661752302,0.816866439666188,3.24941619896999,"OV"
"97","TCGA-24-2261-01",0.74,2.77,0.68,2.84969896631562,0.68,2.8497167126335,0.698250892733839,3.04830692521142,"OV"
"98","TCGA-24-2262-01",0.7,2.02,0.75,1.98017231599568,0.74,1.98015912420353,0.728653041989978,2.04635980728614,"OV"
"99","TCGA-24-2267-01",0.57,2.84,0.56,2.93194745580578,0.56,2.93158138288886,0.539807363555825,2.96087874771803,"OV"
"100","TCGA-24-2271-01",0.68,1.88,0.68,1.86553222817314,0.67,1.86553587237081,0.564537470607243,4.09570681239802,"OV"
"101","TCGA-24-2280-01",0.59,3.56,0.53,3.53590901006107,0.52,3.52426757593543,0.509209075698255,2.23065351384793,"OV"
"102","TCGA-24-2281-01",0.5,3.4,0.5,3.62762901280855,0.5,3.63064751253302,0.465344955643677,4.03565088852851,"OV"
"103","TCGA-24-2288-01",0.52,4.47,0.61,3.02042039790774,0.61,3.00110699818065,0.585539797824649,3.59666199049405,"OV"
"104","TCGA-24-2289-01",0.61,2.54,0.59,2.50925131006267,0.58,2.55460780022204,0.461114264235453,5.50148567621036,"OV"
"105","TCGA-24-2290-01",0.81,3.66,0.75,3.61889487790325,0.75,3.61892687528016,0.789832607492912,3.55738179137933,"OV"
"106","TCGA-24-2293-01",0.39,2.81,0.55,2.5740738257325,0.55,2.54694193110637,0.536495608278742,2.42733192603104,"OV"
"107","TCGA-24-2295-01",0.89,4.45,0.95,4.53383927836143,0.81,4.54532065807952,0.884277558315735,4.61382818668852,"OV"
"108","TCGA-24-2298-01",0.72,2.69,0.72,2.58661622905576,0.72,2.58613289875525,0.686415608864121,2.60265628750993,"OV"
"109","TCGA-25-1315-01",0.94,1.91,0.85,1.90280049143875,0.81,1.90288205317205,0.70018939824746,4.14722411976863,"OV"
"110","TCGA-25-1319-01",0.89,3.34,0.86,3.42428241976555,0.87,3.42536481802582,0.802260850083662,3.45972845202265,"OV"
"111","TCGA-25-1322-01",0.75,1.89,0.68,1.89613737933031,0.71,1.89895025024494,0.57552664186256,4.23682244170044,"OV"
"112","TCGA-25-1323-01",0.73,3.32,0.47,3.74088128967403,0.68,4.18573174857391,0.659229720024936,3.48834690119878,"OV"
"113","TCGA-25-2042-01",0.5,1.88,0.51,2.8569556459839,0.47,2.90739735742315,0.535513377825601,2.45542201702534,"OV"
"114","TCGA-25-2391-01",0.88,1.87,0.85,1.81781852779725,0.85,1.81773660892693,0.855699766150007,1.83605618616882,"OV"
"115","TCGA-25-2392-01",0.59,4.71,0.64,4.64358039663623,0.61,4.66169098340216,0.531088570100201,4.58107323861517,"OV"
"116","TCGA-25-2393-01",0.84,2.88,0.81,2.97899901363068,0.8,2.97889949249152,0.821166099445232,2.9278427591369,"OV"
"117","TCGA-25-2399-01",0.84,1.94,0.76,1.90771351056389,0.76,1.90770615749717,0.588364741675618,3.97481818791071,"OV"
"118","TCGA-25-2400-01",0.83,3.72,0.72,4.05279519472174,0.72,4.05696553667785,0.766638859021564,3.99077524209031,"OV"
"119","TCGA-25-2401-01",0.62,1.93,0.59,1.92308483265253,0.59,1.92324089752535,0.625768670543031,1.97358921210706,"OV"
"120","TCGA-25-2404-01",0.63,3.04,0.59,3.07020480945672,0.58,3.07007471119939,0.577378041757448,3.26642668300259,"OV"
"121","TCGA-29-1690-01",0.79,2.08,0.45,3.16120983948951,0.46,3.15931321975944,0.800498353333209,1.56870806483277,"OV"
"122","TCGA-29-1691-01",0.91,3.12,0.84,3.15380680750837,0.85,3.15347021533155,0.814713302894324,3.48715040607004,"OV"
"123","TCGA-29-1693-01",0.77,3.61,0.7,3.5646670468977,0.7,3.56503000311525,0.665043222734465,4.12095271222953,"OV"
"124","TCGA-29-1694-01",0.79,1.83,0.74,1.75646446435915,0.73,1.76957536857645,0.68807576740661,1.90169598666574,"OV"
"125","TCGA-29-1695-01",0.66,3.41,0.6,3.33469108460599,0.6,3.33382080520414,0.617056891193162,3.27670196624603,"OV"
"126","TCGA-29-1696-01",0.95,1.94,0.9,1.96063924539975,0.91,1.9606959156317,0.905405305318763,2.00839285690076,"OV"
"127","TCGA-29-1697-01",0.98,1.71,0.91,1.66927085857416,0.93,1.66924514747677,0.841919178689905,3.3112425325972,"OV"
"128","TCGA-29-1698-01",0.6,5.89,0.61,3.34464863207323,0.61,3.34627621135669,0.567620709526002,3.90078825023769,"OV"
"129","TCGA-29-1699-01",0.61,5.61,0.6,5.49851805716572,0.6,5.49782817907746,0.363547008017408,3.56326457222322,"OV"
"130","TCGA-29-1701-01",0.71,3.35,0.55,3.47275383667712,0.55,3.47162032524845,0.598781385603767,3.59694388020447,"OV"
"131","TCGA-29-1702-01",0.97,3.41,0.87,3.47484513161916,0.88,3.47948404982996,0.910523042797774,3.38758177499415,"OV"
"132","TCGA-29-1703-01",0.93,2.85,0.91,2.79488218806546,0.91,2.79485929412591,0.89011114240121,2.75092980178837,"OV"
"133","TCGA-29-1705-01",0.79,1.89,0.73,1.8585979124171,0.73,1.85855868529192,0.737742773972461,1.86357225024077,"OV"
"134","TCGA-29-1707-01",0.88,1.88,0.77,3.74295855214306,0.78,3.75306068268569,0.822371002382078,2.03513734298801,"OV"
"135","TCGA-29-1711-01",0.84,1.93,0.79,1.95037013140988,0.79,1.95021126334835,0.796393277421716,1.96460597999752,"OV"
"136","TCGA-29-1761-01",0.81,2.69,0.6,3.14805305747809,0.52,3.37212313502484,0.637065420167297,3.97309177945067,"OV"
"137","TCGA-29-1762-01",0.89,1.71,0.85,1.72865907329152,0.85,1.72863560274542,0.855164479360601,1.84473341865406,"OV"
"138","TCGA-29-1763-01",0.74,3.02,0.69,2.85688459497404,0.6,3.06629453121611,0.730653897853826,2.62407320954059,"OV"
"139","TCGA-29-1764-01",0.58,3.48,0.49,3.5163185193891,0.49,3.51252740183767,0.490007703789365,3.61202614087466,"OV"
"140","TCGA-29-1766-01",0.55,4.24,0.44,4.12929444536987,0.44,4.1391633529384,0.554589224953505,3.87479990075229,"OV"
"141","TCGA-29-1768-01",0.54,1.85,0.52,1.86101596845519,0.51,1.86214332230282,0.525983808885956,2.00762134082701,"OV"
"142","TCGA-29-1769-01",0.88,1.87,0.62,4.49091559568505,0.59,4.56943378610189,0.729253161324502,3.77451169178337,"OV"
"143","TCGA-29-1770-01",0.73,3.09,0.64,3.14236137053735,0.65,3.14152320255648,0.64839028041969,3.36258718706752,"OV"
"144","TCGA-29-1774-01",0.86,2.22,0.67,4.32778228934592,0.67,4.34024356859953,0.783979168022501,2.10877966625033,"OV"
"145","TCGA-29-1775-01",0.91,3.3,0.81,3.3314781098805,0.83,3.32849524967098,0.810722388186128,3.39409136451306,"OV"
"146","TCGA-29-1776-01",0.88,1.92,0.88,1.9043316065841,0.88,1.90440779062681,0.880219013519668,1.94396759172067,"OV"
"147","TCGA-29-1777-01",0.81,1.82,0.77,1.79205778836109,0.77,1.7922856348869,0.62579382091968,3.6524793052771,"OV"
"148","TCGA-29-1778-01",0.7,4.67,0.61,4.61507370688612,0.61,4.61284363254428,0.666164444855925,4.51174222762307,"OV"
"149","TCGA-29-1781-01",0.75,1.77,0.67,1.74705893429478,0.67,1.74711077379544,0.700671161047697,1.77567590216912,"OV"
"150","TCGA-29-1783-01",0.71,3.12,0.58,3.2220699674773,0.58,3.22285852184063,0.693602200733552,3.23988172916077,"OV"
"151","TCGA-29-1784-01",0.72,3.07,0.55,3.50156985746041,0.58,3.3295019642351,0.603350421833668,3.47853651560435,"OV"
"152","TCGA-29-1785-01",0.88,1.94,0.85,1.88679520979456,0.85,1.88684627356273,0.83904429329329,2.02660568590279,"OV"
"153","TCGA-29-2427-01",0.69,1.8,0.71,1.80465586496932,0.71,1.80653702845693,0.683696575086692,1.70275885658945,"OV"
"154","TCGA-30-1714-01",0.9,3.18,0.85,3.13773562981522,0.85,3.13801873026081,0.777903512168893,3.33212458378105,"OV"
"155","TCGA-30-1718-01",0.59,5.1,0.48,3.37595646679502,0.48,3.6434937139871,0.606238929166722,3.21244149722782,"OV"
"156","TCGA-30-1853-01",1,2.58,0.92,2.52491197773732,0.93,2.52488278662518,0.860191153302777,2.56670177942326,"OV"
"157","TCGA-30-1855-01",0.7,2.73,0.6,2.77084547184267,0.61,2.73235247968427,0.635519147432411,2.72804849773466,"OV"
"158","TCGA-30-1856-01",0.89,5.09,0.44,2.86352257665885,0.44,2.87167063017659,0.444900266226947,3.03218947414875,"OV"
"159","TCGA-30-1857-01",0.71,1.93,0.67,1.90769218914989,0.67,1.9076579738235,0.67778541876031,1.95312352482919,"OV"
"160","TCGA-30-1862-01",0.73,2.51,0.68,2.46686418213225,0.67,2.46666561129885,0.693494245285234,2.4446091320566,"OV"
"161","TCGA-30-1891-01",0.78,1.86,0.72,1.83326742954018,0.72,1.83366705158939,0.718714979534366,1.84086907885046,"OV"
"162","TCGA-31-1950-01",0.48,3.13,0.34,3.00481077381942,0.28,4.46267319205786,0.306113540492874,4.6992036990814,"OV"
"163","TCGA-31-1953-01",0.64,3.77,0.58,3.64587574533231,0.58,3.64585341182319,0.550914342998632,3.60847271883671,"OV"
"164","TCGA-31-1959-01",0.66,1.58,0.4,3.18657948063945,0.39,3.18696587406406,0.414423338258141,3.4047243878338,"OV"
"165","TCGA-57-1586-01",0.84,2.59,0.76,2.58045909596072,0.75,2.57908181236883,0.70738978086505,2.55898897622919,"OV"
"166","TCGA-57-1992-01",0.87,1.65,0.67,3.23849326612524,0.67,3.2394450144215,0.752943737676077,2.3203065946433,"OV"
"167","TCGA-57-1993-01",0.82,4.12,0.71,4.27540644650021,0.71,4.27661484259434,0.713697860199926,4.80125312515888,"OV"
"168","TCGA-57-1994-01",0.75,3.29,0.6,3.49715188341775,0.59,3.49848887226081,0.649354159639363,3.76811536801738,"OV"
"169","TCGA-59-2350-01",0.84,1.71,0.83,1.68266777184634,0.83,1.68270550163088,0.828787431306836,1.72300124293514,"OV"
"170","TCGA-59-2351-01",0.5,3,0.51,2.97710470877177,0.5,2.97734601266867,0.468135287844326,2.93726977100486,"OV"
"171","TCGA-59-2352-01",0.67,3.59,0.64,3.5663347216553,0.64,3.55715331951068,0.620753616517304,3.84288622387515,"OV"
"172","TCGA-59-2354-01",0.64,1.84,0.64,1.84750360913619,0.64,1.84755088473091,0.640354466467986,1.89359208889222,"OV"
"173","TCGA-59-2355-01",0.79,1.85,0.73,1.88436453479082,0.73,1.88450802075117,0.527372297625961,4.25613882323586,"OV"
"174","TCGA-59-2363-01",0.92,1.73,0.9,1.69254125754375,0.91,1.69254611916952,0.906066041739824,1.67088058200563,"OV"
"175","TCGA-61-1722-01",0.55,2.45,0.55,2.63463263195684,0.55,2.65451605247263,0.499051974865855,2.45798985426487,"OV"
"176","TCGA-61-1725-01",0.83,1.91,0.78,1.92511262647955,0.79,1.92520725594851,0.596253931216073,4.47630632991826,"OV"
"177","TCGA-61-1727-01",0.56,2.8,0.54,2.83539014452974,0.54,2.83487378713785,0.518799414144514,2.76703211642036,"OV"
"178","TCGA-61-1728-01",0.86,3.53,0.39,3.21255967028143,0.79,4.48845864195795,0.723075969943949,4.76138141810464,"OV"
"179","TCGA-61-1730-01",0.8,3.41,0.8,3.56717307241464,0.8,3.56710158510579,0.831295073963989,3.7979766420908,"OV"
"180","TCGA-61-1733-01",0.84,2.75,0.82,2.66749480391501,0.82,2.66714766668465,0.814190391675057,2.80524536439048,"OV"
"181","TCGA-61-1736-01",0.81,1.85,0.78,1.79576427416746,0.78,1.79583722150321,0.763380230203533,2.21300791857737,"OV"
"182","TCGA-61-1737-01",0.76,1.89,0.65,1.84647928028725,0.61,1.86462899372695,0.590095816098039,2.27871955832112,"OV"
"183","TCGA-61-1738-01",0.93,1.96,0.72,3.66287634071763,0.73,3.65975968550269,0.86067235290992,1.92301126981735,"OV"
"184","TCGA-61-1740-01",0.81,1.77,0.61,3.6327904388242,0.61,3.63085817704686,0.637929269353085,3.79136656407034,"OV"
"185","TCGA-61-1741-01",0.82,3.54,0.76,3.50663406784841,0.76,3.51009026416417,0.788859429087232,3.69115773144261,"OV"
"186","TCGA-61-1895-01",0.65,1.79,0.63,1.80219745730619,0.64,1.80051514827492,0.62880344725222,1.7755557391106,"OV"
"187","TCGA-61-1899-01",0.78,6.21,0.67,3.47796391949502,0.66,3.52275059032348,0.777922034965195,3.20766675111925,"OV"
"188","TCGA-61-1900-01",0.9,2.08,0.88,2.05425949336064,0.88,2.05490119255365,0.878080749035355,2.10552465718985,"OV"
"189","TCGA-61-1901-01",0.83,1.81,0.74,1.8459784971674,0.74,1.846527512412,0.711966199498828,1.75102096628739,"OV"
"190","TCGA-61-1903-01",0.86,1.94,0.86,1.90053331437266,0.87,1.90081408192673,0.899356940712545,2.04856479071029,"OV"
"191","TCGA-61-1904-01",0.58,3.88,0.58,3.91560813275833,0.58,3.91754508059089,0.613038874745849,4.19401998921706,"OV"
"192","TCGA-61-1906-01",0.79,3.25,0.73,3.16780473878255,0.74,3.16149796599366,0.731794121191569,3.16907117800265,"OV"
"193","TCGA-61-1907-01",0.76,3.32,0.72,3.28662183970726,0.72,3.28833044149555,0.74145812513201,3.27365913202387,"OV"
"194","TCGA-61-1910-01",0.97,2.07,0.95,2.00980055105015,0.95,2.00998820044625,0.884237667845743,2.05802619713505,"OV"
"195","TCGA-61-1911-01",0.72,2.32,0.67,2.25151673858969,0.67,2.25107700324569,0.680450619730035,2.33896537215202,"OV"
"196","TCGA-61-1913-01",0.89,1.8,0.87,1.839514285804,0.87,1.84046103447287,0.850980589499541,1.90104587332036,"OV"
"197","TCGA-61-1914-01",0.76,1.84,0.51,3.64260389900607,0.49,3.64428017058838,0.548427651043112,3.35427415533283,"OV"
"198","TCGA-61-1919-01",0.66,2.91,0.5,2.87013085773987,0.4,3.27163532599213,0.2947808200632,7.17282738324812,"OV"
"199","TCGA-61-1995-01",0.83,1.68,0.8,1.64283880954785,0.8,1.64283789368754,0.777937820488695,1.736248292186,"OV"
"200","TCGA-61-1998-01",0.72,1.95,0.39,2.73732702418243,0.46,3.73835458657535,0.660010554386757,2.36286276761754,"OV"
"201","TCGA-61-2000-01",0.92,2.15,0.6,3.03289762080493,0.61,3.02830367023089,0.810131252031606,2.43185120571812,"OV"
"202","TCGA-61-2002-01",0.69,1.92,0.66,1.88884137533482,0.66,1.8888411183627,0.665173206329864,1.90781258643446,"OV"
"203","TCGA-61-2003-01",0.47,3.66,0.44,3.58720224923061,0.44,3.57717462977178,0.440455853620666,5.77563663982116,"OV"
"204","TCGA-61-2008-01",0.78,3.13,0.69,3.08377094981141,0.69,3.08131154527319,0.645985606183243,3.18649885738996,"OV"
"205","TCGA-61-2009-01",0.57,3.58,0.52,3.38908567240979,0.48,3.51369701051619,0.501429166921682,3.73539035507584,"OV"
"206","TCGA-61-2012-01",0.58,2.9,0.61,2.84958308551437,0.6,2.86719398179584,0.609431726295857,2.95305474094973,"OV"
"207","TCGA-61-2016-01",0.88,1.74,0.82,1.70675922113004,0.72,3.39427663622124,0.738922359101103,3.38875643677418,"OV"
"208","TCGA-61-2018-01",0.75,1.9,0.6,1.86193485830172,0.6,1.86134437658047,0.510557826225376,3.32762718076152,"OV"
"209","TCGA-61-2087-01",0.93,1.82,0.9,1.85059321900055,0.9,1.85053882551347,0.891689079814585,1.88390927519269,"OV"
"210","TCGA-61-2088-01",0.93,3.21,0.87,3.29072995129647,0.89,3.28542531294381,0.746741120404503,3.43325250563531,"OV"
"211","TCGA-61-2092-01",0.93,2.08,0.26,2.05386894281481,0.26,2.05330683590817,0.262098768075763,2.83358580310552,"OV"
"212","TCGA-61-2094-01",0.6,1.79,0.37,3.48355490013217,0.36,3.48310977214078,0.374415634770709,3.80585191235779,"OV"
"213","TCGA-61-2096-01",0.91,1.86,0.87,1.81679216527818,0.87,1.81717163664763,0.810658805967438,3.74408407804709,"OV"
"214","TCGA-61-2097-01",0.61,3.2,0.56,3.26259625277538,0.56,3.26246195107808,0.547827156259694,3.63597983064453,"OV"
"215","TCGA-61-2101-01",0.82,3.23,0.79,3.1246632155013,0.8,3.11786765274527,0.748477195062743,3.35707702024704,"OV"
"216","TCGA-61-2102-01",0.92,2.57,0.85,2.65596334604237,0.85,2.66643267738419,0.860770951472503,2.79682060827051,"OV"
"217","TCGA-61-2104-01",0.75,3.05,0.73,2.95047151272159,0.73,2.94942973188908,0.672271312268812,3.08459401795053,"OV"
"218","TCGA-61-2109-01",0.91,1.91,0.87,1.89921296264259,0.87,1.89919683079461,0.885635337972803,1.88845601962478,"OV"
"219","TCGA-61-2110-01",0.86,1.79,0.53,2.58002981129694,0.56,4.30122328475838,0.820382472397612,2.26678471052715,"OV"
"220","TCGA-61-2113-01",0.49,4.63,0.48,2.42861767848277,0.48,2.44356916814799,0.743933444556596,2.47051829313018,"OV"
"221","TCGA-09-0366-01",0.68,2.87,0.71,2.9943964462318,0.71,2.99736791681652,0.672466190402286,3.43407929005915,"OV"
"222","TCGA-09-1672-01",0.68,3.26,0.65,3.24003247501157,0.64,3.24077122861124,0.673153041518905,3.30761921803816,"OV"
"223","TCGA-09-2045-01",0.92,2.05,0.89,2.027517146594,0.89,2.02757216194034,0.892688744498916,2.01132832828952,"OV"
"224","TCGA-09-2056-01",0.89,1.77,0.86,1.74544664143072,0.86,1.7454371143957,0.877224112341294,1.73089997759192,"OV"
"225","TCGA-13-0723-01",0.69,3.1,0.68,3.17912267624551,0.69,3.15254696949006,0.709436663113671,3.09151733702799,"OV"
"226","TCGA-13-0724-01",0.85,2.68,0.79,2.70137731216183,0.79,2.70145824284541,0.829523399075307,2.63695910825397,"OV"
"227","TCGA-13-0924-01",0.63,1.81,0.59,1.77188742309121,0.59,1.77121268439161,0.502610819310803,3.41373475221867,"OV"
"228","TCGA-24-0966-01",0.95,1.93,0.89,1.94297110220963,0.89,1.94288829724959,0.905430840764541,1.93730513826893,"OV"
"229","TCGA-24-2036-01",0.94,1.91,0.9,1.91636799945411,0.91,1.91620566989409,0.90788811786635,1.94378252294676,"OV"
"230","TCGA-25-1316-01",1,2.72,0.87,2.76431803155139,0.88,2.7643874483899,0.824709453434456,2.79543925272306,"OV"
"231","TCGA-25-2408-01",0.79,1.98,0.78,1.99496256166525,0.77,1.99492676630173,0.776370955237647,2.02998251098145,"OV"
"232","TCGA-25-2409-01",0.72,3.79,0.7,3.81376811972018,0.7,3.81356292841863,0.810578450021619,1.97638795592284,"OV"
"233","TCGA-61-1734-01",0.9,1.94,0.67,3.78763715359228,0.67,3.80202842709654,0.738851178321263,4.00895928969474,"OV"
"234","TCGA-05-4244-01",0.44,4.24,0.39,4.14183803018476,0.39,4.13991279554754,0.559305523836223,1.90589028475889,"LUAD"
"235","TCGA-05-4249-01",0.49,3.78,0.41,3.77093827397625,0.4,3.77093530865195,0.419011720433605,3.99445044046641,"LUAD"
"236","TCGA-05-4250-01",0.5,3.19,0.49,3.12053430133395,0.49,3.12051970400059,0.465104928630567,3.11172388381935,"LUAD"
"237","TCGA-05-4382-01",0.21,2.93,0.28,2.46704857839478,0.28,2.46699868585226,0.264902790320494,2.93592309046938,"LUAD"
"238","TCGA-05-4384-01",0.49,2.03,0.43,2.04401063838938,0.43,2.04401063838938,0.459371452360322,1.98385469551893,"LUAD"
"239","TCGA-05-4389-01",0.48,3.23,0.47,1.66552050727319,0.47,1.6628229921246,0.437196898048354,3.36261383615871,"LUAD"
"240","TCGA-05-4390-01",0.57,3.89,0.63,3.79351542700007,0.63,3.79352089257377,0.577868217960158,3.8967524674386,"LUAD"
"241","TCGA-05-4395-01",0.61,3.22,0.56,3.21763557790635,0.56,3.21711411718212,0.661483933654221,3.05320388574642,"LUAD"
"242","TCGA-05-4396-01",0.82,1.86,0.54,3.7123266845327,0.53,3.71268542601973,0.774758184289556,1.80586013423486,"LUAD"
"243","TCGA-05-4397-01",0.87,1.99,0.8,1.98880843098042,0.8,1.98878900443071,0.838925233131804,1.96283891965393,"LUAD"
"244","TCGA-05-4398-01",0.33,4.83,0.42,3.83322597470989,0.42,3.83253611204695,0.431038748563497,4.06688346368857,"LUAD"
"245","TCGA-05-4402-01",0.44,3.24,0.33,3.19741163035823,0.32,3.19803988425756,0.433730223452737,2.98182877190384,"LUAD"
"246","TCGA-05-4403-01",0.46,2.06,0.43,2.05595449781938,0.43,2.05595449781938,0.852993681861042,2.02196966918111,"LUAD"
"247","TCGA-05-4405-01",0.38,3.21,0.33,3.20811794393711,0.33,3.21267600566032,0.397570763659982,3.36363070748453,"LUAD"
"248","TCGA-05-4410-01",0.24,4.49,0.25,2.30450181796937,0.26,2.30463413245948,0.399019005425196,3.40693793679751,"LUAD"
"249","TCGA-05-4415-01",0.67,3.59,0.6,3.54037200816957,0.6,3.5406498856422,0.764544656924335,1.81068962435048,"LUAD"
"250","TCGA-05-4417-01",0.4,2.93,0.25,2.1218383955632,0.24,2.15297188728371,0.370711685587092,2.88022517961083,"LUAD"
"251","TCGA-05-4418-01",0.55,2,0.43,1.97638589875931,0.43,1.97638589875931,0.531535953862114,2.17876054048242,"LUAD"
"252","TCGA-05-4420-01",0.59,3.49,0.56,3.51165733944922,0.56,3.51195320711167,0.572968901952584,3.55373405866557,"LUAD"
"253","TCGA-05-4422-01",0.62,2.06,0.58,2.08921562573048,0.58,2.08917599320606,0.599944755651086,2.03172340357295,"LUAD"
"254","TCGA-05-4424-01",0.24,4.42,0.26,2.88239953214973,0.26,2.88241441902451,0.233221280013272,4.42832855823676,"LUAD"
"255","TCGA-05-4425-01",0.61,1.96,0.58,1.91420625628447,0.58,1.91420625628447,0.587494375442705,1.89427121018203,"LUAD"
"256","TCGA-05-4426-01",0.7,1.99,0.63,1.99961295859622,0.63,1.99961295859622,0.666332677484028,2.01336665754199,"LUAD"
"257","TCGA-05-4427-01",0.47,4.77,0.42,4.8159288783866,0.42,4.81822005415344,0.583430946947242,4.12920571848381,"LUAD"
"258","TCGA-05-4430-01",0.2,3.49,0.19,2.54411066804412,0.19,2.53624534692428,0.284302393128229,2.11878571954429,"LUAD"
"259","TCGA-05-4432-01",0.36,3.43,0.37,3.35182872819733,0.37,3.35200562459089,0.430408271370184,3.34499974187809,"LUAD"
"260","TCGA-05-4433-01",0.62,1.89,0.53,1.91511243671529,0.52,1.91510910574815,0.54686570961845,1.9600242966211,"LUAD"
"261","TCGA-05-4434-01",0.45,1.97,0.31,1.97089365400109,0.31,1.97082205485386,0.264593656107589,1.93204702989758,"LUAD"
"262","TCGA-05-5423-01",0.59,2.36,0.55,2.37046935591369,0.55,2.37057645564762,0.56726165575074,2.44445304473729,"LUAD"
"263","TCGA-05-5425-01",0.71,1.08,0.3,2.82792828610975,0.3,2.82727790772817,0.507214569288257,3.22731453214394,"LUAD"
"264","TCGA-05-5428-01",0.63,3.34,0.62,3.19561389116657,0.62,3.19561389116657,0.59338881268458,3.13837049043167,"LUAD"
"265","TCGA-05-5429-01",0.82,2.06,0.55,2.08021809657218,0.55,2.08021809657218,0.634474553563261,2.05150615224334,"LUAD"
"266","TCGA-05-5715-01",0.73,1.82,0.71,1.84377730595484,0.71,1.84377730595484,0.709926220921167,1.92629137131841,"LUAD"
"267","TCGA-35-4122-01",0.21,3.17,0.28,2.4257006059997,0.28,2.42546677692066,0.293819345212192,3.07062158456152,"LUAD"
"268","TCGA-35-4123-01",0.4,2.01,0.32,2.05492502647153,0.32,2.05492502641529,0.392119096806415,1.94915016877909,"LUAD"
"269","TCGA-35-5375-01",0.58,3.7,0.54,4.67954060668788,0.54,4.67946967774364,0.677043321397313,4.06346439794077,"LUAD"
"270","TCGA-38-4625-01",0.35,2.98,0.37,2.93001117828905,0.37,2.92992209856077,0.369226441323407,2.94262329847967,"LUAD"
"271","TCGA-38-4626-01",0.28,2.07,0.15,1.78064522085144,0.15,1.78064522085144,0.3,2.14060968809761,"LUAD"
"272","TCGA-38-4627-01",0.22,1.86,0.18,1.92798203079463,0.18,1.92798203079463,0.219636250413231,2.01582278076232,"LUAD"
"273","TCGA-38-4628-01",0.5,4.98,0.46,4.9731695909433,0.46,4.9731695909433,0.567471860905786,2.55172525325496,"LUAD"
"274","TCGA-38-4631-01",0.49,3.1,0.49,4.14703330182107,0.48,4.1401866936802,0.482831625097701,3.55994269430709,"LUAD"
"275","TCGA-38-4632-01",0.37,3.86,0.4,3.51397081909563,0.4,3.51336346205378,0.404718306664171,3.42661829756538,"LUAD"
"276","TCGA-38-6178-01",0.32,3.89,0.32,3.84558826095344,0.31,3.84801315761061,0.416595088022663,3.1485499707495,"LUAD"
"277","TCGA-38-7271-01",0.26,2.08,0.2,2.07296756427677,0.2,2.07296756427677,0.28567977317122,2.2794353965894,"LUAD"
"278","TCGA-38-A44F-01",0.26,2.02,0.15,1.89032985960684,0.15,1.89065493523905,0.3,2.0646823916207,"LUAD"
"279","TCGA-44-6779-01",0.6,1.58,0.47,1.60337814865396,0.32,4.3834978761773,0.563526984885218,1.56681571903594,"LUAD"
"280","TCGA-44-8117-01",0.66,2.89,0.65,2.87925648796039,0.65,2.87925589378379,0.634580417463148,2.90586169613523,"LUAD"
"281","TCGA-44-8119-01",0.55,4.63,0.56,4.56520171091335,0.56,4.56480985143918,0.651546057952351,4.2631652601625,"LUAD"
"282","TCGA-44-8120-01",0.54,1.73,0.51,1.72364050874402,0.51,1.72364050874402,0.526382574148732,1.66719285997495,"LUAD"
"283","TCGA-44-A479-01",0.36,2.14,0.18,2.22525843642844,0.18,2.22527070331884,0.219435600271669,2.34995862175253,"LUAD"
"284","TCGA-44-A47A-01",0.34,3.67,0.29,1.65182918743489,0.29,1.65182918743489,0.310101687903085,1.81718622809036,"LUAD"
"285","TCGA-44-A47B-01",0.5,3.26,0.49,3.26321960723896,0.49,3.26325943540654,0.519185798910928,3.3802523514646,"LUAD"
"286","TCGA-44-A47F-01",0.41,3.91,0.4,3.93421976605968,0.4,3.9342123568447,0.468059008953551,3.66643578032249,"LUAD"
"287","TCGA-44-A47G-01",0.24,2.29,0.15,2.22442034696771,0.15,2.22498614036193,0.123054559528741,2.68466987859087,"LUAD"
"288","TCGA-44-A4SS-01",0.25,3.29,0.18,2.02139335405035,0.18,2.02139335405035,0.292888989855572,2.09103813426801,"LUAD"
"289","TCGA-44-A4SU-01",0.59,2.07,0.42,2.25352035000785,0.42,2.25362649002255,0.556339177382873,2.20925109507528,"LUAD"
"290","TCGA-49-4486-01",0.73,2.08,0.7,2.08496872380625,0.7,2.08496856085025,0.687416896208673,2.09012440249749,"LUAD"
"291","TCGA-49-4487-01",0.17,3.17,0.19,1.88131359188366,0.19,1.88021905100931,0.229389285599601,2.09870531295291,"LUAD"
"292","TCGA-49-4488-01",0.45,4.96,0.51,3.58840199780724,0.43,3.75921514899242,0.513003971862218,4.33726608318493,"LUAD"
"293","TCGA-49-4490-01",0.26,5.15,0.27,4.4006874636079,0.27,4.39469861749513,0.418142384260821,2.71222579961647,"LUAD"
"294","TCGA-49-4494-01",0.46,2.05,0.34,2.19622181310428,0.34,2.19571783224444,0.41904896083647,2.11957817123358,"LUAD"
"295","TCGA-49-4501-01",0.43,2.72,0.29,3.02808308973332,0.29,3.02810843141689,0.397314687192043,2.37122570599237,"LUAD"
"296","TCGA-49-4505-01",0.45,3.02,0.37,3.0282670709343,0.36,3.02520815560338,0.420351946039611,2.98837045011076,"LUAD"
"297","TCGA-49-4506-01",0.25,2.67,0.23,1.66772016834114,0.23,1.66648672196981,0.312716863510085,2.35692904324647,"LUAD"
"298","TCGA-49-4507-01",0.35,2.69,0.31,2.82405228241045,0.31,2.82378699017549,0.329043864886198,2.84928672646979,"LUAD"
"299","TCGA-49-4510-01",0.64,3.38,0.52,3.56494552547116,0.54,4.45415211056834,0.618720555781333,3.31892510552863,"LUAD"
"300","TCGA-49-4512-01",0.32,4.56,0.43,2.28970701776082,0.43,2.28974945327833,0.394504963055045,4.06939305319674,"LUAD"
"301","TCGA-49-4514-01",0.35,1.79,0.34,1.7854591879331,0.34,1.78545960992732,0.335952172701344,1.79528876660022,"LUAD"
"302","TCGA-49-6742-01",0.49,3.61,0.43,3.62594886422682,0.43,3.62594886422682,0.638607499591905,1.81580987494106,"LUAD"
"303","TCGA-49-6743-01",0.27,2.96,0.27,2.88221798973924,0.27,2.88221798973924,0.256194891319633,3.0303184444406,"LUAD"
"304","TCGA-49-6744-01",0.37,1.9,0.28,2.21433416860014,0.15,2.18282557437605,0.296858994689647,1.96159287870144,"LUAD"
"305","TCGA-49-6745-01",0.24,3.83,0.2,1.89584364702773,0.2,1.89570347470677,0.368591938614312,1.96231935110852,"LUAD"
"306","TCGA-49-6761-01",0.29,3.19,0.31,3.02724519432702,0.31,3.02724519432702,0.279442846820762,3.06770816171056,"LUAD"
"307","TCGA-49-6767-01",0.43,3.24,0.37,3.42708136115861,0.37,3.44146193540143,0.426325586124941,3.29962736800466,"LUAD"
"308","TCGA-49-AAQV-01",0.25,1.94,0.28,1.97623784816852,0.19,2.1985984406634,0.250132019222113,2.0911806753545,"LUAD"
"309","TCGA-49-AAR0-01",0.51,1.63,0.35,1.66914100825051,0.31,1.70384933699459,0.329336272626061,2.91170493508134,"LUAD"
"310","TCGA-49-AAR2-01",0.69,1.9,0.66,1.89935940405333,0.66,1.89937800782568,0.668203628228388,1.89125563489048,"LUAD"
"311","TCGA-49-AAR3-01",0.32,1.71,0.16,1.76084833623497,0.16,1.76084728861861,0.224147879101138,1.85602255279363,"LUAD"
"312","TCGA-49-AAR4-01",0.22,1.84,0.16,1.92005877003036,0.15,1.91802899711854,0.196001336315421,1.82465378428083,"LUAD"
"313","TCGA-49-AAR9-01",0.75,2.06,0.73,2.10181613465247,0.73,2.10181613465247,0.727108010923722,2.13432800910616,"LUAD"
"314","TCGA-49-AARE-01",0.42,2.78,0.42,2.8769604271754,0.42,2.8769594731499,0.399516046172275,2.98520638049314,"LUAD"
"315","TCGA-49-AARN-01",0.43,1.84,0.33,1.93277835267971,0.33,1.9342360998308,0.405850677223387,1.88992239451355,"LUAD"
"316","TCGA-49-AARO-01",0.28,3.08,0.24,2.15776988418613,0.24,2.16183186483736,0.255660029832313,3.21466683949553,"LUAD"
"317","TCGA-49-AARQ-01",0.52,3.38,0.49,3.40645760048498,0.49,3.40645760048498,0.497893284627491,3.40835068821362,"LUAD"
"318","TCGA-49-AARR-01",0.64,2,0.57,1.99998072471911,0.16,2.00373756919224,NA,2,"LUAD"
"319","TCGA-4B-A93V-01",0.62,2.67,0.6,2.68426392889024,0.6,2.68426392889024,0.588150840722096,2.62342585314388,"LUAD"
"320","TCGA-50-5044-01",0.23,2.05,0.23,2.03535237761768,0.23,2.03535237761768,0.226239624136144,2.13757823546025,"LUAD"
"321","TCGA-50-5045-01",0.22,2.22,0.16,2.18462462555532,0.16,2.18470048455627,0.270427822847812,1.76300953510242,"LUAD"
"322","TCGA-50-5049-01",0.26,1.92,0.17,2.10774248921789,0.17,2.16376729281097,0.268698500586589,3.02543728230407,"LUAD"
"323","TCGA-50-5051-01",0.59,2.96,0.54,3.07942624446598,0.53,3.07938478092035,0.562516142827654,2.96933419426611,"LUAD"
"324","TCGA-50-5055-01",0.13,2.12,0.3,2.08959712032493,0.29,2.09196732630376,0.514302596803368,2.02573628930408,"LUAD"
"325","TCGA-50-5068-01",0.24,2.91,0.24,1.68913939062505,0.24,1.68922800166142,0.349483344088312,1.63951268024516,"LUAD"
"326","TCGA-50-5072-01",0.4,2.55,0.3,2.29229556653539,0.31,4.01143738909535,0.374612190345909,3.82079578543175,"LUAD"
"327","TCGA-50-5930-01",0.95,2.08,0.34,2.12231643896044,0.34,2.12231643896044,0.356557162189311,2.12012702961592,"LUAD"
"328","TCGA-50-5931-01",0.86,1.92,0.69,3.8260275085549,0.7,3.82602959127064,0.752985490865391,3.63683378818305,"LUAD"
"329","TCGA-50-5932-01",0.84,1.81,0.83,1.81870067350266,0.83,1.81870067350266,0.837533826048944,1.8538887544536,"LUAD"
"330","TCGA-50-5933-01",0.3,2.82,0.29,2.9584201858173,0.29,2.95841311976178,0.426485186866479,2.63141923484768,"LUAD"
"331","TCGA-50-5935-01",0.39,5.81,0.52,3.17180182803763,0.52,3.17180281462698,0.546742431731505,3.09333970099888,"LUAD"
"332","TCGA-50-5936-01",0.6,1.64,0.39,3.28053103277249,0.39,3.27922119991734,0.396472022491765,3.28881224765704,"LUAD"
"333","TCGA-50-5939-01",0.38,1.75,0.3,1.78237947036812,0.3,1.78233367760866,0.349379300187845,1.93155046437745,"LUAD"
"334","TCGA-50-5941-01",0.27,3.12,0.29,2.47360729538286,0.21,2.61069569206414,0.21287874651045,3.68240320255417,"LUAD"
"335","TCGA-50-5942-01",0.69,1.95,0.7,1.95233064960465,0.7,1.95233064960465,0.690012680068384,1.98212031427639,"LUAD"
"336","TCGA-50-5944-01",0.57,3.33,0.55,3.32089422989264,0.55,3.32092191783608,0.594303002620251,3.53484248537844,"LUAD"
"337","TCGA-50-6590-01",0.25,2.93,0.2,2.29761959922361,0.22,3.04938524969925,0.300036754683139,2.7862131842627,"LUAD"
"338","TCGA-50-6591-01",0.9,4.67,0.43,2.67716303157798,0.86,4.60090191225343,0.949890615803181,4.3265293823349,"LUAD"
"339","TCGA-50-6592-01",0.28,2.38,0.23,2.35449699965747,0.23,2.35555005539765,0.282369405153389,2.46918535077094,"LUAD"
"340","TCGA-50-6593-01",0.31,2.94,0.31,2.80861905484103,0.31,2.80880253881678,0.31062129517818,2.80454038233765,"LUAD"
"341","TCGA-50-6594-01",0.6,3.61,0.62,3.58600837955379,0.62,3.58598522967556,0.579232386000924,3.48818445219854,"LUAD"
"342","TCGA-50-6595-01",0.22,2.43,0.15,1.84747146555214,0.15,1.84747146555214,0.261262484577523,2.09153667821323,"LUAD"
"343","TCGA-50-6673-01",0.35,3.74,0.4,2.15020164081685,0.4,2.14978402400696,0.327822752260249,3.78138194628778,"LUAD"
"344","TCGA-50-7109-01",0.44,2.86,0.46,2.9412919193166,0.46,2.92842376306607,0.444304555236042,2.96396682347879,"LUAD"
"345","TCGA-50-8457-01",0.6,2.03,0.16,2.12903661202906,0.16,2.12903661202906,0.4064130827996,1.99852603724699,"LUAD"
"346","TCGA-50-8459-01",0.29,1.9,0.3,1.91887751227132,0.29,1.92156585757487,0.283255714469988,1.91244044446033,"LUAD"
"347","TCGA-50-8460-01",0.42,1.93,0.4,1.92709732478285,0.4,1.92709697721948,0.406059412868718,1.96398533260299,"LUAD"
"348","TCGA-53-7624-01",0.69,3.02,0.62,2.99200587741676,0.63,2.992216418877,0.630892883914666,3.11847588389982,"LUAD"
"349","TCGA-53-7626-01",0.42,1.79,0.28,1.78633314257284,0.28,1.77430780678746,0.271186027524985,3.49433875019005,"LUAD"
"350","TCGA-53-7813-01",0.36,3.5,0.37,3.44199649204523,0.37,3.44202174573516,0.364064304038058,3.46198989749915,"LUAD"
"351","TCGA-53-A4EZ-01",0.47,3.08,0.33,4.46466138907092,0.33,4.46459196830732,0.418164173398151,3.16923544832922,"LUAD"
"352","TCGA-55-5899-01",0.67,2.83,0.66,2.86948523651351,0.66,2.87027653122236,0.669526904430282,2.82984575683872,"LUAD"
"353","TCGA-55-6543-01",0.65,2.27,0.65,2.28530125357481,0.65,2.28530125357481,0.639508363674815,2.26996264882599,"LUAD"
"354","TCGA-55-6642-01",0.37,2.61,0.31,2.76451066461943,0.31,2.76460028632966,0.330251448847786,2.73409930938783,"LUAD"
"355","TCGA-55-6712-01",0.29,3.38,0.23,2.33532153095646,0.23,2.32853817647583,0.263897306444354,3.56197992879582,"LUAD"
"356","TCGA-55-6968-01",0.65,1.72,0.55,1.72306490365737,0.55,1.72270719528545,0.621124656469489,1.77320575060413,"LUAD"
"357","TCGA-55-6969-01",0.25,2.59,0.17,1.98543752199552,0.28,2.52196432370295,0.233552656426082,3.29927542763586,"LUAD"
"358","TCGA-55-6970-01",0.56,1.36,0.36,2.7317589687607,0.35,2.7317589687607,0.450467179608593,2.55389747550551,"LUAD"
"359","TCGA-55-6971-01",0.23,3.28,0.15,2.73654827743725,0.31,2.64684036464713,0.222621586852099,3.41522219143327,"LUAD"
"360","TCGA-55-6972-01",0.83,3.68,0.73,3.478965223099,0.74,3.4789443494517,0.773151713710228,3.51494505676066,"LUAD"
"361","TCGA-55-6975-01",0.46,1.69,0.33,1.76907193901545,0.33,1.76908763225512,0.421107453023834,1.80004040983497,"LUAD"
"362","TCGA-55-6978-01",0.26,2.07,0.21,2.26601621601937,0.21,2.26581213450117,0.226887961045982,2.07756905174744,"LUAD"
"363","TCGA-55-6979-01",0.33,1.73,0.23,1.83422592438631,0.23,1.8348645297993,0.267646844441818,1.99027900726534,"LUAD"
"364","TCGA-55-6980-01",0.31,2.18,0.24,2.24448382854862,0.24,2.24448382854863,0.3,2.11810398956305,"LUAD"
"365","TCGA-55-6981-01",0.26,3.4,0.21,2.5800259730702,0.21,2.58034176979988,0.250705557504472,3.56882993564441,"LUAD"
"366","TCGA-55-6982-01",0.25,2.61,0.23,1.77883465046295,0.23,1.77844065099644,0.241510744444811,2.84030838682687,"LUAD"
"367","TCGA-55-6983-01",0.27,2.05,0.29,2.28856445594519,0.23,2.15361001395502,0.203499088100928,2.28077717163529,"LUAD"
"368","TCGA-55-6984-01",0.81,4.06,0.41,2.05438760339525,0.41,2.05438760339525,0.393608015232729,2.11697390235733,"LUAD"
"369","TCGA-55-6985-01",0.39,1.86,0.28,1.89450273640115,0.28,1.89450273640115,0.310753218545676,2.8184608675544,"LUAD"
"370","TCGA-55-6986-01",0.4,1.96,0.2,1.55740720553936,0.2,1.55740720553936,0.376782951135583,1.87845936845443,"LUAD"
"371","TCGA-55-6987-01",0.16,2.31,0.17,2.28659658291575,0.17,2.28475129253382,0.3,2.25750114826625,"LUAD"
"372","TCGA-55-7284-01",0.4,2.26,0.37,2.27777764819129,0.37,2.27777764819129,0.384294756619811,2.41300035580693,"LUAD"
"373","TCGA-55-7573-01",0.33,3.2,0.26,2.09109214642576,0.26,2.09109214642576,0.450001637777321,1.76635908409354,"LUAD"
"374","TCGA-55-7724-01",0.28,1.74,0.2,1.822641229767,0.19,1.822641229767,0.274836471366756,1.74147471322167,"LUAD"
"375","TCGA-55-7725-01",0.61,2,0.6,2.01562857081689,0.6,2.01562857081689,0.586346362754438,2.0641064863447,"LUAD"
"376","TCGA-55-7726-01",0.26,4.09,0.37,2.33475694280326,0.26,4.02710149013142,0.328219732326321,3.72335630093578,"LUAD"
"377","TCGA-55-7727-01",0.56,1.91,0.36,2.04606228905826,0.36,2.04914999349805,0.311571062957402,3.98956870284312,"LUAD"
"378","TCGA-55-7728-01",0.42,2.01,0.4,2.00457126448222,0.4,2.00453765896627,0.598086252872845,2.03255045365008,"LUAD"
"379","TCGA-55-7815-01",0.29,3.48,0.29,3.45668520430215,0.29,3.45668520430215,0.278080123396284,3.23915003982722,"LUAD"
"380","TCGA-55-7903-01",0.64,1.93,0.43,3.76115715473096,0.43,3.7611489469274,0.618359624999621,1.98828676084945,"LUAD"
"381","TCGA-55-7907-01",0.39,3.56,0.41,3.60386106798547,0.41,3.60097412058076,0.399910300190039,3.69757139485767,"LUAD"
"382","TCGA-55-7910-01",0.58,3.44,0.59,3.54472102035071,0.59,3.54487854407906,0.578791611673941,3.52350851954647,"LUAD"
"383","TCGA-55-7911-01",0.23,4.05,0.2,2.10059087726527,0.2,2.10059087726527,0.360393164147634,2.13553893413181,"LUAD"
"384","TCGA-55-7913-01",0.35,2.94,0.32,2.97994296215429,0.32,2.97994296215429,0.344591585339273,3.07869471892612,"LUAD"
"385","TCGA-55-7914-01",0.56,1.92,0.51,1.91605150038425,0.52,1.91240985036295,0.546650351866495,1.89086918363375,"LUAD"
"386","TCGA-55-7994-01",0.51,3.05,0.52,3.00649479189822,0.52,3.00634138753605,0.511958154792163,3.05368540020151,"LUAD"
"387","TCGA-55-7995-01",0.49,2.53,0.43,2.65398301075106,0.43,2.65329302961472,0.497028466256743,2.72170233630767,"LUAD"
"388","TCGA-55-8085-01",0.56,2.17,0.54,2.1827203426084,0.54,2.1827203426084,0.546901237031129,2.14992775072762,"LUAD"
"389","TCGA-55-8087-01",0.82,1.98,0.79,2.00174633155212,0.79,2.00175400144867,0.798273420305232,2.03138533064974,"LUAD"
"390","TCGA-55-8089-01",0.33,1.8,0.3,1.88837783385948,0.3,1.88834761398946,0.316114414929636,1.85360737048399,"LUAD"
"391","TCGA-55-8090-01",0.41,3.62,0.32,1.63972345383595,0.31,1.63972345383595,0.557006639675505,1.87237137206274,"LUAD"
"392","TCGA-55-8091-01",0.6,2.06,0.44,1.98714854606525,0.44,1.98714854606525,0.408176766329404,4.05017102744511,"LUAD"
"393","TCGA-55-8092-01",0.38,3.24,0.38,3.26498116194487,0.38,3.2646006977203,0.391799324455289,3.28923321026483,"LUAD"
"394","TCGA-55-8094-01",0.79,2.82,0.79,2.88591975076696,0.79,2.88591975076696,0.783812814486075,2.92003325355145,"LUAD"
"395","TCGA-55-8096-01",0.25,2.73,0.25,2.65607452723517,0.25,2.65607452723517,0.241615210124034,2.78083602647491,"LUAD"
"396","TCGA-55-8097-01",0.64,2.06,0.35,1.98683065054116,0.35,1.98678595153208,0.297133185009361,1.91858761917244,"LUAD"
"397","TCGA-55-8203-01",0.38,3.67,0.33,3.69999084018339,0.33,3.69999084018339,0.36802751001636,3.95435321573516,"LUAD"
"398","TCGA-55-8204-01",0.34,1.96,0.31,1.8909401629696,0.31,1.89091161713668,0.332792820919567,1.94089586805503,"LUAD"
"399","TCGA-55-8205-01",0.22,3.33,0.21,2.34894917241364,0.21,2.34920584993553,0.326508322468764,2.97077404665652,"LUAD"
"400","TCGA-55-8206-01",0.46,3.27,0.46,3.27212248213424,0.46,3.27206738829474,0.441923489664229,3.36035963747384,"LUAD"
"401","TCGA-55-8207-01",0.57,3.01,0.56,3.01932910140267,0.56,3.01933544091372,0.579512069098568,3.03528061394001,"LUAD"
"402","TCGA-55-8208-01",0.24,2.22,0.16,2.59108893590221,0.16,2.59107114436705,0.193906606870701,2.72030940971038,"LUAD"
"403","TCGA-55-8301-01",0.26,2.2,0.28,2.36773942599993,0.28,2.3676344819556,0.278462117933975,2.16287861604952,"LUAD"
"404","TCGA-55-8302-01",0.46,1.78,0.29,2.40126013111855,0.29,2.40126013111855,0.320857028715958,2.63911704436989,"LUAD"
"405","TCGA-55-8505-01",0.32,1.87,0.28,1.66554689590276,0.28,1.66554689590276,0.319736736352899,1.94328292855285,"LUAD"
"406","TCGA-55-8506-01",0.45,3.94,0.47,1.97105911614153,0.44,3.93390427703679,0.614064902978205,2.03955912283938,"LUAD"
"407","TCGA-55-8507-01",0.64,2.72,0.6,2.75054082435426,0.59,2.77943894827231,0.681369624792291,2.50975622444002,"LUAD"
"408","TCGA-55-8508-01",0.38,2.94,0.33,3.94063542946094,0.38,2.83533791958069,0.381321973558838,2.91185242470231,"LUAD"
"409","TCGA-55-8510-01",0.28,2.95,0.27,2.8035386279284,0.27,2.80352748601646,0.334107836140168,2.50281835248125,"LUAD"
"410","TCGA-55-8511-01",0.19,3.18,0.26,3.20475115171284,0.26,3.20474918371963,0.247977376211422,3.03431587884325,"LUAD"
"411","TCGA-55-8512-01",0.35,1.94,0.35,1.95144091824644,0.35,1.95144091824644,0.345046256412085,2.02177838307775,"LUAD"
"412","TCGA-55-8513-01",0.5,2,0.27,1.9970055945103,0.26,1.9970055945103,NA,2,"LUAD"
"413","TCGA-55-8514-01",0.54,3.13,0.54,3.13377842425644,0.54,3.13377842425644,0.53562348967937,3.15549749514748,"LUAD"
"414","TCGA-55-8614-01",0.32,4.05,0.33,2.10385039818783,0.33,2.10372719928162,0.308364904518757,4.10838029024607,"LUAD"
"415","TCGA-55-8615-01",0.57,5.23,0.61,4.96088001474545,0.6,4.96119570353302,0.632902004040376,2.73364176999158,"LUAD"
"416","TCGA-55-8616-01",0.39,3.91,0.38,2.04119265500375,0.4,2.11743453455545,0.51462552909972,3.23763596979693,"LUAD"
"417","TCGA-55-8619-01",0.24,2.1,0.15,1.9976324484397,0.15,1.9976324484397,0.154917683410742,2.20996964917046,"LUAD"
"418","TCGA-55-8620-01",0.62,2.47,0.6,2.65131393607248,0.6,2.65131173157653,0.599889691426252,2.45346381720551,"LUAD"
"419","TCGA-55-8621-01",0.2,2.05,0.46,2.00183431290713,0.15,2.1231672606845,0.3,2.19293961035205,"LUAD"
"420","TCGA-55-A48X-01",0.28,1.78,0.26,1.8249626860828,0.26,1.8249626860828,0.275832611819758,1.84596363834141,"LUAD"
"421","TCGA-55-A48Y-01",0.36,1.95,0.32,2.02971865085912,0.32,2.02971865085912,0.330192267412959,2.06055606983816,"LUAD"
"422","TCGA-55-A48Z-01",0.41,3,0.27,3.38167333633925,0.27,3.38167333633925,0.408219982136564,2.84799258881832,"LUAD"
"423","TCGA-55-A490-01",0.58,3.34,0.54,3.35846042491066,0.53,3.3592623319963,0.539991341196131,3.49424578155126,"LUAD"
"424","TCGA-55-A491-01",0.45,2.57,0.37,2.08712145673863,0.37,2.08585246333717,0.420468300799287,2.76417872099295,"LUAD"
"425","TCGA-55-A492-01",0.54,3.8,0.43,1.87312424093682,0.48,3.77325719735509,0.625038373556899,1.89146293179172,"LUAD"
"426","TCGA-55-A493-01",0.26,1.83,0.21,1.83864631481141,0.2,1.83937984146188,0.306497670462759,2.13697841296905,"LUAD"
"427","TCGA-55-A494-01",0.81,3.69,0.72,3.69229434926549,0.72,3.69229589259632,0.726719641354427,3.67747225368747,"LUAD"
"428","TCGA-55-A4DF-01",0.42,3.33,0.41,3.31488263081897,0.41,3.31488263081897,0.424530562401132,3.31535053343607,"LUAD"
"429","TCGA-55-A4DG-01",0.41,3.7,0.39,3.67040690486964,0.39,3.66953498612584,0.385497635010702,3.59460534849092,"LUAD"
"430","TCGA-55-A57B-01",0.21,1.36,0.23,2.39975503891609,0.24,2.39961467361571,0.263173933042099,3.51739780173849,"LUAD"
"431","TCGA-62-8394-01",0.53,3.1,0.55,2.64163349655656,0.55,2.64175337868163,0.500283759287835,4.60218739627858,"LUAD"
"432","TCGA-62-8395-01",0.65,1.9,0.63,1.90895987859364,0.63,1.90895987859364,0.624596886767842,1.8922809278584,"LUAD"
"433","TCGA-62-8397-01",0.69,3.43,0.65,3.41475905237278,0.64,3.41475591413931,0.788187240173027,1.69592332721155,"LUAD"
"434","TCGA-62-8398-01",0.5,3.2,0.45,4.75376828068125,0.45,4.75376828068125,0.515251461013385,3.24394936089611,"LUAD"
"435","TCGA-62-8399-01",0.5,2.44,0.55,2.3912566448709,0.55,2.39124543537028,0.534351350954469,2.54208830156504,"LUAD"
"436","TCGA-62-8402-01",0.5,4.23,0.54,4.4931371099854,0.54,4.49328979209272,0.663108001692371,2.87551957623151,"LUAD"
"437","TCGA-62-A46O-01",0.82,2.93,0.72,2.93642952976475,0.73,2.93651524052358,0.685842171170364,3.27838698602893,"LUAD"
"438","TCGA-62-A46P-01",0.7,2.05,0.62,2.06626787316626,0.62,2.06626787316626,0.668814274413094,2.09658742778207,"LUAD"
"439","TCGA-62-A46R-01",0.42,2.88,0.41,2.93330451080402,0.41,2.93330451080402,0.388310537093241,2.99205078934581,"LUAD"
"440","TCGA-62-A46S-01",0.45,3.85,0.55,2.26122454739488,0.55,2.26117711251543,0.427533703023983,3.92916012997578,"LUAD"
"441","TCGA-62-A46U-01",0.25,3.73,0.31,1.98633903577616,0.31,1.98641349812873,0.224090440449828,4.00716550183413,"LUAD"
"442","TCGA-62-A46V-01",0.52,1.92,0.47,1.89217887543431,0.47,1.8928855692994,0.488862703913975,1.94335680865774,"LUAD"
"443","TCGA-62-A46Y-01",0.48,2.01,0.25,1.75498850002273,0.25,1.75497746994922,0.444654538621828,1.89064846371959,"LUAD"
"444","TCGA-62-A470-01",0.59,2.99,0.57,3.01241551483302,0.57,3.01241551483302,0.52530008511268,2.98740175492377,"LUAD"
"445","TCGA-62-A471-01",0.46,3.11,0.42,3.12533569599577,0.42,3.12533571037905,0.522879975263763,3.0038882688087,"LUAD"
"446","TCGA-62-A472-01",0.4,3.57,0.38,1.78088372729432,0.38,1.78088372729432,0.386745763689178,3.56764512718274,"LUAD"
"447","TCGA-64-1677-01",0.32,2.81,0.29,2.58756769601974,0.29,2.65112138925336,0.271537692818313,2.87655049939575,"LUAD"
"448","TCGA-64-1679-01",0.26,3.34,0.32,1.81479647294481,0.31,1.81480542213291,0.324744346690599,3.46372267049423,"LUAD"
"449","TCGA-64-1681-01",0.31,5.63,0.39,3.15838226462582,0.38,3.15861584402111,0.459088467155789,3.04427507252846,"LUAD"
"450","TCGA-64-5774-01",0.76,2.86,0.7,2.86833772870513,0.7,2.86831316210309,0.704167821544506,2.84764834660599,"LUAD"
"451","TCGA-64-5775-01",0.71,3.39,0.68,3.39561658648704,0.68,3.39561658648704,0.692341630493415,3.31170507044528,"LUAD"
"452","TCGA-64-5778-01",0.59,1.76,0.52,1.79105182656255,0.42,3.46441383849208,0.587658383187449,1.78395314727573,"LUAD"
"453","TCGA-64-5779-01",0.44,2.99,0.44,3.04834803827811,0.44,3.04820693214674,0.428091778701562,3.07336966562872,"LUAD"
"454","TCGA-64-5781-01",0.38,1.91,0.36,1.88386803987144,0.36,1.88465970105478,0.384332138599119,1.91648593041552,"LUAD"
"455","TCGA-64-5815-01",0.35,1.99,0.34,1.98310811514659,0.34,1.98310713946439,0.358360988230036,2.05892281101131,"LUAD"
"456","TCGA-67-3772-01",0.45,1.84,0.41,2.16539733733432,0.41,2.24160798469809,0.380857796704307,3.95435702096023,"LUAD"
"457","TCGA-67-4679-01",0.71,2.03,0.69,2.04150483882522,0.69,2.04150483882522,0.69985268347656,2.12935499504125,"LUAD"
"458","TCGA-67-6215-01",0.69,2.25,0.69,2.23604233804412,0.69,2.23602795121539,0.695190262507895,2.23434658136836,"LUAD"
"459","TCGA-67-6216-01",0.56,1.97,0.35,1.96150343885838,0.35,1.96150343885838,0.262571318781614,2.01487640902479,"LUAD"
"460","TCGA-67-6217-01",0.25,6.17,0.33,2.02685819277641,0.33,2.0266466674575,0.390031412393549,3.20386945742575,"LUAD"
"461","TCGA-69-7760-01",0.65,3.25,0.64,3.2513104546106,0.64,3.2513104546106,0.687385546172856,3.31032942021449,"LUAD"
"462","TCGA-69-7761-01",0.23,3.68,0.24,1.81900412900442,0.24,1.81900412900442,0.388244740310786,1.86447825793371,"LUAD"
"463","TCGA-69-7763-01",0.35,2.64,0.33,2.66533012749826,0.33,2.67217312026544,0.347511908057915,2.59852623431515,"LUAD"
"464","TCGA-69-7764-01",0.8,1.8,0.58,3.34886941778129,0.58,3.34854564824707,0.641765755597101,3.40822652693945,"LUAD"
"465","TCGA-69-7765-01",0.41,2.02,0.31,2.13039231235958,0.31,2.13039231235958,0.41246334137776,1.97727363272868,"LUAD"
"466","TCGA-69-7973-01",0.55,3.35,0.52,3.28968511124745,0.52,3.28968554866649,0.545829353745395,3.31021629164493,"LUAD"
"467","TCGA-69-7974-01",0.29,3.55,0.3,3.5888785176051,0.3,3.5888785176051,0.387764087823292,3.30355250740713,"LUAD"
"468","TCGA-69-7978-01",0.2,3.06,0.18,2.05191906929289,0.18,2.05192044409013,0.3,2.69170252298091,"LUAD"
"469","TCGA-69-7979-01",0.53,4.57,0.57,4.54147922117697,0.57,4.50416264673527,0.530357682947975,4.83165541363713,"LUAD"
"470","TCGA-69-7980-01",0.55,3.76,0.54,3.72993646098178,0.54,3.72574195909796,0.550233795971557,3.08247233795208,"LUAD"
"471","TCGA-69-8253-01",0.39,3.14,0.39,3.1087962532062,0.39,3.1087962532062,0.377951023328991,3.1929441686945,"LUAD"
"472","TCGA-69-8254-01",0.41,1.95,0.43,1.97784508738436,0.43,1.97784508738436,0.428913088219055,1.98355235967332,"LUAD"
"473","TCGA-69-8255-01",0.37,3.27,0.35,3.31138256539267,0.35,3.31152858894362,0.366217048385509,3.16390689946509,"LUAD"
"474","TCGA-71-6725-01",0.63,2.69,0.58,2.66100194734762,0.58,2.66092279167292,0.597303219886417,2.69939464827053,"LUAD"
"475","TCGA-73-4658-01",0.29,2.14,0.18,2.44900735273352,0.18,2.44669155654424,0.315729729887474,1.6872603718854,"LUAD"
"476","TCGA-73-4659-01",0.33,3.5,0.33,3.53708456058219,0.33,3.53714812403369,0.336132885544423,3.62995962908055,"LUAD"
"477","TCGA-73-4662-01",0.48,3,0.46,2.99714356744538,0.45,2.99712682205556,0.483871204402194,3.02057151940391,"LUAD"
"478","TCGA-73-4666-01",0.45,3.2,0.45,3.12413427990029,0.45,3.12413332639822,0.499325057032005,3.15247573879467,"LUAD"
"479","TCGA-73-4668-01",0.53,3.19,0.52,3.04421984996549,0.52,3.04537344175083,0.675585654601012,1.6130535683554,"LUAD"
"480","TCGA-73-4670-01",0.62,2.91,0.54,2.96609533105881,0.54,2.96609533105881,0.574970483148471,2.95826465590476,"LUAD"
"481","TCGA-73-4675-01",0.57,3.41,0.51,3.47986211601307,0.51,3.47986211601307,0.542139613557959,3.51850921759475,"LUAD"
"482","TCGA-73-4676-01",0.77,1.31,0.52,2.55418976722544,0.52,2.55419073844899,0.495010995890173,2.65367417078584,"LUAD"
"483","TCGA-73-4677-01",0.47,3.23,0.23,2.99478779276967,0.34,2.26668845702391,0.415765782705892,3.24124372155974,"LUAD"
"484","TCGA-73-7498-01",0.62,2.01,0.42,3.95592905053482,0.42,3.95673735680555,0.600969463824023,1.98315221920358,"LUAD"
"485","TCGA-73-7499-01",0.38,3.22,0.4,3.04239642328049,0.4,3.04239642328049,0.455976729697528,3.4905978901624,"LUAD"
"486","TCGA-73-A9RS-01",0.61,2.78,0.6,2.78083725534145,0.6,2.78083725534145,0.587252969455858,2.80278107976531,"LUAD"
"487","TCGA-75-5122-01",0.32,1.87,0.18,2.52340427455279,0.18,2.5307565172275,0.3,2.3021149192919,"LUAD"
"488","TCGA-75-5125-01",0.31,3.69,0.31,2.99786785542869,0.32,2.99828143940351,0.402939453387261,3.24208682461614,"LUAD"
"489","TCGA-75-5126-01",0.24,2.29,0.28,1.99994924535359,0.28,1.99994924535359,0.241582046047723,2.39458630501757,"LUAD"
"490","TCGA-75-5146-01",0.58,1.78,0.53,1.79108087199074,0.53,1.79108520025993,0.563882033249814,1.77856293037678,"LUAD"
"491","TCGA-75-5147-01",0.4,3.29,0.36,3.08822188631386,0.36,3.08585697745365,0.39052511736074,3.23285746527863,"LUAD"
"492","TCGA-75-6203-01",0.26,2.23,0.27,2.26238998962784,0.27,2.26238998962784,0.253797379229197,2.31716159406158,"LUAD"
"493","TCGA-75-6205-01",0.27,1.4,0.17,1.8504558962135,0.16,1.8504558962135,0.220437484197056,1.9246569259177,"LUAD"
"494","TCGA-75-6207-01",0.64,1.9,0.62,1.94091858503953,0.62,1.94085959213594,0.724624698072625,1.86035249522833,"LUAD"
"495","TCGA-75-6211-01",0.39,3.09,0.37,3.10852327767246,0.37,3.10975424610193,0.455958637705739,3.08250746901505,"LUAD"
"496","TCGA-75-6212-01",0.43,2.74,0.39,2.82398138312446,0.39,2.82398138312446,0.404214262336417,2.81113105470559,"LUAD"
"497","TCGA-75-6214-01",0.64,2.76,0.55,2.65856615809503,0.55,2.6556883311483,0.658517151673812,2.4221267658008,"LUAD"
"498","TCGA-75-7025-01",0.34,3.59,0.3,1.83060717640249,0.3,1.83060717640249,0.512921345768674,1.8906772897844,"LUAD"
"499","TCGA-75-7027-01",0.62,3.09,0.59,3.08023997648152,0.59,3.08023997648152,0.603094107303738,3.11217120062559,"LUAD"
"500","TCGA-75-7031-01",0.49,3.86,0.46,4.05197869418195,0.46,4.05222633074303,0.439493581248626,4.1026691876238,"LUAD"
"501","TCGA-78-7145-01",0.63,3.37,0.61,3.46621077171617,0.61,3.4659289423349,0.614457644692108,3.40157064411467,"LUAD"
"502","TCGA-78-7146-01",0.68,2.79,0.67,2.7543557342586,0.67,2.75439130368601,0.637598442733195,2.85261539126787,"LUAD"
"503","TCGA-78-7147-01",0.62,3.15,0.61,3.09177975505759,0.61,3.09177975505759,0.583646991608578,3.19190093905223,"LUAD"
"504","TCGA-78-7148-01",0.6,1.81,0.35,2.05220395762738,0.41,3.05161670957222,0.387150061711863,3.08803590859103,"LUAD"
"505","TCGA-78-7149-01",0.6,3.38,0.56,3.37968380063547,0.56,3.37968380063547,0.732536544303153,1.72501797042129,"LUAD"
"506","TCGA-78-7150-01",0.46,2.99,0.45,3.03987736617384,0.45,3.03979922946399,0.440161454163833,3.18884259262134,"LUAD"
"507","TCGA-78-7152-01",0.55,1.99,0.53,2.00003725445714,0.53,2.00003725445714,0.544249321126522,2.00961384605566,"LUAD"
"508","TCGA-78-7153-01",0.57,4,0.24,2.35613292178598,0.23,2.43602400482158,0.341176071567172,2.09903491597865,"LUAD"
"509","TCGA-78-7154-01",0.5,3.82,0.51,3.91236730664876,0.51,3.90856719040388,0.613647563930685,3.75006984770667,"LUAD"
"510","TCGA-78-7155-01",0.82,2.5,0.79,2.50764356190349,0.8,2.50443974286052,0.788105137018737,2.49019261413207,"LUAD"
"511","TCGA-78-7156-01",0.8,1.98,0.78,1.98877325445107,0.78,1.98877325445107,0.776426447695207,2.00312106483617,"LUAD"
"512","TCGA-78-7158-01",0.9,2.09,0.84,2.10063400909288,0.84,2.10063484159577,0.901143238828017,2.171421323429,"LUAD"
"513","TCGA-78-7159-01",0.29,3.82,0.37,2.47562960858681,0.37,2.47565582428728,0.403601177423899,3.37148768349113,"LUAD"
"514","TCGA-78-7160-01",0.29,1.62,0.16,2.09944307339752,0.16,2.09944307339752,0.29059498997115,2.15164417399369,"LUAD"
"515","TCGA-78-7161-01",0.75,3.36,0.72,3.30724261679671,0.72,3.30723722983176,0.701157410118777,3.51997320977583,"LUAD"
"516","TCGA-78-7162-01",0.27,2.13,0.27,2.08617313056252,0.27,2.08617313056252,0.296360677278167,2.18159770034021,"LUAD"
"517","TCGA-78-7163-01",0.68,2.56,0.67,2.52791516664601,0.67,2.52791516664601,0.673300821226746,2.55366378436152,"LUAD"
"518","TCGA-78-7166-01",0.63,2.04,0.53,2.04801124768019,0.53,2.0482230936659,0.590659355198656,2.06304435267117,"LUAD"
"519","TCGA-78-7167-01",0.84,3.68,0.77,3.66736338539691,0.77,3.66733557496839,0.841845487311064,1.82052714567086,"LUAD"
"520","TCGA-78-7220-01",0.61,2.71,0.59,2.67350993051735,0.59,2.67411679540294,0.636204201418635,2.67283356891446,"LUAD"
"521","TCGA-78-7535-01",0.6,2.82,0.58,2.80588084004367,0.58,2.80588084004367,0.726447631831732,1.4102981236701,"LUAD"
"522","TCGA-78-7536-01",0.78,3.04,0.75,3.08667785862174,0.75,3.08643514927925,0.731466016835096,3.05330418348114,"LUAD"
"523","TCGA-78-7537-01",0.74,2.08,0.63,2.05116498068906,0.63,2.05116498068906,0.707004829853463,2.07599268083165,"LUAD"
"524","TCGA-78-7539-01",0.52,3.49,0.49,3.41799864612855,0.49,3.41763664981748,0.497122683663813,3.33214533303906,"LUAD"
"525","TCGA-78-7540-01",0.59,2.02,0.55,1.96985441846828,0.55,1.96985441846828,0.552029722673526,2.00204985228056,"LUAD"
"526","TCGA-78-7542-01",0.35,4.69,0.33,4.69336077077296,0.33,4.69455420009813,0.522622016727372,3.73387134205388,"LUAD"
"527","TCGA-78-7633-01",0.75,2.19,0.7,2.19488935383763,0.7,2.19488935383763,0.712872561165144,2.24684150960986,"LUAD"
"528","TCGA-78-8640-01",0.35,2.72,0.34,2.74341707873478,0.34,2.74270918180932,0.333916074996826,2.82256887786757,"LUAD"
"529","TCGA-78-8655-01",0.46,4.26,0.58,2.16013092344985,0.44,4.3319821762618,0.606194995548947,2.29544021404773,"LUAD"
"530","TCGA-78-8660-01",0.33,1.96,0.2,1.8459408709619,0.2,1.84656136063207,0.279664476171152,3.12189189021537,"LUAD"
"531","TCGA-78-8662-01",0.79,2.74,0.77,2.66131988841859,0.77,2.66189536246756,0.74818381231811,2.83389645710045,"LUAD"
"532","TCGA-80-5607-01",0.49,2.02,0.48,2.02860520991489,0.48,2.02860520991489,0.4814615899182,2.1288534946455,"LUAD"
"533","TCGA-80-5608-01",0.48,3.13,0.41,2.99596956119344,0.41,2.99596956119344,0.442407429112879,3.00480216179199,"LUAD"
"534","TCGA-80-5611-01",0.51,3.08,0.49,3.09480118690462,0.49,3.09480118690462,0.499920731639313,3.12661673644724,"LUAD"
"535","TCGA-83-5908-01",0.4,1.66,0.29,3.01200757114139,0.29,3.01635174589169,0.278478162394129,3.18672540672022,"LUAD"
"536","TCGA-86-6562-01",0.46,3.46,0.45,3.42979162841755,0.45,3.42979162841755,0.449792671889131,3.50829077230517,"LUAD"
"537","TCGA-86-6851-01",0.32,3.26,0.3,3.25255606147547,0.3,3.25251060772157,0.305275589954963,3.16747499475198,"LUAD"
"538","TCGA-86-7701-01",0.42,2.97,0.4,3.96829622223074,0.4,3.96960542830945,0.453131618622996,2.75470049277209,"LUAD"
"539","TCGA-86-7714-01",0.67,1.93,0.66,1.9361898763492,0.66,1.9361898763492,NA,2,"LUAD"
"540","TCGA-86-7953-01",0.35,3.26,0.32,3.28082083086344,0.32,3.28082139638986,0.343537777177224,3.09614090982525,"LUAD"
"541","TCGA-86-7954-01",0.27,4.41,0.34,4.0399734831884,0.34,4.04007239685375,0.32914626608756,4.1792417615493,"LUAD"
"542","TCGA-86-7955-01",0.73,3.16,0.69,3.19558727085897,0.69,3.19486791591826,0.75553417550054,3.26269545634975,"LUAD"
"543","TCGA-86-8054-01",0.74,2.86,0.7,2.89437735609114,0.7,2.8943786242747,0.729375246582546,2.8536512559982,"LUAD"
"544","TCGA-86-8055-01",0.28,3.5,0.25,2.57431329315225,0.25,2.5743179255806,0.311332510102879,3.77364695237567,"LUAD"
"545","TCGA-86-8056-01",0.37,3.87,0.53,1.93956032098946,0.53,1.93956032098946,0.527158119978475,2.00877803913725,"LUAD"
"546","TCGA-86-8073-01",0.43,1.88,0.36,1.9159732537246,0.36,1.9159732537246,0.4157524962043,1.80764675189536,"LUAD"
"547","TCGA-86-8074-01",0.51,3.81,0.55,2.53271781803935,0.55,2.53271781803935,0.489924305604071,4.14328028279327,"LUAD"
"548","TCGA-86-8075-01",0.3,4.21,0.43,2.43545185963919,0.43,2.43545257172107,0.418569390544482,3.69054686357606,"LUAD"
"549","TCGA-86-8076-01",0.24,2.09,0.15,2.22119951914413,0.15,2.22119951914413,0.48621909257122,2.12042026327319,"LUAD"
"550","TCGA-86-8278-01",0.56,1.82,0.5,1.82674706118681,0.5,1.82674706118681,0.512630712190723,1.84244107051872,"LUAD"
"551","TCGA-86-8279-01",0.5,5.48,0.56,3.75441435316883,0.56,3.75435456155424,0.691492415377218,3.57882319425574,"LUAD"
"552","TCGA-86-8280-01",0.45,2.56,0.39,2.41907326705166,0.39,2.41898908494615,0.439287507975404,2.58667868074046,"LUAD"
"553","TCGA-86-8281-01",0.54,2.08,0.5,2.09892899413078,0.5,2.09892899413078,0.436781813492398,2.17893730075955,"LUAD"
"554","TCGA-86-8358-01",0.72,3.55,0.52,3.77011080906522,0.55,3.73413922713416,0.655065883845749,3.7625609371746,"LUAD"
"555","TCGA-86-8359-01",0.44,3.19,0.4,3.18320430287015,0.4,3.18320430287015,0.398069864654733,3.2234895896526,"LUAD"
"556","TCGA-86-8585-01",0.29,2.82,0.29,2.74498786784707,0.29,2.74496646284518,0.280023290324924,2.98178463179373,"LUAD"
"557","TCGA-86-8668-01",0.41,3.93,0.54,1.99149479295949,0.54,1.99124035346429,0.575698758341062,2.0798586164327,"LUAD"
"558","TCGA-86-8669-01",0.57,3.66,0.51,3.79190276212138,0.5,3.79190276368885,0.632669616715632,3.48460122123629,"LUAD"
"559","TCGA-86-8671-01",1,2,0.17,1.94455216221494,0.16,1.94455216221494,0.21512360809621,2.20038441298811,"LUAD"
"560","TCGA-86-8672-01",0.32,2.74,0.3,2.74747947659094,0.3,2.74750681528598,0.319137553477198,2.97942124314744,"LUAD"
"561","TCGA-86-8673-01",0.4,2.56,0.37,2.56657312498051,0.37,2.5666545574797,0.418925470979782,2.70466768567034,"LUAD"
"562","TCGA-86-8674-01",0.58,2.11,0.55,2.12067942426709,0.55,2.12067942426709,0.561317334454102,2.12684383924097,"LUAD"
"563","TCGA-86-A456-01",0.36,1.76,0.21,2.11409534647765,0.21,2.11409534647765,0.216973973628252,3.33271642736959,"LUAD"
"564","TCGA-86-A4D0-01",0.79,2.09,0.59,2.52346455144203,0.59,2.52355312978687,0.629624907538492,4.02155359351536,"LUAD"
"565","TCGA-86-A4JF-01",0.25,3.59,0.22,1.75830010920244,0.22,1.75823557946121,0.392011633723525,1.86275582809636,"LUAD"
"566","TCGA-86-A4P7-01",0.19,2.1,0.17,2.05446698733869,0.16,2.0295451704948,0.211592512141242,2.54214537619317,"LUAD"
"567","TCGA-86-A4P8-01",0.46,2,0.36,1.99794613195863,0.34,1.99794613195863,NA,2,"LUAD"
"568","TCGA-91-6829-01",0.49,2.65,0.41,2.98640464254205,0.41,2.98647059970863,0.468808316235536,2.90603284508854,"LUAD"
"569","TCGA-91-6830-01",0.28,1.72,0.29,1.73529401284657,0.29,1.73529401284657,0.27542385351205,1.81372497533534,"LUAD"
"570","TCGA-91-6831-01",0.5,3.3,0.49,3.39008646582273,0.49,3.39016793345766,0.483494787473423,3.44777502861926,"LUAD"
"571","TCGA-91-6835-01",0.21,1.99,0.16,2.24725415839422,0.17,1.89616385339752,0.218119735870153,2.23827097873226,"LUAD"
"572","TCGA-91-6836-01",0.67,3.4,0.61,3.37701900905856,0.61,3.3765843108819,0.608664054697592,3.53399947816285,"LUAD"
"573","TCGA-91-6840-01",0.62,2.84,0.61,2.7945119213302,0.61,2.79425095074829,0.599894350756332,3.07958880054776,"LUAD"
"574","TCGA-91-6847-01",0.85,3.59,0.69,4.03790719713149,0.69,4.03744432351395,0.793448095365127,3.85937550135632,"LUAD"
"575","TCGA-91-6848-01",0.31,3.44,0.3,2.47091857481649,0.3,2.47091876323272,0.362620352478883,2.47963536198013,"LUAD"
"576","TCGA-91-6849-01",0.62,1.93,0.59,1.95544632810618,0.59,1.95547476694185,0.603445463650763,1.96087201530969,"LUAD"
"577","TCGA-91-7771-01",0.32,5,0.31,2.28690215983437,0.31,2.28459961295652,0.53809760312205,3.95250740950869,"LUAD"
"578","TCGA-91-8496-01",0.5,2.25,0.36,2.35402733894774,0.36,2.35402948863509,0.896050685443962,2.1671848858459,"LUAD"
"579","TCGA-91-8497-01",0.45,1.97,0.44,1.95956459862101,0.44,1.95956409818296,0.429738526613799,2.15201223594198,"LUAD"
"580","TCGA-91-8499-01",0.77,2.86,0.75,2.80031636741119,0.74,2.79938291265836,0.738202554865464,2.83215595431411,"LUAD"
"581","TCGA-91-A4BC-01",0.22,2.55,0.23,2.44735951756206,0.23,2.44732634681524,0.332491351524045,2.2053234114282,"LUAD"
"582","TCGA-91-A4BD-01",0.55,1.99,0.53,1.98756060474945,0.53,1.98756060474945,0.508908758828059,2.10441203924664,"LUAD"
"583","TCGA-93-7347-01",0.3,2.01,0.25,1.8980609286831,0.25,1.8980609286831,0.278681384458533,1.91510755226072,"LUAD"
"584","TCGA-93-A4JN-01",0.37,2.59,0.27,2.80678456830585,0.27,2.80677253356396,0.357347081532997,2.63556444307414,"LUAD"
"585","TCGA-93-A4JO-01",0.2,2.18,0.19,1.87565293658138,0.19,1.87653998939956,0.290524031362305,1.82394563712026,"LUAD"
"586","TCGA-93-A4JQ-01",0.2,2.87,0.16,1.94313017551368,0.19,1.83122593622119,0.230663390843653,1.98523920799295,"LUAD"
"587","TCGA-95-7039-01",0.41,5.66,0.43,3.02425215832568,0.43,3.02661338022469,0.535501490085298,2.83158707660222,"LUAD"
"588","TCGA-95-7043-01",0.76,3.73,0.67,3.85695451342898,0.79,3.77388123825026,0.786605978925511,3.91541725419037,"LUAD"
"589","TCGA-95-7562-01",0.55,3.68,0.53,3.61820458124587,0.53,3.61820458124587,0.532538694391114,3.84629397762762,"LUAD"
"590","TCGA-95-7567-01",0.53,2.65,0.51,2.6775410843262,0.51,2.67754088890643,0.488999337500247,2.77610562116443,"LUAD"
"591","TCGA-95-7944-01",0.41,1.64,0.33,1.59140601179312,0.33,1.59136024210118,0.405219438363082,1.67459845776734,"LUAD"
"592","TCGA-95-7947-01",0.66,2.07,0.64,2.0747967153822,0.64,2.0747967153822,0.653818673734631,2.08284996540622,"LUAD"
"593","TCGA-95-8039-01",0.47,1.93,0.46,1.86329281907211,0.46,1.86329281907211,0.460856376130795,1.88145132504335,"LUAD"
"594","TCGA-95-8494-01",0.53,3.62,0.52,3.54041055221653,0.52,3.54041055197798,0.501776869315319,3.64481894919414,"LUAD"
"595","TCGA-95-A4VK-01",0.57,2.02,0.52,1.9586236786485,0.52,1.95924861418044,0.566331876856076,2.13591273998067,"LUAD"
"596","TCGA-95-A4VN-01",0.18,3.49,0.17,2.62469654925803,0.17,2.62469654923684,0.192530153532434,3.69028174956725,"LUAD"
"597","TCGA-95-A4VP-01",0.3,2.73,0.29,2.70188285761541,0.29,2.70188285761541,0.334972032877509,2.66391298456064,"LUAD"
"598","TCGA-97-7546-01",0.67,1.85,0.24,2.14349013000608,0.32,2.53309087271819,0.560197821043904,1.76371035055205,"LUAD"
"599","TCGA-97-7547-01",0.55,3.42,0.5,3.44037273972822,0.5,3.44037240870656,0.511629423727961,3.40684778310993,"LUAD"
"600","TCGA-97-7552-01",0.18,1.95,0.2,1.9815982937136,0.19,1.98292556832429,NA,2,"LUAD"
"601","TCGA-97-7553-01",0.29,1.44,0.23,2.49408146550273,0.23,2.49408146986202,0.23531072344268,2.62692983159294,"LUAD"
"602","TCGA-97-7554-01",0.29,5.21,0.3,2.84630984920904,0.27,2.94370920565581,0.288904961284322,5.38574598735195,"LUAD"
"603","TCGA-97-7937-01",0.59,2.82,0.52,4.1066605005359,0.52,4.1066605005359,0.58763929984254,3.20342104579053,"LUAD"
"604","TCGA-97-7938-01",0.61,2.05,0.59,2.04375438133855,0.59,2.04375438133855,0.583786712451563,2.06451822691464,"LUAD"
"605","TCGA-97-7941-01",0.36,1.97,0.35,1.97296421821014,0.35,1.97296421821014,0.342523304782598,2.02649945904075,"LUAD"
"606","TCGA-97-8171-01",0.82,2.21,0.84,2.25512477731532,0.84,2.25512477731532,0.870163920346118,2.20431149923971,"LUAD"
"607","TCGA-97-8172-01",0.32,3.92,0.3,1.97530711631176,0.3,1.97530711631176,0.461815715784167,1.90028109414454,"LUAD"
"608","TCGA-97-8174-01",0.3,3.62,0.29,3.66525050700926,0.29,3.66608699831936,0.314018823236033,3.72111025330579,"LUAD"
"609","TCGA-97-8175-01",0.43,2.07,0.37,2.07011073845164,0.37,2.07011197599089,0.411378127961388,1.98181923486434,"LUAD"
"610","TCGA-97-8176-01",0.53,1.91,0.41,1.9915023242997,0.41,1.99125262342258,0.402314989160862,3.35701151981991,"LUAD"
"611","TCGA-97-8177-01",0.25,3.13,0.2,2.23885213514958,0.2,2.19947390714215,0.254276149483921,3.70328824621636,"LUAD"
"612","TCGA-97-8179-01",0.48,2.83,0.52,2.89115169600145,0.52,2.89115169600145,0.511236890106001,2.90148221246169,"LUAD"
"613","TCGA-97-8547-01",0.48,1.88,0.44,1.89164932736816,0.44,1.89164932736816,0.48966162076462,1.93867008230646,"LUAD"
"614","TCGA-97-8552-01",0.27,3.6,0.31,2.18102609369213,0.31,2.1811218270322,0.271425845164354,3.57317376951396,"LUAD"
"615","TCGA-97-A4LX-01",0.2,1.77,0.17,1.87935306377734,0.17,1.88108654479461,0.199105248512986,1.86152176546641,"LUAD"
"616","TCGA-97-A4M0-01",0.55,3.78,0.51,3.73186317008718,0.51,3.73191479463244,0.671934763614525,1.87723934677845,"LUAD"
"617","TCGA-97-A4M1-01",0.36,2.84,0.3,2.85132912591457,0.3,2.85129591638361,0.366794465397358,2.74695128495098,"LUAD"
"618","TCGA-97-A4M2-01",0.37,2.05,0.15,2.00143055213007,0.15,1.99398178906007,0.334136949282329,2.08181093067638,"LUAD"
"619","TCGA-97-A4M3-01",0.69,2.03,0.62,2.03458018084544,0.62,2.03463453476233,0.647373182184082,2.05064772283949,"LUAD"
"620","TCGA-97-A4M5-01",0.25,1.83,0.24,1.85143461935542,0.24,1.85143461935542,0.227059879561041,1.94413871385154,"LUAD"
"621","TCGA-97-A4M6-01",0.43,1.79,0.4,1.86142718704198,0.4,1.86142718704198,0.416253185544405,1.87432882391556,"LUAD"
"622","TCGA-97-A4M7-01",0.37,2.03,0.26,2.13553566739076,0.26,2.15986695721621,0.368683030252431,1.9794184859791,"LUAD"
"623","TCGA-99-7458-01",0.36,1.88,0.26,1.87313043576915,0.26,1.87314685242518,0.349693263463206,1.8588452175337,"LUAD"
"624","TCGA-99-8025-01",0.43,4.47,0.44,4.25528315109975,0.44,4.25578859262078,0.458806081396242,4.16063240155649,"LUAD"
"625","TCGA-99-8028-01",0.18,2.1,0.15,1.82312808439301,0.15,1.73347104617717,0.3,2.04911117522415,"LUAD"
"626","TCGA-99-8032-01",0.31,3.74,0.21,2.7025058680532,0.21,2.70250586805319,0.362468171065715,3.62756952674337,"LUAD"
"627","TCGA-99-8033-01",0.29,3.04,0.27,2.97508186600038,0.27,2.98239222054139,0.27712048625254,2.84358958838391,"LUAD"
"628","TCGA-99-AA5R-01",0.96,2,0.34,2.00338050543045,0.3,2.00331631550136,NA,2,"LUAD"
"629","TCGA-J2-8192-01",0.41,2.76,0.28,1.95892467522838,0.28,1.95892467522838,0.387527715842427,2.82572719759052,"LUAD"
"630","TCGA-J2-8194-01",0.44,3.38,0.44,3.38408377120304,0.45,3.35311284146613,0.433888458983416,3.43302930282457,"LUAD"
"631","TCGA-J2-A4AD-01",0.57,1.82,0.37,1.95743486760329,0.29,3.58607215451158,0.546017657298345,1.85620409078598,"LUAD"
"632","TCGA-J2-A4AE-01",0.52,2.18,0.46,2.1518160480831,0.46,2.1518159105073,0.532686473847398,2.11043318812231,"LUAD"
"633","TCGA-J2-A4AG-01",0.31,2.01,0.19,1.90643453553363,0.18,1.9066251110219,0.310584431143929,1.9651232246596,"LUAD"
"634","TCGA-L4-A4E5-01",0.66,1.77,0.62,1.77522631101148,0.62,1.77527787414947,0.627952790396803,1.73946726081656,"LUAD"
"635","TCGA-L9-A443-01",0.48,3.54,0.46,3.46866906339826,0.46,3.46378019383624,0.463185582232066,3.57231805514165,"LUAD"
"636","TCGA-L9-A444-01",0.37,2.77,0.37,2.72682489572305,0.36,2.72678111976482,0.346573535221623,2.64712790204968,"LUAD"
"637","TCGA-L9-A50W-01",0.76,1.92,0.75,1.91419526441078,0.75,1.91419526441078,0.738164618714519,1.93129744037073,"LUAD"
"638","TCGA-L9-A5IP-01",0.53,2.64,0.53,2.60376417067921,0.53,2.60376417067921,0.539326506462466,2.65916847383947,"LUAD"
"639","TCGA-L9-A743-01",0.09,6.48,0.16,1.7509156368044,0.16,1.7509156368044,0.220078214169571,2.8968695560807,"LUAD"
"640","TCGA-L9-A7SV-01",0.83,3.06,0.79,3.08695240257671,0.8,3.08695240257671,0.797673397095565,3.16843298966904,"LUAD"
"641","TCGA-L9-A8F4-01",0.32,3.05,0.31,1.89213054956512,0.3,1.88982820093439,0.300571446119495,3.0451293307457,"LUAD"
"642","TCGA-MN-A4N1-01",0.48,4.7,0.59,2.62710020494333,0.59,2.62710020494333,0.508391187393698,4.04900630516157,"LUAD"
"643","TCGA-MN-A4N4-01",0.34,4.12,0.33,2.0656682272103,0.31,2.1951683112582,0.302389204289541,4.42026818285151,"LUAD"
"644","TCGA-MN-A4N5-01",0.38,3.29,0.35,3.29628440610465,0.35,3.29628576291979,0.479425881257909,2.90145666798207,"LUAD"
"645","TCGA-MP-A4SV-01",0.36,3.29,0.31,2.26259513815752,0.31,2.26260552849673,0.514052065416378,2.65758933484575,"LUAD"
"646","TCGA-MP-A4SW-01",0.46,2.03,0.34,2.10908710105391,0.34,2.1090603661194,0.397880415293934,2.16664956502379,"LUAD"
"647","TCGA-MP-A4SY-01",0.35,2.07,0.18,2.51611027329178,0.18,2.51611027329178,0.210694852173391,3.34434133725484,"LUAD"
"648","TCGA-MP-A4T2-01",0.48,3.92,0.34,1.99042574714606,0.34,1.99040850957985,0.648044954950641,1.93497988349096,"LUAD"
"649","TCGA-MP-A4T7-01",0.34,3.17,0.31,3.16264320535907,0.31,3.16246466825092,0.303035958828703,3.18446503191214,"LUAD"
"650","TCGA-MP-A4T8-01",0.59,3.17,0.55,3.19854146690546,0.55,3.1985776169815,0.53124147479688,3.16092408298166,"LUAD"
"651","TCGA-MP-A4T9-01",0.18,2.11,0.15,2.1479068739105,0.15,2.1479068739105,0.212049993134033,1.87905304285667,"LUAD"
"652","TCGA-MP-A4TA-01",0.33,1.65,0.21,1.78517814814235,0.21,1.78517207230831,0.295234675498938,1.72115808782602,"LUAD"
"653","TCGA-MP-A4TC-01",0.45,1.47,0.27,2.73678175185151,0.27,2.73678175185151,0.3,3.12829012412113,"LUAD"
"654","TCGA-MP-A4TE-01",0.68,3.15,0.64,3.16851123075134,0.64,3.16849662060685,0.654189637509395,3.16116532451489,"LUAD"
"655","TCGA-MP-A4TF-01",0.29,4.86,0.31,4.6817306590579,0.31,4.68064025049506,0.380293498190063,4.29011236284495,"LUAD"
"656","TCGA-MP-A4TH-01",0.4,2.11,0.39,2.09541634497391,0.39,2.0954167906256,0.404361786619161,2.17902663527714,"LUAD"
"657","TCGA-MP-A4TI-01",0.22,2.11,0.16,1.77858737496022,0.16,1.77885260444901,0.210587877090257,1.85642960047864,"LUAD"
"658","TCGA-MP-A4TK-01",0.34,2.63,0.3,2.36393395788189,0.3,2.36174459022225,0.391805571466487,2.52377031118239,"LUAD"
"659","TCGA-MP-A5C7-01",0.87,2.01,0.82,2.02326312001,0.81,2.02326312001,0.805174082254905,2.07492080496442,"LUAD"
"660","TCGA-NJ-A4YF-01",0.55,3.21,0.54,3.11050956557557,0.54,3.11052203568214,0.517959055437334,3.06272096786067,"LUAD"
"661","TCGA-NJ-A4YG-01",0.32,2.34,0.23,2.454839536893,0.23,2.454839536893,0.313797262618607,2.30834804667736,"LUAD"
"662","TCGA-NJ-A4YI-01",0.58,3.62,0.57,3.50890013650354,0.57,3.5096147898551,0.546327068857256,3.76015532045782,"LUAD"
"663","TCGA-NJ-A4YP-01",0.23,4.21,0.36,2.14626851821474,0.36,2.14626851821474,0.442650366349755,2.25009513700569,"LUAD"
"664","TCGA-NJ-A4YQ-01",0.29,1.74,0.27,1.65373175025652,0.28,1.66770070591743,0.314685339291301,1.83902031035288,"LUAD"
"665","TCGA-NJ-A55A-01",0.21,2.03,0.15,1.99167517995772,0.15,1.99158046739028,0.296752181700455,2.20429120671491,"LUAD"
"666","TCGA-NJ-A55R-01",0.23,3.5,0.32,2.04205566643869,0.22,2.390870486251,0.315138260024653,3.58452210353013,"LUAD"
"667","TCGA-NJ-A7XG-01",0.62,3.84,0.34,1.8951797571043,0.34,1.8951797571043,0.305416999500191,5.55651517106294,"LUAD"
"668","TCGA-O1-A52J-01",0.5,3.44,0.48,3.62662911957157,0.48,3.62657708880156,0.508113766175621,3.66028038990375,"LUAD"
"669","TCGA-S2-AA1A-01",0.32,2.41,0.3,2.47360708963139,0.29,2.47360708963139,0.30675600108935,2.51808365722237,"LUAD"
"670","TCGA-05-5420-01",0.25,1.82,0.21,1.91128549643959,0.21,1.91057842847777,0.264462616897827,2.15835837768505,"LUAD"
"671","TCGA-38-4629-01",0.4,2.46,0.35,2.54583030800806,0.35,2.54583030800806,0.373516003680505,2.54752539671381,"LUAD"
"672","TCGA-38-4630-01",0.79,1.99,0.71,1.94358262041215,0.71,1.94348661149323,0.718402952709271,1.9629041311244,"LUAD"
"673","TCGA-50-6597-01",0.48,3.59,0.47,3.66770843990996,0.46,3.67544217763186,0.433325556733694,3.70625180344938,"LUAD"
"674","TCGA-75-6206-01",0.7,3.23,0.64,3.21560334645938,0.32,2.53689357014627,0.664680991115611,3.23277498122748,"LUAD"
"675","TCGA-95-7948-01",0.71,3.51,0.7,3.48060793592591,0.7,3.48063386262328,0.678469001923508,3.52523842871321,"LUAD"
