id	filename	md5	size	state
fef64209-b0df-4993-a527-b4c9d33ec040	39ea3bb7a3b54821acf87bf0cc746c19_gdc_realn.bam	00932df810b1df16a47456b909d0ac23	25067053061	released
fb9a0ac7-2d1f-4a8a-990f-cc714f46d24a	C239.TCGA-13-0760-10A-01W.2_gdc_realn.bam	a3a008194d7a5cd4be004a367c6d4494	21402620051	released
397887d3-3402-4eb9-b4e8-f4c05cb409de	fb5f583f2296299b66c1ebe87aabf4d6_gdc_realn.bam	d6a2c1511a5ed87b93db7ef1e0f67770	18931259856	released
bb06713a-0069-4d50-a5ff-45c56305e6bb	C239.TCGA-04-1371-01A-01D.4_gdc_realn.bam	2cdd1d4b5f505f910bc7138edbbc9118	19587978566	released
039411de-98b0-4e08-a03c-aa75ba981a49	080342dd5fcf9ab05e4b72ee8fe05868_gdc_realn.bam	d069231b4429b959875c20faa5290979	30847993188	released
57d20235-a22d-4dfe-9b66-a08cb89d6409	7961116cd08fa5e89d2e7a71a051570e_gdc_realn.bam	7fc097b41b6066e1a632e81eb8087c6d	26527543532	released
a941a13f-db9d-415c-ac4d-369682338133	C239.TCGA-23-2081-10A-01W-0722-08.2_gdc_realn.bam	5c74c4c24b83f51083cd3b067152bc27	21865085327	released
dc2d5d24-5b27-4689-823a-e8d2c174d30d	C239.TCGA-30-1862-10A-01W-0699-08.6_gdc_realn.bam	3e900fb700101469cdef9988e9832903	38998331376	released
6b0ccae2-2bf6-4326-adb3-6559eb5d7f41	C239.TCGA-04-1362-01A-01W.3_gdc_realn.bam	4ba0a5667a8134d950b53be8faee0aeb	22142243632	released
96c5f95b-6056-4c99-8d98-823ef21698eb	707fe7e5b4ff24bfb194a48ec8721418_gdc_realn.bam	48b65b9406f65e9120bd0bc5e2651cec	22365848013	released
d5fee498-bc60-41c7-8421-b536f9fb96e5	C239.TCGA-04-1362-10A-01W.3_gdc_realn.bam	591bce22d3e63afa198c29c63a185fb4	19508504262	released
920a5816-a83e-4a92-ac2a-b35030426ee5	504bc8e34937fa7550a65061d14a9a7e_gdc_realn.bam	3f83da1e863636f42480466b108b8402	25413724169	released
ca1892d5-ce17-422f-8883-f83ff6925492	4472a64f4022a553a162e8f5adc8da26_gdc_realn.bam	abe30567af2e9796e3de726d5b453d5e	18237695012	released
9b98027c-84a8-4e05-b434-a3bd4e4e7fc7	532999c785bf5e621721ef11f5021c57_gdc_realn.bam	adab509bc9ccf29801f1fa5249b3d81f	21185363679	released
65188600-0933-4b7b-9cdd-eac182199770	C239.TCGA-04-1343-10A-01W.2_gdc_realn.bam	ed849aa1d7e8587954f32047c6274b5a	22154286574	released
35c1d683-2f55-4717-b7e4-ba88b2ec9d79	C239.TCGA-09-2045-01A-01W-0799-08.2_gdc_realn.bam	b44308f061912a3084093c8dc4a96c46	18005566252	released
458f783b-3cae-401f-9dd3-6a01138045ba	b6c7cba7b9637db06758e747cbf8a195_gdc_realn.bam	5df83de3cfac32cfa4997b2c20d20059	21788902327	released
c274af2a-a462-490e-8abb-22f12d73859b	C239.TCGA-25-2400-10A-01W-0799-08.2_gdc_realn.bam	f95ed9664c65e74e4cfed38bcaceee06	19828712501	released
896ea69a-32e7-4aa1-b055-0e933212f1bb	C239.TCGA-61-1743-11A-01W-0700-08.5_gdc_realn.bam	a4152fd67290ca8c803a2f7f9a2d4bfa	31538833724	released
e28cb929-5d44-4161-bb65-993175a5246e	C239.TCGA-30-1853-10A-01W-0699-08.3_gdc_realn.bam	448bee07ce9694bc7c6bc4845eb42aca	42911783934	released
bc0efc97-0338-4390-995f-baae61e05e0b	4805e059400f2b244010de3e0b8a81cd_gdc_realn.bam	69aba4932959ac79165491b5562f4807	21411959982	released
9c46e82e-3f4f-4d35-98f8-e3c40da40edd	7c7ef95fbac93ec90a602b36fbf6b1e1_gdc_realn.bam	bad5d616da0610f664cfbbc9aa4f5aff	19013201149	released
23e354ed-07b2-47ec-ab55-1de1b8c492c7	C239.TCGA-24-2271-01A-01W-0799-08.2_gdc_realn.bam	4a8c6f42484112be6321614fc2c5c428	18243665048	released
578dc240-ecdf-43d0-b02c-4dcc39caede5	C239.TCGA-24-2288-10A-01W-0799-08.2_gdc_realn.bam	978c4d392b973cfa90959232e842fc90	18051043037	released
ab284ec6-7a50-45cb-8af2-b84636e5f330	2367a3262b142b542049b20b42df26dd_gdc_realn.bam	603314f53e7f686014784a9210b8d1c4	22945391506	released
00e04621-6515-4dc9-b4ba-93bd81a90ce8	1e8af12c399b1aba41220eda1696ad40_gdc_realn.bam	09482a691cee314891761852686c80c4	31703396463	released
b8832f4f-82a0-4d7d-a8b9-4b964dc437ea	C239.TCGA-61-2008-01A-02W-0722-08.2_gdc_realn.bam	4476ec9478490dbf7702bd2cc0e1d2d4	19247307498	released
663c4af6-1edc-4fee-b9af-c7dea7bcbc9f	C239.TCGA-04-1348-01A-01W.3_gdc_realn.bam	9e5e2cfde6e48ecb1acea2cda880e7ac	19927498588	released
23c63d19-6cc8-44ef-b1da-bf8ab6c04855	C239.TCGA-13-0751-01A-01D.5_gdc_realn.bam	ed2761b5cde6fe834db3e53ae98d8635	18276347618	released
fc2d449c-e94e-4506-9567-6c67b386295e	c95ea8ef150b7b9c2d17067add98f4b0_gdc_realn.bam	bd22d2f8c9389538c037606c1015be10	50064210345	released
180a877a-b641-405d-b611-afc1e468aac1	C239.TCGA-25-1319-01A-01D.5_gdc_realn.bam	e2dbb1e1eaa04c4d4bc3a044b644de7c	15295213172	released
2c98026a-8cbc-42d4-969c-c72f14acbb68	d794268cd5b0089c064063f882f92ecb_gdc_realn.bam	45d8c5c23672f0373968209b580bb059	15232076582	released
bb10e7ba-478e-4c49-ac3c-a4dfc2b629a8	C239.TCGA-61-2092-11A-01W-0722-08.2_gdc_realn.bam	fd5494801fc12a775ac32f06c526b04d	22883459880	released
a75755d9-b374-411d-9d86-7912d5aef879	C239.TCGA-13-1403-01A-01W.3_gdc_realn.bam	a3fba914b0845e49371bb8a309dab8a1	17407759407	released
8ef3571e-67f5-42ce-9949-fc09993b9f60	C239.TCGA-24-2281-01A-01W-0799-08.2_gdc_realn.bam	6778b59de497a3e9fe5f1580f973e86e	19317721280	released
3bc2acf3-1402-4534-a4ef-f7d874f4e164	87c4a47b798cf4177d5daba595564479_gdc_realn.bam	010739a068c5c0c401af3079052c9b83	25801769455	released
edfe94ae-2798-4ff3-b18c-1350f397f017	a381521f85f647762da5f33632324d64_gdc_realn.bam	52461061c7e70cd0c95575a952ed045a	27898905627	released
9f8f185e-f452-4752-8c34-9feb71fe8844	698d18a0217b31ce25bea87df243b977_gdc_realn.bam	e36828e4ff66f67b815e26ddcc5ea72e	21736305001	released
0257eb69-5320-49f5-bfb4-e9d6ef0320d1	32430db83486e24003775fbcbb965faa_gdc_realn.bam	211ec44750aedf9699da45903c76957d	25472773330	released
4537e53a-eb10-4003-9d13-7c389f9b69e3	523d454a1438cd37aa647731a63dbf7e_gdc_realn.bam	c3e649c9e8cd915a1e5ede4e3264dd04	29302957678	released
e8721d17-d791-4d42-ba05-baa4ca68740f	a0470d031a6993a169e97680372ebdb8_gdc_realn.bam	a5ec28f84e4b4cbe6a373e7ceb5b7302	25376967017	released
b8678f7f-0e86-49ff-8951-8ba953240023	C239.TCGA-61-2111-01A-01W-0722-08.4_gdc_realn.bam	03b1b0ec6c976c4c7d34816e2116a5fe	21464181174	released
081fc898-f0e8-414e-a64a-46883f97aec4	C239.TCGA-20-0996-01A-03W.3_gdc_realn.bam	11da7bda3ecea23ad1309f0f292a56d0	19947770317	released
e5c4373f-f583-49c6-9d09-94fd0c4b2af0	86df7ac83fff793eab1ae16dce8ed25f_gdc_realn.bam	8ef0ff5f21c75f7602b9676063e953d2	20942219460	released
a193375e-9946-4f49-b33b-282122a5d6cf	a9262c4f8d22e7842267588c86156573_gdc_realn.bam	d8d5b6a23ce210ac9f30b07a59328c26	23800883428	released
b2fa197b-55f2-4d67-b18f-816525db036d	a5c97e46b1451fba5992b0766e6faa33_gdc_realn.bam	8101a20355fcfb41a1386b5599bb8fda	18784480482	released
cd441cef-83d3-471d-918a-cd052ad617f6	C239.TCGA-24-2033-01A-01W-0722-08.2_gdc_realn.bam	d194cb80768a43b84c7076d975cc9014	21079574999	released
774c03a9-614f-4496-95b8-fdf22a8be49f	2c49e70aa75834fcf88e4549dd279fc9_gdc_realn.bam	1a8e4a86419fbf27a656eed37c5c8e69	23508556810	released
d1bd9885-98a4-4813-88b8-652316a611c6	C239.TCGA-61-2111-11A-01W-0723-08.4_gdc_realn.bam	6d67f205ff9ba77058dc821d7224518a	22550565061	released
079572c4-59d2-409f-b0b4-a4c2913e6ab2	eb658aa6a62684b98ad2100f33184642_gdc_realn.bam	4525d9a8e87be2398c0702a43f7616c9	24744655278	released
f4b549d0-62a0-4b70-a1dd-f9d5c65bd2c3	d90827a75f793b4d65ac40e3c8dd1bc9_gdc_realn.bam	dc30e0e6433702a609a3b6e41b614d9a	29835134545	released
94abcb3b-2ce8-4443-9a66-7f647a6e7361	C239.TCGA-13-0886-10A-01D.3_gdc_realn.bam	7fa91580977cc16cb000bfc5637898da	21942083973	released
1c17d4b4-e87e-4620-80dd-6a1a1eea199b	C239.TCGA-24-2267-01A-01W-0799-08.2_gdc_realn.bam	6bf38f3ec21046c87f25a64e135efc0e	17490841803	released
b1ec2f29-c326-4027-bf04-dcb8e102c424	C239.TCGA-59-2352-10A-01W-0800-08.4_gdc_realn.bam	9804b98483eb33809c5eb891c0db6944	19588984457	released
129d0211-9d23-4471-b133-7b6aa22271ce	C239.TCGA-25-2397-01A-01D-0704-01.2_gdc_realn.bam	140df76a88530af2791db1a112b12619	18778136325	released
8d7b0631-9c15-48e6-a51c-e2953876a8a9	aed28f0948ee87e22b18feb1623c375b_gdc_realn.bam	e202eaf2dfa8ba8aaf3bd2f5c94ccc6f	24855648328	released
d8a97612-cdb6-40d7-a54c-9e6bd76bffc1	f9e80f9535461a2c43a40fdf33862e54_gdc_realn.bam	785631f364afd63f3f88dfdaad343729	17774620809	released
9e03d2e2-d0b1-4c80-89aa-bd8fa64409c5	7ec8d58cd1ebf3413998144f5bfb0d56_gdc_realn.bam	a575ddfecac749f45a965e8a847ef5dc	27435019458	released
e5c51b53-3623-4999-a91e-0d4d6efccd64	4e452cbd5331afa0e7f4ae8d488a31c1_gdc_realn.bam	fd35853cf85b5e6a8684d31fd20eeac0	17937864930	released
c76e4156-a54a-45fc-bad1-b5fc8a926e86	C239.TCGA-25-2042-01A-01W-0799-08.2_gdc_realn.bam	dac90eb849863b7b48b356c52440df24	19228828322	released
17e87039-8831-42e3-928d-8ae814b0ebd1	C239.TCGA-13-1403-10A-01W.3_gdc_realn.bam	a22a176aefc27e32b9502944b610c7b1	14466137163	released
bdb0d705-9508-41d2-aa44-06332e6456b6	C239.TCGA-59-2351-10A-01W-0800-08.4_gdc_realn.bam	943f68e5084f39d6c23981e959224d31	19607009166	released
a842bb4a-4ef2-4afc-bdaf-640ea65ac76e	C239.TCGA-24-2038-10A-01W-0722-08.3_gdc_realn.bam	4894655f0c07238464f58fe692994ab2	22589447040	released
0440e19f-5c66-4266-b19a-adb3ac8746f4	3d1b628fa0d554d5fefb71444511dcbb_gdc_realn.bam	08e046be621a7b78b48a19c1335a89a2	36095609011	released
d604b9f1-c5e5-471f-a860-b04e91394a9c	ac9e6dd9d4276f5e87508f647f047a91_gdc_realn.bam	a3a973f9149ec3f6f93e37bbe6421178	34994452129	released
50b9bbbc-ddf2-4f6d-b042-ce34ff538826	C239.TCGA-59-2348-01A-01D-0704-01.2_gdc_realn.bam	ff916aac5e8ae6cd7239cc827b5fd8ec	14075094116	released
2bd3862f-e449-43a1-912e-bc96b336f9e0	35bfb4646fde1513074c5fa5969d20bc_gdc_realn.bam	4d205b8fd56e228f90ab291502af4164	26268748187	released
13019c3b-5178-4dfa-90c8-6ae5e9ae3e00	c45f8b258ae7fa626ba91ab998bea0b9_gdc_realn.bam	f8f6701a5461f2d7cb9b1802f202ff26	25854996560	released
b5a03cf0-5250-4142-b3a4-fbe0d7e84410	0ef4841662ed5ed8cdbe9bfaa0e8cd50_gdc_realn.bam	59f649974f7a077b151ce74ed4cac81a	22274231664	released
3671c416-4ce0-445b-8d7e-bd8eefd5dc9c	C239.TCGA-61-2097-11A-01W-0723-08.5_gdc_realn.bam	544002eb6402f8e8506aa0dadf332c6b	22404694702	released
c529d4d1-e233-4599-9efc-a462938bd027	TCGA-61-1734-11A-01W-0722-08_IlluminaGA-DNASeq_capture_gdc_realn.bam	a425e494160ddc3e34c57b5ab1aea792	23443103493	released
5b8b0edb-910d-40ee-9b57-33409bbbf653	C239.TCGA-25-2398-01A-01W-0799-08.3_gdc_realn.bam	42607fb1bc0c9791f6b66a3375326004	20790663667	released
9a10c404-9511-46e7-ab92-d384f02d9094	8abb59cbd3d9595e3528e7b1c04e434a_gdc_realn.bam	9b81ba654e42f873c3ec9e54f5f25654	25734991790	released
bb8dc288-7e55-493e-a6b8-f556f82cec55	43c00b821058dfa214f5d8118fe0dd81_gdc_realn.bam	5dda90c89bc630099d05f9d57cb5cc74	25326629004	released
5e114df4-794b-4131-8907-737d329ac78a	ddda5a6809b3d784ede06f552e315eff_gdc_realn.bam	eded6ea2e1541e85b6f348bfc90b92ce	22926422275	released
46c9f182-70d7-4d15-95ba-628bc146e1e4	C239.TCGA-09-2049-10A-01W-0799-08.2_gdc_realn.bam	f28d0de5fc2786ff06a1666c0c1ca439	19984354290	released
7bb15dfd-8255-4101-bab6-483ab3a3961a	C239.TCGA-24-2019-10A-01W-0722-08.3_gdc_realn.bam	d7571928d29191b12c3cf40433279121	24191188346	released
cc6dcb92-2301-49d3-bcb1-3bc77db2680b	784e217cb16de061929a3f4e7d9e8e5b_gdc_realn.bam	00e216e6c24a2b3d4d7adc5fc774b7a3	34968404335	released
c7ccdd29-a01c-4b67-9d27-e49d6a5868a3	C239.TCGA-61-1728-01A-01W-0699-08.4_gdc_realn.bam	1546c8d858e1d15e23386ee3ea0044c5	36001677351	released
98081924-cf94-4367-a9ca-ca33fc0183d8	C239.TCGA-61-2094-01A-01W-0722-08.2_gdc_realn.bam	786f40d43b87cdb0d654faa8f52b2d2d	22288572202	released
31cb13c3-8700-4f93-8ac9-34165d77fd88	6f6da6cbea41ef666f204f64c7502c30_gdc_realn.bam	cb4b8a66dd0be0eede71eeb5f9c32d24	20996335965	released
137a1093-3c01-49b4-9476-49c4167975ee	C239.TCGA-23-1021-01B-01W.2_gdc_realn.bam	2c3225abd91a93f0384611fb51c1838f	18926314418	released
72836f35-b1e5-46fa-9dd1-43eb9259c043	C239.TCGA-09-2051-01A-01W-0799-08.2_gdc_realn.bam	c06d1cca15cd0a947fe52af056314417	20209040769	released
3b356635-3691-4837-93e3-2c29c07d7399	ed9283c500f5b389065939a67a94fad1_gdc_realn.bam	fdb06536996785fc9ea2797c7bbd2b76	24889822767	released
897f6e90-94ff-4209-9036-3ab69090c1b7	9ae36d7d373f2b19a31c3ad95f773ffe_gdc_realn.bam	a392bbefb6d9295adbf8fcbff665083c	18299923455	released
262ffb16-c5fb-475d-829c-a9bd50b49f81	C239.TCGA-57-1993-01A-01W-0699-08.5_gdc_realn.bam	a5c25c12bc75d358502f6c8b10ea03e6	34745061881	released
faecdcce-f090-4c11-a0b0-80cdd86642b8	C239.TCGA-61-2101-11A-01W-0723-08.3_gdc_realn.bam	9b23c03f365118cb9ba88d79c2a89657	22513120465	released
5a756dc5-2c96-40ec-9f48-27d2166af647	d6db4b0a0911ddde3460aeae3c1f53b6_gdc_realn.bam	84cc80994353c326e42f1b5f088f2b79	27991747505	released
28f06a1a-4ca9-4af7-a4a4-c48365675143	c411f6094ca6555ff30a91dc525b450f_gdc_realn.bam	057d9b3d0dd1b68a8817c02bd606d432	25250244409	released
b420ecca-1b6f-406b-9d2b-503ff4d257cb	f58aabbd7a2e3453cf21580112800d09_gdc_realn.bam	aa137256df460991a1ed96d0f8fc0a23	24774552429	released
f6de1825-1dc2-4e3c-bbb4-63e02e9299d8	C239.TCGA-13-1485-10A-01D.5_gdc_realn.bam	68bed463912332a191367941e9a8a1ab	19094039781	released
651db7d3-97f6-43f0-9d4c-4a2a11375714	4a24d4660445be6e1a43e096299dab74_gdc_realn.bam	e597a12a51414cec50c37fd8274a5b98	27649071121	released
86919607-d612-426e-ace0-ffa631d4b2a0	C239.TCGA-25-2397-10A-01D-0704-01.2_gdc_realn.bam	1d894825286bcc0021bde55725eaa6fd	17294042699	released
4086e33e-2637-44b3-b96d-b57dfbdfb195	ef179a497669e7f60e223ff07e28e8bd_gdc_realn.bam	d5c6af7c43687b0eb0f2588c7bbe2014	24311225967	released
214557cf-3cf9-415c-b874-c8eed9fb6151	C239.TCGA-24-2261-01A-01W-0722-08.2_gdc_realn.bam	bae8d76b0881921718c8614be7b8539d	22328253329	released
f38d8076-ec0d-41a8-9c1e-c23e4bcd4794	0e66afeb076070fcf9fdd1ad9591c199_gdc_realn.bam	45e30d9ff7083575c1606e69cd83972a	26532195651	released
0db139b4-5f5f-4896-8a04-0c41a67040ae	38408e2a6befa3dec6bbd86e2d3ee8fe_gdc_realn.bam	fd523ba56d3b598f7b8db55f05a2dc64	20613062855	released
2e009edb-8e2f-4a7a-9287-4e897f3b1aa5	C239.TCGA-23-1118-01A-01W.2_gdc_realn.bam	4216921ea18b9a5cdf898b1341cb498a	18644502943	released
38bb9664-557a-4f2d-a73c-485e217ff079	C239.TCGA-61-2016-10A-01W-0722-08.2_gdc_realn.bam	48fa2f6851375aa73bf4b5eebaae715b	29356739409	released
13a7eaf1-b7a2-4303-bf89-3010dc820080	C239.TCGA-59-2350-11A-01W-0800-08.4_gdc_realn.bam	3cb5b4f0707f0a9750b40fc57d74f52c	18722229650	released
e58df390-290c-4b90-a09c-8c02d9fd2445	C239.TCGA-24-2289-01A-01W-0799-08.2_gdc_realn.bam	5b969c373aa5278d3d79125704dde06c	18541475531	released
643aec00-8cff-4d10-8932-ec9100adb9ea	ded855eb51b50e2611adab72b6c4301f_gdc_realn.bam	17dd05d81ffd624cfd803cc99a15d807	21051285438	released
cbc7a186-05b1-42c0-9ad1-8958e7c8b27b	d639e0a607e35f959a90e984ce381757_gdc_realn.bam	c6fb4aa4745f4d4c73e8fea4e62bd3ea	26152308411	released
9793255c-da53-4492-b6e6-0a36f1e91e19	C239.TCGA-04-1332-01A-01W.2_gdc_realn.bam	769b2e89e0d79af780a808c7c10068bd	11926015738	released
ca894654-bec8-484f-9a4b-a7131465f900	C239.TCGA-10-0934-11A-01D.2_gdc_realn.bam	4c7cb38bb3c0c6bc0ab971d80eaa9ccd	19256587713	released
f8d0e969-07a6-4577-8b19-2ff0fff643c5	e8215af8352b8ffdc4815a6fcc2200ce_gdc_realn.bam	b79070d64ad12eec2c4f58bf2ed2f882	22297162800	released
50394ba1-a633-46d9-a3d6-5bf046ba7b23	C239.TCGA-23-1117-10A-01W.2_gdc_realn.bam	73fb887b4ad81b6548aec580c71f574b	18601281215	released
031bff60-506d-4b9c-8124-a6d9f5873aa8	8284d30318a75d91ab13cc8ccc1f885c_gdc_realn.bam	46dc7d714f84b3fcab8c47bdf239e981	21559151915	released
0afc3210-b6a4-496b-a57a-6b70b4595c06	C239.TCGA-61-2097-01A-02W-0722-08.5_gdc_realn.bam	cc45bb9f61f9d8491d1df9bc944d6a47	21880781287	released
37d90e74-3c79-4e9d-a5e4-7d531efd0104	d9d319f02af11e58821029c2702bcce4_gdc_realn.bam	ade050cfb6c4897fcc7fdd9148cdf10a	23098283485	released
969bcb55-dee4-4e80-9cc4-47934aac3a74	C239.TCGA-23-1022-10A-01W.3_gdc_realn.bam	7a734f3b20c75b4ca411bf7a53522e73	19910160777	released
1affe795-3754-4e34-8a54-cc078244cfca	1926051490e4aec29665aab45c8449c2_gdc_realn.bam	6642471205dc5182c9e1bb932f176faa	23537718047	released
89a598c4-397f-44a5-944a-5122305950a0	ef8bdaff0f4c86228b0adf1ef95c9ae5_gdc_realn.bam	13ebdd0c8169bd5a1cfbab036c3eb8e1	26657324859	released
04844f1b-6695-41ce-9398-c3eb58d24d97	cf9c2754a3ed035ddf20d0dce5851e2b_gdc_realn.bam	ed59e3768ec75b4ac5910af46504bff0	19723377956	released
68eb9e4b-0e90-40f4-9922-d833dc787a8c	C239.TCGA-09-2051-10A-01W-0799-08.2_gdc_realn.bam	aeb4dd08d8682c81a43ad2be29b08d66	18690060258	released
bdef9167-902e-497e-96ea-5ac15cc294da	C239.TCGA-24-2295-10A-01W-0799-08.2_gdc_realn.bam	1281f5062b8a27759ce6d48f18c2040e	18032161686	released
d7fd002e-2007-4e2e-9447-bcb58f741222	cf60f381a289ec21f1d747599766c9f9_gdc_realn.bam	8081d0563f9a0241a3bae3ef369ee47d	26859133563	released
fa87616a-4484-4d95-8ba7-3c21bf0d6ee0	1f195eca2a9ae923426cc2a73a1d327e_gdc_realn.bam	65183e4c29b3321cf51c08ed3d99107e	25309217895	released
1960c76d-0e5c-442d-ae72-a291844bcf6c	C239.TCGA-59-2354-01A-01W-0799-08.3_gdc_realn.bam	cf6e13af7d30786b6b31184c75fc535b	19676685217	released
aee36b5d-3824-4473-86f1-4e66533deb92	7e69d320b2fbe1e672c97a97ae304557_gdc_realn.bam	0874f19ff71053602fc2e9c052f69d13	18752331659	released
ddda6c6e-e2e4-4f75-bbc5-e0e3b3b4f1dd	1bb9ed97ef674303f38a4164eaefd395_gdc_realn.bam	cf0ea39a997076d1e14f6667a9d6c70a	20607204206	released
3f52c676-924d-4ef5-ac87-7ca49f77b45e	C239.TCGA-23-2078-10A-01W-0722-08.2_gdc_realn.bam	b8c0cf4eceb334b8611980c2e9806558	23607164512	released
4a107206-0909-4786-afef-dacdfa165b68	a4d8464a71059c0d7204e74ecdcc307f_gdc_realn.bam	7456ee6ae2b45d3c85fedcc509660cbe	22789665172	released
20fa361d-5b02-43c2-8c43-4b2e5241d1f5	0d415449d14d17ac41388afbf68572c6_gdc_realn.bam	44de930c99a53850d7e13c9bb9859ff4	17815126118	released
0f73974c-a5c6-46eb-9509-e2be0f366b9c	73e44fdb00f7b3e5b3bf42154cc8dc8d_gdc_realn.bam	26eb997e6904f36448ad5ed9f4eeb35e	26561554858	released
f01a2bb6-7027-4a6a-8207-b4f271108053	C239.TCGA-61-2102-01A-01W-0722-08.4_gdc_realn.bam	7c773a44b40dc82729374329b8cba48f	15353955939	released
32e9da64-2923-4aa3-9f0f-0aec7ea50007	C239.TCGA-04-1336-11A-01W.3_gdc_realn.bam	689564ed753dd4b77a3caaad2b0d5f8e	17981227132	released
a90b2b8a-4f34-4761-a753-c83a9c6a889d	C239.TCGA-24-2298-11A-01W-0799-08.2_gdc_realn.bam	34d0776ae8e51dcc5a322e5e6526e93a	17474760737	released
9369e513-4ea8-4e80-925f-0196cb249bee	C239.TCGA-25-2396-10A-01D-0704-01.1_gdc_realn.bam	0c3fb55ff2c43d5c78da0507d12aebb3	9598966872	released
e0f0cfc7-795c-4846-9cf7-3102edd49ec8	9f77a06e061b10c5ef45bec8b7c09ae7_gdc_realn.bam	c82f7cacc2f87773721f2ca876c3cf8b	23846518193	released
3c71c2ff-7720-45ad-83e7-314d6a2d2eda	910d5c632acceebe7b6b4a197aa804d7_gdc_realn.bam	43d992a4b4c6887df7a1dbe3264e74d6	49498772769	released
c731faad-a1d6-4116-b41b-8ad5f4f56900	C239.TCGA-23-1110-10A-01D.2_gdc_realn.bam	e00c4121dbd9e0d8bbbd6ae5386260cc	22464154191	released
17ec8a83-47b5-45e0-9128-d8a2ba9c7e81	1d7210eb7156f32061dcb333d9401bc1_gdc_realn.bam	5147d78e04c4f17f60bf894fa60224df	26794492312	released
57e0ec24-99ad-4167-924d-b07f8695124d	C239.TCGA-20-0991-10A-01D.2_gdc_realn.bam	5edc37982cf16ed08e4838e3a9a82f68	20520749048	released
eaf7dd92-038c-4fd0-a8b8-548f85a9fb62	a971dd8fd578796bb405e084d2cdcc95_gdc_realn.bam	b5fdd8806f71f628e953c6f0297a068f	35632885593	released
d5daa490-a87e-4b1c-9364-d31dfbe38909	C239.TCGA-23-2079-10A-01W-0722-08.2_gdc_realn.bam	bf43148bd7c50ccd22c39ca5330e06d5	21404510425	released
c63917c3-6ea4-46ae-9a9b-23f9bf65baae	6aa4253685320019fdb37f4867ad1f6f_gdc_realn.bam	6274a4adadaf52f685c1ed18142990d8	19888589218	released
10d1f49d-859e-4c3d-bfac-d60db745f4d5	a0880f5ff17fb49ae1f48029df37adc0_gdc_realn.bam	707e5f929ce4d84c2b3781513b831791	14829955149	released
2c0cc17d-d50a-4ca6-a8d4-b28028ff9163	92a86b39f34711fff8dcfbf021658c00_gdc_realn.bam	574b59257c0ec0dd66f2a12b01956a0b	21236875537	released
0cb0d511-1a3e-44cf-baab-01b44a885474	ec47f322db49e85c11b5cbe6ef4dc8b5_gdc_realn.bam	70723589fef5d51290a1285ddbda4238	22519685330	released
4b2a48fc-3ed6-4a53-bd50-8af40db51954	bb4590c8d2a9cb43a4e777008bb0dfce_gdc_realn.bam	2ac63b7a9b346918f7aefb40ec2fd0c8	22812069223	released
1ff2f69d-908b-4b40-b0a9-fe92f1b9e8eb	C239.TCGA-61-2098-01A-01W-0722-08.4_gdc_realn.bam	e100383358784e6295b874cc913bbd1c	20747988194	released
a1f85e91-41b8-4fd4-9447-2904e38bf649	8beb1122d471952a603effbfe88355a2_gdc_realn.bam	0bfe06870a272f203323345c4730b1ce	31163502009	released
51f22dcc-7fd0-4f0d-8619-f21aebb6be41	71891492111e49e30df8f4bf7d2bb63c_gdc_realn.bam	ceddf37e948470a207fce2a802e3a140	25512299553	released
dfae9b9b-8e79-4ea0-ae93-01d7776b049b	C239.TCGA-13-0899-10A-01D.3_gdc_realn.bam	34849f349eda6049776a87a6b4f19e7c	19170223429	released
3cac3306-f2b0-4ff7-9e26-b338613ce443	C239.TCGA-23-2072-01A-01W-0722-08.3_gdc_realn.bam	163749475dc2bd20cdf15b84b5d78811	26651754548	released
7ecbd0da-dbdf-4af0-8623-6ac818c090d0	763e202f54b3e327d635842e66d195fa_gdc_realn.bam	86218abb99adb8c12e20179f35184f37	23020246564	released
ab23b90c-c618-49ff-85c7-c4013c8e2f9d	4a0fead97834d731e0fee6755f81e501_gdc_realn.bam	ea16839c983c5158af08a13473a17311	23341241262	released
76bc8ea7-4a21-4cef-bfd7-e8edcc906ad7	ccd31b2d6c1b909ad4afbd0ecc2ad193_gdc_realn.bam	21e64a1d8cac43dc3afdfe833134ac97	25012930304	released
3d82bca6-3c6c-4d6c-b9b6-53d8241e0d53	C239.TCGA-24-2254-01A-01W-0722-08.2_gdc_realn.bam	adf654ae0ad13e371bbcb74e846367b1	27212672799	released
478841a9-9602-4435-8ca7-f51e190314fb	4f3e9d90aed590b1a706e289f10a3fa6_gdc_realn.bam	e79a187d35ce1e81ca39bb031a061e2a	23781099848	released
6559e12b-2688-46e4-a3a1-9e7ee1f62709	3b30a32b8f503980a23308d63188a202_gdc_realn.bam	5552380924331416ba05d78ebd93377f	19687280418	released
ee7d246e-185f-47bb-a00f-b5ae7c301847	C239.TCGA-61-2110-01A-01W-0722-08.4_gdc_realn.bam	f5cf07a4a4872cd20935288b3c497aab	22733903617	released
973ae1cc-628a-4b64-955c-c49e25ee4e3b	bff5e018cb49c261e87ee14fa91e9453_gdc_realn.bam	ffddc52f03763b9ca3553c49d0a76a25	25106730669	released
44d6669d-aa4e-4fe8-ba29-fb18ae5101de	C239.TCGA-09-2053-10A-01W-0722-08.2_gdc_realn.bam	f973c63beec4be394aa60f02476cebc6	22065546910	released
e0f27139-f37c-4846-8f0c-efdd6dbd723d	8928ec4280373b65cd517ca5e9025787_gdc_realn.bam	ce94b61113837f2e6875c892b5f5e2fe	24686069023	released
f2ec87d2-1c61-4c23-bea7-6bbafa8a6d4c	C239.TCGA-23-1021-10A-01W.2_gdc_realn.bam	39c5553d5be405e1aca1ae076ca5e440	19161560234	released
89252ead-5088-4421-a873-53053a1803a5	C239.TCGA-20-0991-01A-03D.2_gdc_realn.bam	0dceec03b837873f1c520c9d347fd5bd	21637767547	released
d912860e-5bb3-4cf0-9295-70d76c317cdc	C239.TCGA-61-2088-01A-01W-0722-08.4_gdc_realn.bam	97d6261c33fc54363feb3758c90aadb8	27578830787	released
451cbd24-5ae5-419f-b820-5c87226e60dd	C239.TCGA-24-2293-10A-01W-0799-08.2_gdc_realn.bam	1d0fa00a72a29aadf0d6c5c54267c1d2	18390984783	released
cc4eaeb2-ab9f-4a73-8173-d31e80481eaf	C239.TCGA-25-2404-10A-01W-0799-08.2_gdc_realn.bam	42d6c24c35929bf5ecf5dad312bff81e	18546807983	released
c85453a2-aeb1-4699-9bc2-66ebe099ba0f	C239.TCGA-13-1411-10A-01W.2_gdc_realn.bam	3c8e157921a7a997c0cfd1fe639bc547	18937486666	released
8826fff0-f2b3-484c-b3eb-78ea133754aa	1ea0f1e4f79e9a76b973a1107ee002d1_gdc_realn.bam	b5283f1deb5b8d94b2068dde7343a278	27398058657	released
fd454001-00ec-4d40-b62a-8ef69cf6843e	622175782193b9545690bdcc05a879b8_gdc_realn.bam	c714600a341ebf6103eb7771a74e90cd	17943671671	released
a67f4bb3-e292-4c47-b233-4ac396aac432	d3eafac7e53ab68369feaa37281dcd20_gdc_realn.bam	67aa5062ec8200a37089673e1f945c89	24094853488	released
29c516c6-297d-405e-be5a-2c6ca1ca76d3	C239.TCGA-61-2003-01A-01W-0722-08.3_gdc_realn.bam	415f9933401bcc56d793e1c5b60f085e	21433722917	released
8d846ab3-7ec0-41eb-a5e4-a9328d4a9ef5	C239.TCGA-61-2000-01A-01W-0722-08.3_gdc_realn.bam	c442d40319e0a3c6534752a903895bbc	20439734405	released
b44ffa2e-9b01-4089-9a7d-b49aae97f928	C239.TCGA-24-2267-11A-01W-0799-08.3_gdc_realn.bam	c1110b4761f0b3d2cf32998a4ec8e6fa	16806028797	released
d9de5b74-3799-4bc1-954f-6fe8b568973e	841ba819564b5cbad75c306400165294_gdc_realn.bam	801a137e150ae7e58b362acd9e62deda	26683622649	released
c87a1231-e296-4235-8c52-19df7ef034ac	C239.TCGA-31-1950-10A-01W-0699-08.4_gdc_realn.bam	fb2e120c7f4a96ab22917c53dc2c9a55	37960355537	released
ce489ee2-f0dd-4a7f-a171-620b1a7a625f	C239.TCGA-23-1118-10A-01W.3_gdc_realn.bam	e7e841329f81ba3ed862d40ce14ee61e	19829594697	released
eed3f4f8-3306-4292-b9f7-8b4893446b42	C239.TCGA-13-0791-10A-01W.3_gdc_realn.bam	c056e58100bce8679f3bad5226360510	20378154549	released
dfcbac73-a5e3-4bca-b01f-dc03348ad0db	C239.TCGA-24-2261-11A-01W-0722-08.2_gdc_realn.bam	8c601aa3c0700e374eda275a579015b9	23604851331	released
a2e28221-f8dc-4a0f-af47-5146a1fb8564	4b922d44c59025097f35d267c448ef9c_gdc_realn.bam	1b47713d981dd76db786e68e81b2119d	16527182294	released
6e528b61-172b-4fba-b8b5-9d31b9561e0a	14cad354b1a91695993571b081af9fa1_gdc_realn.bam	fe4eb3394fc854d035033c9e0f3a600c	25832833555	released
c9fb225f-0b00-49ea-a9f6-9e143cc3db85	C239.TCGA-13-0795-10A-01W.3_gdc_realn.bam	d9eae5e91af61d44cb96345eacdada57	20734033989	released
866bafa8-d6eb-4cce-9e9d-20c0a3c835e6	C239.TCGA-59-2354-11A-01W-0800-08.3_gdc_realn.bam	521824aa6472fa67d25b5310f91880b3	18153594300	released
9a569953-5c88-41a5-a474-f4001e160270	C239.TCGA-24-2288-01A-01W-0799-08.2_gdc_realn.bam	ea45d6cb3969b2ffeae3469612af25f9	20322816057	released
b723ee50-aa62-4796-8a49-1f71fcc5248d	C239.TCGA-30-1859-10A-01W-0894-08.5_gdc_realn.bam	e7e976c34aac49733f5b13ef5f2dd799	9250547104	released
cc59edab-693c-4123-9407-2e6379d86366	db75518a1d499d7b92e546aab64e5ca1_gdc_realn.bam	9adc97c521c0e336fe4cca1efd5e3880	17653764600	released
59a82647-03e4-4fb3-80fb-2ffeb6a67613	9b9edbe396b1ce149ede6e423172dafe_gdc_realn.bam	e7039dd350a41860bca492d5ce6792ac	25725837543	released
cf759dda-0176-4580-a604-fa23c6d87146	C239.TCGA-24-2036-01A-01W-0722-08.2_gdc_realn.bam	7f17b5bbccb698158df59606cb26b36c	19973250014	released
7a47ab94-3e94-4c72-8203-02caac0bbfa7	C239.TCGA-24-1431-10A-01D.2_gdc_realn.bam	68c75efea2e073286a447eaca153e404	22994702394	released
8596501b-27bb-4f23-ba86-036a70378353	C239.TCGA-61-2113-11A-01W-0723-08.5_gdc_realn.bam	53d38e5a286c7c9e04679370025a0546	23209405752	released
279ea305-b34e-4169-b3dd-8e96ec56425c	03a3f77e5bbde00b95d2384c8a324ee0_gdc_realn.bam	a4b906d05e4b2e30e7d5a85011e6bff4	25380616224	released
bbdb5873-7855-42dc-894b-f316b3394206	e3c19a84ec8abff917c8ef4e58676c74_gdc_realn.bam	889e5f8044673c837807d7ee015bb83c	30994968767	released
51f08973-b4f0-4cce-b590-2b5e2f564d8c	C239.TCGA-24-1927-01A-01W-0699-08.4_gdc_realn.bam	ab48560b3d40b4ce8213904f9c6dd847	37221074743	released
b0c09b44-20de-46ff-b663-e129abf9e5ab	58c33ace853a426ebdb0c41de1710d35_gdc_realn.bam	311cc80cd55613c36a80c2cd3b9458c2	33762163041	released
b184c0e4-c60b-4bad-9022-953a46c1b4eb	C239.TCGA-13-1500-10A-01D.4_gdc_realn.bam	058fa3b614198b2ec14ac5d2a0e58198	22471480535	released
b221ee34-5178-4263-987d-708478212c29	da745f2c7014ef4c840290776804a6cc_gdc_realn.bam	ce3f8f174273df2dba20540df2df9cad	16634654169	released
480f4884-f2cc-4336-8d9d-66e9723a81b0	fca7b486547d06187a95e3b54b386fa1_gdc_realn.bam	0799ed4211859069a0104e3a4e157ba6	30934609909	released
d76cdf53-7456-4519-b14b-049e0fa16f8e	C239.TCGA-13-0916-10A-01D.2_gdc_realn.bam	809fcf90ae5967ae8a479a7ca6a3ec87	16982355410	released
1fd99d14-1346-42bb-8418-39bdde2390ce	C239.TCGA-61-1995-01A-01W-0722-08.2_gdc_realn.bam	f193b0cd4449f8f45743bdbc5cc5071c	22063318743	released
bb6f503c-b311-4073-90e0-be386d4b5e4e	C239.TCGA-61-2017-01A-01W-0722-08.2_gdc_realn.bam	f96e4839bb908f18b1c864690d6d9064	24501985964	released
1ae78a0c-5f65-4a65-83e8-de44dffda69c	C239.TCGA-25-2391-01A-01W-0799-08.2_gdc_realn.bam	62a713a00fb2b61f509ef3b1ea546f79	19087876616	released
9ece2e42-d07c-4691-a200-b405bfcbaa75	d5e2c92e46635436e57ddd83916017b3_gdc_realn.bam	e7f5ee3254f6f3647b5457fe357a6eff	29155364866	released
d2d030ad-016c-4643-9f2e-e45f4fc72fcd	a084d221946fc2c5d2bf8f10f954b34a_gdc_realn.bam	043217032204e4fcdcf94457a75ede2f	29728216885	released
6ad58e0a-78aa-471e-bb80-6788ac2daf00	C239.TCGA-23-2084-01A-02W-0722-08.7_gdc_realn.bam	c22992347631ef720b14197ce1f4ee48	16933652099	released
d4ef4e1a-f7b7-4634-b1d3-380586774e11	63c015d525f2286367439074e11a5681_gdc_realn.bam	47f384e015c332f7ca23c871d150d57b	23674029004	released
3023932d-83fe-4ff4-a9c3-9b6df736069a	C239.TCGA-04-1346-01A-01W.3_gdc_realn.bam	8a304f8874fb639f3013b67aacf2d09d	21240351650	released
b9f9097b-f7cf-4f75-b081-df5bf8f0aaf8	C239.TCGA-09-2043-01A-01W-0799-08.3_gdc_realn.bam	925ec3a248d4dbd006e82f1eca40bea6	35206984238	released
84092447-3439-4e63-8365-b87d1e86d252	8a34d5bfa9e8635667511d8b738196a1_gdc_realn.bam	aee9876aac91803e442d76002b761160	28266841708	released
3d72a6c1-2e5e-4359-8c45-6df396cf21a0	C239.TCGA-24-2293-01A-01W-0799-08.2_gdc_realn.bam	ddd4309db8ca2879b8e03769125b394a	18873109524	released
1a33b5cc-b9d9-4651-ba94-af9c252acd34	C239.TCGA-04-1361-11A-01W.4_gdc_realn.bam	5e669c7fa8affd82181a3ff9259c000a	20533570316	released
1948ef01-9d57-4880-b692-a5f1aab9759f	701aca66e988e8145df3c2a72fc0453a_gdc_realn.bam	3bd33978f227dbc8ff31405c7f3b5f67	22458177034	released
eb9eaca5-5632-43bb-9da4-184ff6a40519	e528602acbcfdbcd37040af535b4008f_gdc_realn.bam	752501c6569085d9a73c25c0be3d3cba	26666795454	released
11c78763-7a15-4ff6-9f6b-3acd5bc5c93d	C239.TCGA-61-2113-01A-01W-0722-08.7_gdc_realn.bam	763e517f5fcd8f4fad5e9f0e66ef6e72	21823587080	released
c907ba78-903d-4462-ad36-57560bc259be	C239.TCGA-61-1736-01B-01W-0722-08.2_gdc_realn.bam	4c26967df362b38b4c666b315f856507	22537673371	released
dbc63192-8972-46c8-80e0-f6a676d5bdbb	C239.TCGA-04-1343-01A-01W.3_gdc_realn.bam	2fb1b169465f5215996eaff7449b10e4	20611936749	released
b88a3e78-9706-4e23-be2a-a0232b7874c0	C239.TCGA-59-2363-01A-01W-0799-08.2_gdc_realn.bam	07a9985e5bcbae425766c402ff532088	19337270247	released
1421d88f-e481-4827-826b-0e901d8f25a4	e4298abe9e850fd67184c7c063e633f5_gdc_realn.bam	e391ba0aee21d5b3d11a8bdddee2f413	22849756434	released
4e0a40ab-1d66-4ae4-97c1-cc92fffefa0c	C239.TCGA-30-1891-01A-01W-0699-08.3_gdc_realn.bam	8382d19e02e0c76158a17ce468dee30d	22041446758	released
40e311a4-67aa-468a-8e09-1c7daa2d10bb	a72af5061b2ed431f1e32c69b0b46ae2_gdc_realn.bam	5fea004a5d3022862ce0c8f61fe64043	26034423647	released
dd74518d-fb81-4f2a-88a4-2f5259a864b8	627067d26ea31d490ed22314d4bbd08f_gdc_realn.bam	d622ab911ed354b74aea64bbc234cf53	21170786161	released
b268be80-fe1b-4a6b-9b9b-9bdfd8e58ee0	c17978cf0ae29fafe5d4cc47af2a96ee_gdc_realn.bam	b4759106b5bf135b7489af61570fe8d9	23743026881	released
3503fe69-2f27-4b64-b750-61c411edef2a	ae8ac1bd92e34f28ee24c7c676df4dce_gdc_realn.bam	e84607368cac26d2547590e408853369	24475634392	released
a6d9e87b-5446-4cb0-8991-b3b47b48c445	C239.TCGA-59-2348-01A-01W-0799-08.2_gdc_realn.bam	b2d5b3c62d25e6e48234aa90a36559e3	17540163108	released
5141fd0f-e373-4026-9548-04f9ed0ab7dd	ed5fed254a70c22eff1a4e5e23c6f50b_gdc_realn.bam	e7bf6c2eefb89c691776765f0aab3a9e	26170388419	released
2bd9499d-8f14-4c89-99eb-ea51a68ebf03	C239.TCGA-09-2044-01B-01D-0704-01.2_gdc_realn.bam	030ab118d189f5276de8138477ada639	12587838121	released
59fbf9c9-1a2f-4e95-8bb1-d827ce2fb9f7	2a99eb8db3a2f3ec4b119e3a97eb253a_gdc_realn.bam	b265ab61c4f6fe2b0f1b9b0540dcdc52	24023964172	released
41aaa239-9e49-4e2c-9daa-3cf11cd3378a	C239.TCGA-25-2392-01A-01W-0799-08.2_gdc_realn.bam	056605984485b74246f309a11e091d99	17988552700	released
05f735f5-4004-4f7a-9a4f-6ca279ee9d67	C239.TCGA-61-2104-01A-01W-0722-08.3_gdc_realn.bam	bbe237da4c147e7cbf9c635283dd3ced	20534290847	released
21fc93b7-e01a-4942-ba6b-c9a5028c4e60	C239.TCGA-04-1332-10A-01W.2_gdc_realn.bam	681c2f0db8f1cbc0f2964c3f76973e76	12146475680	released
f492326e-a3dd-4610-83e6-a1288f714d1f	C239.TCGA-25-2391-10A-01W-0799-08.2_gdc_realn.bam	235602f5199cdecc0a8c9c8d5a0afe83	18479943044	released
c1d43825-a90b-4944-bbe1-50c3ea80bafd	C239.TCGA-61-2096-11A-01W-0723-08.3_gdc_realn.bam	0ac42eb75d8fc9f7dfdbf949135e2fac	22249535879	released
2d651290-08f1-4407-bdd0-c233e87c9db5	C239.TCGA-61-2016-01A-01W-0722-08.2_gdc_realn.bam	439424ed46a9e33d879c2f341e88f0d1	22598890772	released
566a6514-acb6-4f20-ba90-eb591ecbab56	122c753f67bd57bc7181214c4b0ae9bf_gdc_realn.bam	f4f800bc8d5036dff05e7d89c600da1a	30459900699	released
fc0c99bb-869e-40cb-9826-3d87fb007915	396495e4aeb13711fbf954c5f7ae358a_gdc_realn.bam	ab038609b6f5586247cd9e966783150c	25454811309	released
7b6ae56b-bf21-49c4-9826-74f7b035d0d7	C239.TCGA-23-2079-01A-01W-0722-08.2_gdc_realn.bam	734e75faa566bb4f8f8a03e7cc8b6404	24342058140	released
8f950e20-1eca-4cc6-898c-3fb31da4b074	2a0df78db1047524146910205c6e94f4_gdc_realn.bam	aff842ab0b58a004a65fe224c6818b27	25988392522	released
02cf56d3-868f-437f-83d1-01ea36813dd5	C239.TCGA-13-1487-01A-01D.2_gdc_realn.bam	c16355b8c3007ae328ab2f50273a2a1f	18965723529	released
0ba342e7-52d4-4632-862b-fa2799fb4324	6a75434428a29866cc39a2d255910eb6_gdc_realn.bam	4a14ec1405a457b86515ddacaa3115c3	24580781557	released
072ff018-5ef2-4fb0-bc79-9d342c8d9237	C239.TCGA-09-2056-11A-01W-0722-08.2_gdc_realn.bam	11cfd4f67f18c5e950df4a1d9346deb3	20226660889	released
abf1a2ac-d59c-454b-9ce8-87d9de91c712	d7e8470208c65a3f42e1640ae875ee8a_gdc_realn.bam	4440c3b2c28159a8a17264ea8a8e761c	25849741293	released
091fcbc2-90cd-4c45-aa51-5db64fa24a4f	c3ff8fb569942e28d421143f4d5d6798_gdc_realn.bam	07d274d611fb52c9bffec2ce7d915e81	26134193675	released
f8c8aa05-a628-48d4-8af9-f775d05f8959	C239.TCGA-13-0904-10A-01D.3_gdc_realn.bam	2e165b7abeb313ee6e68fbb8e5468e56	20450792886	released
e510d55e-3dbc-4446-bae7-2ba8fad32d91	C239.TCGA-09-2050-01A-01W-0799-08.2_gdc_realn.bam	cf7ff73bfb9a163b5cb3f41229f8219d	20879006013	released
8b333db5-e6b9-45b3-80aa-f8eb56aa6d3d	C239.TCGA-24-2019-01A-02W-0722-08.4_gdc_realn.bam	025a67605f06a8ab41530847ec9dd282	29491557607	released
9a401d33-9a48-43cd-8d47-9a0366f277d4	4a8474f7122242a1f299606fe5429f7e_gdc_realn.bam	dfb8ae3c85cd4dac207c7cce131143b4	24899505440	released
83a50fb2-c775-4457-a72c-7987586ed396	C239.TCGA-61-2095-01A-01W-0722-08.3_gdc_realn.bam	950c0b40214eb9ad3182e407738dd029	21065967992	released
0aa35951-fb1a-4d46-977d-0718a8d81cad	def06f23a82f103e700f204cd1cb8073_gdc_realn.bam	3883f5f7df44dab540463ad436f3571e	21703756514	released
d74e6598-738f-4170-a79a-4d9d833d6a12	C239.TCGA-59-2350-01A-01W-0799-08.4_gdc_realn.bam	5ebb12647271d353298b5061ce095c92	18805075437	released
f7d839e5-4f10-4052-b353-70d23140b570	C239.TCGA-59-2352-01A-01W-0799-08.4_gdc_realn.bam	d3d0802e17ba331f4dbd4d3f9a5443b7	19802205992	released
2ec4bf9f-c382-4dbc-93f4-535534bc8527	c5e615205cb6d9fd545e7ef0e9934a6a_gdc_realn.bam	f76713c7082bcd203435c60939e94deb	19156095616	released
ea3b0737-1bdb-4995-89ec-3e18ab03a08f	e2c98de90c59dd02e40a1e44cc026627_gdc_realn.bam	05442cec13a4c0c28e923a11d685c3b8	19881284336	released
6726e87d-ff98-45c6-817c-031473f5e20c	C239.TCGA-09-2045-11A-01W-0799-08.2_gdc_realn.bam	b4486718cc521f3dfe895f235fdf0248	12629696216	released
a9e97603-58d0-4e61-96cd-bd697cf45ca2	e3fe57f81ece6bab93f20c0c3b0e8804_gdc_realn.bam	b5bee48e93e387d0212114ac2a13ad81	25279710789	released
1686d945-3487-40be-8c5a-14ea6aa4c709	C239.TCGA-61-2000-11A-01W-0722-08.2_gdc_realn.bam	669cee2342682498ff0703dd2f24f291	24264214132	released
2a60207a-ed33-4a57-8a44-56a92479dc02	C239.TCGA-24-2026-01A-01W-0699-08.5_gdc_realn.bam	1043a70154a47992afdcb937bc41a288	37147937340	released
bbf9f240-6725-4001-9291-9240f58449d8	53ded6f1c241459a134f4c16ae009250_gdc_realn.bam	af10f5475a9b4c961602700a1d404541	19059022502	released
89f1eb7f-dec1-4de7-8679-c46c8dbf8499	c74977b0e8f289f707a972a8bd2ad18b_gdc_realn.bam	575e37073742dba9cf62ce9725ca30ba	37813643961	released
d2e289b5-0251-4741-8a00-e513367a1591	1aed40deb649f3a283091bdd26ba83e8_gdc_realn.bam	0e1e5490d69bb219ecc273acce732f4e	24789581009	released
b01ee589-0431-4700-abd9-c1d33768b8a6	C239.TCGA-24-1930-01A-01W-0699-08.4_gdc_realn.bam	b3aa64ac8066516504942281fdf03fd5	9048045459	released
7c46fa8a-b6de-45b6-8699-89ae5e3434c5	1fbc5600ad77b8f6aad99bf1be46b642_gdc_realn.bam	6c40126a794c8b3b4885682530fcdff6	25974715826	released
6763908c-6ba7-43b2-a4e0-8781ed8281a2	4a629f5598fef7c5773b050ab968a44c_gdc_realn.bam	b9ed40811b5bdc86e7725daac3e3b7c1	22538272811	released
f5ce0bb3-68b5-4d38-8665-309fecde16cd	C239.TCGA-57-1994-11A-01W-0700-08.3_gdc_realn.bam	f9d17332580ba96094b2ffbea9842376	36278200909	released
73487461-9234-4393-bcb3-26a4d50147ce	C239.TCGA-23-1123-01A-01W.3_gdc_realn.bam	29d5f559cae308c6cf5f323f818a41e2	20838813690	released
7279e97c-1fcf-4ccf-aec2-f1fe0e903f72	38a87cb4c3f09eccb577dd6d040b1dc8_gdc_realn.bam	2a7b9fd3321574ebbc3d9f3a4f40a3e6	22856752953	released
90e9f7de-8092-4d91-8e94-fccc26dca13b	C239.TCGA-61-1728-11A-01W-0700-08.3_gdc_realn.bam	170a4159e5dbc307a4d0c0fe346f8e77	38181902622	released
644702cb-d758-4b59-8442-a429de84a6d4	837683c324871274fd81d716e08c077d_gdc_realn.bam	95a34db2a37c9306f5bfc0d918eb335b	37555863880	released
d64ac658-e6fe-4e18-9849-6a825e4e9413	885951bd9513d39a36f69ff51c7959cc_gdc_realn.bam	dfcdb769a935efc75e63b68826cabda0	25089167009	released
90cf56c6-6a6e-4e2c-a704-90952afeef25	0d9b82f969ba11a233081952ef4cd1ed_gdc_realn.bam	80562a89f3cfe9b33a28d69894b3fea0	30053328808	released
7c4dd430-e7e2-4cc3-8f12-a89c1ea98f9d	f2350aa54216c1df009fd29fcb71c993_gdc_realn.bam	77ecca9b53576f1116d65251004c74a8	25252328426	released
0ec138ee-a7b3-42ef-a03d-122dc052b66f	591d17436a3315635c0c56f910b207ea_gdc_realn.bam	6909bbc2f1557eee109a465b014781d2	26923232459	released
ed81834d-c47b-4fb2-8fca-090d9cd2b429	cd8cb72e1524b0f74a4d320d3d367b45_gdc_realn.bam	faf66d10564ed08dc05baf325dbceb43	22383036225	released
411d26e8-bf9f-42f0-bc4b-6ea6a1cb7f55	C239.TCGA-24-2260-11A-01W-0722-08.2_gdc_realn.bam	ee821e4905c12b59674bb63a065ac4db	22774364454	released
6267ffe9-334c-4d2d-b641-d2914a169e05	1fbc97b74fd2d5bfc5596bbdfcf53c51_gdc_realn.bam	c88905d1a91c426b6a1640c3c22ecef2	26251885942	released
d205ca76-756f-432d-a0bc-6a2f6a1ad7ea	C239.TCGA-59-2348-11A-01W-0800-08.2_gdc_realn.bam	746810f8cd8baa7b17f325c21e90a32a	17230978630	released
8585d395-4aaa-4155-8ce8-713eb999f096	3cf3819aa7c6eb554e8e0ec71ecb98b4_gdc_realn.bam	c7796ec05e62c364d72655e325e82829	27542386200	released
1b514faa-cf9c-40cb-a25e-224baf8b0d75	7967f4c28bc02727af9f52ea192d2679_gdc_realn.bam	de4c07b2e9f1a9dbd2d0a017db0fdc90	22540574001	released
5c7d8643-91b5-4f31-903d-c46ddacf0071	C239.TCGA-61-2095-11A-01W-0723-08.3_gdc_realn.bam	9a05817bb877eff1a9dcc9f9dc199770	20061160766	released
c72b27cd-860d-45d1-91d6-26b3787f502d	8a6904a5dd83e8227cefff11fd1acf63_gdc_realn.bam	6d1f7dac66f368276576313616e83451	25810747779	released
c07789c4-e14f-42c0-9818-d26856661e52	C239.TCGA-09-2049-01D-01W-0799-08.2_gdc_realn.bam	25c0727b056ce94dc3d54b61872c25e3	20336895129	released
3bb8cbcb-162e-4a14-b686-5be200d041cc	03becbafd3b61d967e350c5b252fd135_gdc_realn.bam	f9d92292e1308461ca93512f5ceebc69	23865957430	released
e1737427-9694-48c8-be8e-0522e8603f0f	02f8a1229fa91d3b0afbe3138fd14ab8_gdc_realn.bam	fc7cca20ea840f6a2d66612ce651c0d4	21159213311	released
27b94048-e899-4033-9507-46f970ce4f54	aac842a0e83661702c1a98f63033a835_gdc_realn.bam	5d35fed33c1522335f944bc56da5d71b	22691118952	released
b2f840e3-6985-427b-b8ef-cd7941f4836b	C239.TCGA-24-2289-10A-01W-0799-08.2_gdc_realn.bam	8a6ac042566eb6d5ee7b487b0c351fc5	19120167474	released
e26f7f96-1a6b-4ae0-8bfd-1e795c9355b7	bc35d0e47519afef96c4d972e95503c8_gdc_realn.bam	fabcbf5259fa2bfb8b182730d4ef6efc	23861193608	released
deeaf431-72f0-49ff-b8ad-b633a2189bc5	82c33e5c595d7c559b93c0ac3e9639ae_gdc_realn.bam	5bd22a36fad81a190b7477e71e39bd68	23024801422	released
54babff9-f6f0-4645-8d06-0987b7500603	17f0b101b3d6b7fff56e2bbe75ef2f31_gdc_realn.bam	55afb07fda5b9aa87070da39a0dfbe0d	26918435515	released
512fc312-28bd-475e-aa79-bc4569aa254b	C239.TCGA-09-2044-10A-01D-0704-01.2_gdc_realn.bam	0b323228f64beeb1bcda07960c890d1c	14395357222	released
37af64ee-47fc-4195-8cb7-09dbb37b65ef	39c7a36187d97cd661e773b65960fe90_gdc_realn.bam	34d2b49f3f60676f76bf8299d41da6a0	23583167823	released
ec9de8c5-7263-4d5b-a8f4-65a9fe1a9fb1	2a2993e28286de1e3ea5a6e36493e3c6_gdc_realn.bam	807e7816a1cdc97ebb3caf6ed2e77615	28916123644	released
4e9a5310-1074-47c4-996b-3869da998176	87ce91415237ba85aa97ae964055bc5d_gdc_realn.bam	9e12f6b61400c789b4646375a81f2281	26356168974	released
c60c5f8b-1106-42d0-adb2-560ed916395a	C239.TCGA-23-1124-10A-01W.2_gdc_realn.bam	05b06dd37530be64c52b8960e486ff62	23241676386	released
1218cebc-14a9-4211-9962-e7fad09e2081	C239.TCGA-24-1927-10A-01W-0699-08.4_gdc_realn.bam	391e39fd256606ecabe7befcc41f4426	37160477490	released
9c8352fd-f729-45a1-a8de-bf3ab4eb01bd	e0bbcc1f7e743adfcc3784a17b863dd1_gdc_realn.bam	07e9b00ea9b5ee9d01b9450bfb1d2f66	6216329286	released
7c43a49e-2172-47d3-afac-bb8815f8c623	e617adb4bcc3f1113c67ad16681f09c8_gdc_realn.bam	f5ef805be3e13e5dd4dff043d955f299	47744007175	released
093cee10-c263-4a74-8db0-5fafa003bc16	C239.TCGA-29-2427-01A-01W-0799-08.2_gdc_realn.bam	918d35cfd3a37072e87cf77cc42d8584	18174825565	released
ef7fa171-7247-4a96-b673-08c8aa9088c6	4a334adcfc4e28eb8222f4c439d75008_gdc_realn.bam	14eea2184cc7b0ee7302323623ccc293	24991771498	released
0cd672e8-6d05-4a78-b490-9175ad0ffaec	56b3b466f406a38aff41db531da0ef63_gdc_realn.bam	d1aeb170528a6402f06a0d0cef288911	26902148573	released
d7e94319-af55-4f4f-b851-853696645a9d	f9dada41ab27571fbff509412ced4d6d_gdc_realn.bam	d3d845232ef702d6c9eece3cba95355e	20853528569	released
fa4bf71d-dad0-4b4f-95ac-7cbff9d91470	b83c6ffe9cac27172cbe348e0ecf9bf8_gdc_realn.bam	8cbc257fb48ac2014b6a10ace1d550f5	22954290862	released
3a9ba407-ae3e-4684-a1e1-a6bc128f2029	C239.TCGA-04-1346-11A-01W.3_gdc_realn.bam	0032de9d6bcbef380aab6879611a05cd	22369867595	released
7376941b-5797-4c64-8736-b9b1a21f769d	C239.TCGA-09-2044-01B-01W-0799-08.2_gdc_realn.bam	7f8c76290284135a162482891ae79f41	16591310909	released
9a74ad6b-e5e0-4bb4-aff1-6666e9fb53d2	C239.TCGA-23-1117-01A-02W.2_gdc_realn.bam	235ea5f26b92f960ac332a5c1e6010f3	20373029679	released
a0aff82d-1c94-4b36-8bd3-e9be6d9082b9	42b35ac5ce1b8ec30fa238ae17575ce3_gdc_realn.bam	0d4c4a9aac863627686f9d2f3773e7f8	24701630903	released
b4a0f3b6-e5e0-473c-ae2c-0be14b33a5ee	C239.TCGA-24-2260-01A-01W-0722-08.2_gdc_realn.bam	0581e2ea94e32c1f77892adc96d83525	21317056434	released
e300b0d3-7fd6-4887-900e-2c1d0503993d	C239.TCGA-24-2262-01A-01W-0799-08.2_gdc_realn.bam	a6806498ccd0d97f83dccc1f722432ca	19887549416	released
13b358b2-7d22-4c4b-9b76-2bc9c9b9eb1d	3ccfdfbe75b3d69cafe2ffe512fb267b_gdc_realn.bam	0f9ef06480ddec2ef152befbaf45078e	18030074130	released
fcc6d32d-2f36-4ec0-b7c7-1a1a84bb6e41	1e5d23b61424f04f3e83add689fe302f_gdc_realn.bam	3dda3c6d11b64bc7357beac457a568de	23092069580	released
8c7eed39-db98-4de0-83cd-dc114967669f	C239.TCGA-59-2355-10A-01W-0800-08.3_gdc_realn.bam	3b29666a80594c1300416b259b5fa31f	15694990314	released
00655296-ce38-4607-a99c-cb9217495e21	fd461edb0bde38f12fc1908eb7dd365a_gdc_realn.bam	9faea32e309ad283e49a220b27718d24	18575625860	released
d0cd3c91-52d3-4753-a222-c90a06360c7f	599501b7d5c31de322fc1a3fb5daa374_gdc_realn.bam	2448d3e668cb53be6f8fca99960c7341	16556450637	released
00ae0345-6ebb-4d98-9344-9641e2e94604	C239.TCGA-09-2043-11A-01D-0704-01.2_gdc_realn.bam	5f4bfc50605215fe4a491aa005ca0cf0	17643723105	released
a964f9ad-3914-47c4-ba5e-afb3ef057e0a	C239.TCGA-25-2398-01A-01D-0704-01.2_gdc_realn.bam	a04b64014052788c84ae778e4a2c3d7f	17291204511	released
2c3cc362-f2bc-4ec6-979f-85e451e7cb06	C239.TCGA-13-1477-01A-01D.3_gdc_realn.bam	eaa3b3e9cbcecedb979e9041cad2decb	18955331770	released
08d6c510-473f-4f22-8cf3-c22ec6126350	8ca974b5b788ba472fcafb0c4adfb6cf_gdc_realn.bam	3ea6c6d21dd5f07742da84d2325eed45	27963156662	released
421757a5-6f80-4308-864b-59664ec59f65	6c23d58c5f17e8c28e2b7d9e1f088962_gdc_realn.bam	d810045ff5f9df6289c4eef78713c22f	27580914582	released
909df41b-3c95-4633-a049-7a82a6fa5690	957f41ce18e840bcf9a2c43fee4ea2c9_gdc_realn.bam	8d768faa90e9f4b2b4cbaa3224d176f7	30523385117	released
629b79eb-56c5-4878-a820-95cf6a40541f	3fe553adf2095e69d2a60cf5def840fd_gdc_realn.bam	4445d64b315ce8b897af48ed4150e88d	23528034678	released
6d301032-ef19-4f48-8139-9fc668ba13ab	29b7944737b1c11be2b158eadae07307_gdc_realn.bam	0a6714b20b619caf6c7f8d65b62af96d	26067472424	released
efc5316f-83c6-4296-b44c-d69750a78242	C239.TCGA-13-1510-01A-02D.3_gdc_realn.bam	5b784ac002f3dd4a0e207de17c218175	19824105633	released
0f759635-9620-4e9b-8254-129db42c9473	C239.TCGA-61-2096-01A-01W-0722-08.3_gdc_realn.bam	f67e36b7122cd8a11d7e4b8e7661e341	21978173124	released
78338753-3583-4014-8532-460d21bceea5	8d439dc98525fd0ea35233f83b7406be_gdc_realn.bam	bc2249912963a25aeddd015cf7f62773	25924530480	released
f6bc4585-e7a1-4352-9119-ad461947e26b	72b7222fdb1ef8700238e3af8ca30c12_gdc_realn.bam	755692177ad1e0046a8a1e29278b5f25	17837909400	released
39459643-e5a0-4efd-bade-830a2aeb68cd	636131f56ef69dbbbc9bdacf9377e772_gdc_realn.bam	952711e8433aa4106cfaaa43bf4e8ee0	15567636795	released
80b23b47-9d86-496d-8047-7febcf3027bb	f2843f34225956d19baae846c3bd0071_gdc_realn.bam	01b63b5b06d7f730b88328ee8d7a332d	20332536424	released
238f307d-6b90-4d2c-aaf0-cc362354539d	C239.TCGA-25-2396-01A-01W-0799-08.3_gdc_realn.bam	999ffdb044fa0714917fa6f72898566a	34030178634	released
8ba7889a-f782-4db2-8870-bab4b10b8f4d	b79b1f435df5a5365d9523b52a78c058_gdc_realn.bam	94c894848e20a15ff5c4ed01b85806fa	28214607054	released
94ee8cac-6bf6-45ff-bf14-713a30711c4f	C239.TCGA-24-2036-10A-01W-0722-08.4_gdc_realn.bam	d3d146a3063f7bb368917a89a4f8b68f	8907189711	released
95c75954-c437-48d0-8421-813bb820df96	C239.TCGA-13-1495-10A-01D.3_gdc_realn.bam	d428fdb77edddc440e13df71fa23b371	20324193639	released
495a28c6-d6f4-4cb4-8a38-d7d2ead1a231	C239.TCGA-25-2398-10A-01D-0704-01.2_gdc_realn.bam	93eb261371cfdb893751ab5b5f1d2240	18014103798	released
f10476d8-812e-4150-926b-3d3a17889cfd	b289926eb433b763cf2d2b9ba606c83c_gdc_realn.bam	48be95f5a16af77688350914238c8d36	23184219721	released
8a02c8d3-c5bd-40bb-bc7b-c0aa468dbc6f	6e726c7a2a271845517ed54b0ea4d53e_gdc_realn.bam	418e3ba032af29d8be592bf495b6d271	26939790812	released
b7496b1c-9fd6-45db-95b3-16e1a458b736	66b79146a08217af07912322c6248335_gdc_realn.bam	1a0d6060d49c219915b0f2707ea04875	23254991667	released
f56870d8-6a88-4865-b5a1-ab5c4934125e	98e278d8474252f3c311f2ac61d6d9ab_gdc_realn.bam	c2df1c553874b4be0c07c37f8d3afb4e	22651033703	released
4fa60c56-8c78-43ec-bc63-a0bd942f0d6c	41e8baef0d9ec7290fcee9c7ffaa9ee5_gdc_realn.bam	60542f2b3c9f3dcd4050a35bf825bb21	24561355795	released
fef9ef8f-7fe4-42c9-9f40-6a8a4847227f	124b55ae7350641ff108a2a2e2589334_gdc_realn.bam	bece814162e43a79218ab0c034ff21a9	21268431771	released
4d866d79-6bf4-4305-bc64-0c2097e38cd6	c0fe47e2e0e655385c4125c537ab6057_gdc_realn.bam	d30325e1548c8b25def67dfbe1d9daa0	26430776859	released
b3b81cbc-6aeb-4cea-b294-c872eea10ea8	d59ab5c3c3d1bb8e6d10299102e47d3f_gdc_realn.bam	a59fbb410c1e361ebac8dc63d41272a7	20965778988	released
2d335779-d8a1-46a7-b8aa-3ca93e943c7f	1f7b140feecf7687ea01bdda7a030ba0_gdc_realn.bam	b432375ba5979aae7d795827ab36e5c3	31832423599	released
a29f573c-6c65-4595-9e6e-5e5de03b468c	C239.TCGA-31-1953-10A-01W-0699-08.3_gdc_realn.bam	32d4b900338320961eb22287a6a1b322	38017473357	released
4cc16c1c-fea5-42c6-9fd8-a6eeb15c2311	a8e8aca28a49c6822e1c233df8ba5b3c_gdc_realn.bam	a8c77ec65505609e27722107bdd7f417	24071769001	released
b6de2aa2-6cd6-42bb-9829-52eb639330cb	C239.TCGA-23-2081-01A-01W-0722-08.5_gdc_realn.bam	d20df9ba6cea996f2c432ce69c34f856	29570940778	released
1cba3871-af08-49aa-a5d2-ad1f16b68a1f	cc017f2d9f0cb0943658b7863f84f04b_gdc_realn.bam	f719df8b9c3efa3be216680777615dd2	25215570798	released
e4fb617c-8ac0-483b-b330-30bbb686a306	a24d1e77a7e6c388c5e5750109c1787a_gdc_realn.bam	0e05dc5f39109d21b28fa624b0057204	24004861231	released
5610094a-6df8-44ac-9dd0-60312c3efade	C239.TCGA-25-2401-01A-01W-0799-08.2_gdc_realn.bam	700e1ca95dc359ea33a5fee3f8be6d8f	16848821300	released
fdb50209-c757-4fc0-a58b-fec51d6c6a59	C239.TCGA-25-1319-10A-01D.5_gdc_realn.bam	6bc1d3f547fde47f7ed8aae343e9383c	18031769703	released
0ae76eaa-3033-4af2-be4e-3e2c73207e80	C239.TCGA-61-1998-10A-01W-0722-08.2_gdc_realn.bam	e765082dacf64ec034f67c83a8310cd3	22794114026	released
72885373-2a3d-4acd-b54f-4a735e87ab9b	c22e135ff14a7375a41e6417145d7257_gdc_realn.bam	d1236e595b067728f01f23ec3a02fca8	19989979582	released
7d9e1827-c123-40b9-a6db-5fb8cf7b25fc	2ad623ca04aa7615ed8376b5b9b391d0_gdc_realn.bam	9efa1b9016fca288c943c32111ce9f99	22170156727	released
d52c97ea-f4a7-4556-ac37-4e56208abda5	C239.TCGA-23-2077-10A-01W-0722-08.2_gdc_realn.bam	3073c9bb101912b117dc9099ae163b78	18025062803	released
5fdd118f-7362-4b4b-ae38-74e01e2bacd1	C239.TCGA-13-0884-01B-01W.2_gdc_realn.bam	00c09af9c30e6bcb3907ce68a0d632b4	20759162090	released
3f388df6-d24c-4fc8-8db7-291942a8e34d	C239.TCGA-04-1361-01A-01W.4_gdc_realn.bam	20fca4e86b58d48475fa8c7dcfac6046	19282855824	released
b4e22b37-c773-49e8-b1c7-71497ccc91ba	b10bc1209c4828c3fd175fae79e1aeef_gdc_realn.bam	f4e9728ed8d1855ca311b016f59f3e41	27795495501	released
77e268ce-b8cb-456c-9618-8d86594c449c	C239.TCGA-24-2024-11A-01W-0722-08.3_gdc_realn.bam	1c8f7e2e169a347dc41e413d3ae4ca45	23555424425	released
abf478a1-285d-4459-b0c6-a8634e790082	13ba14331e7b9d10b853903ec10ebe20_gdc_realn.bam	b3a707b134401d8208c9444502bf0773	27004373200	released
f7c8c5a1-1077-4cdc-ba59-600ce222e66e	956d5deb691f5b21617142b74e4b43a8_gdc_realn.bam	83b82d633296e39fe3b552419136d68d	23337512692	released
5670347e-eeef-46da-9cd3-bce43bc416d6	2de3c67e59ada9ffd7f321c4352fdb29_gdc_realn.bam	d4ebe32a237e5ed0850a297afbc6167e	63179678535	released
fcdff74e-52a5-4367-9c15-226e1475489d	C239.TCGA-23-2078-01A-01W-0722-08.2_gdc_realn.bam	1a9503a171423941154813f872524256	24885176680	released
edd0391d-3858-43a7-921f-bc1eba00247f	a72caa318b58e924fbcb70aef3383a51_gdc_realn.bam	6000e64c8e2042824907ccc55f18f6df	17844717123	released
aedb620d-4a37-4b57-a684-7b1b4b06f933	d6efc8c0633bdecf8802ddd94492a53e_gdc_realn.bam	503c29e238cfe321ab88caf96f035c90	21667584745	released
3c049684-c978-4e6e-b62e-e645f121238f	C239.TCGA-13-0800-01A-01W.4_gdc_realn.bam	63b6be03c4fd50b4fe0bb583e6c59094	24034993609	released
f53e75e0-b41e-4bd1-98a1-0b7a086cfbd2	C239.TCGA-25-2396-10A-01W-0799-08.3_gdc_realn.bam	544906e9a1769c43b62d73f349c3cfc5	33048730361	released
21d99d0b-5c4d-4910-a102-aa1db8073d1f	C239.TCGA-61-2018-11A-01W-0722-08.3_gdc_realn.bam	322600f8cebe0e3defaec001fe5ee8f7	22518017896	released
4a911c7e-8198-48b3-85ae-0eae37bbd35a	C239.TCGA-31-1953-01A-01W-0699-08.3_gdc_realn.bam	ce59c9048afbb42bf66e79684652a53b	38347033149	released
e5f25ac2-211a-4fd9-8171-2065fa3b9544	C239.TCGA-30-1862-01A-02W-0699-08.6_gdc_realn.bam	621d295d1c0817b2078a4e6b273e2464	37874466196	released
e9ee247d-2c29-4d83-a7a5-c7a07de44c86	C239.TCGA-24-2024-01A-02W-0722-08.3_gdc_realn.bam	975dfae7f2746876073a9d4778ee17c8	22092644689	released
19b910b3-107c-4f88-aee9-48fed368158c	7a8a0699e5e1fcd52684bface08f62ca_gdc_realn.bam	bf8f70837da35c551f9a0775966efa59	22139611360	released
743c100b-7eff-48ac-a2e5-02498a0cbcc2	cbbe203ca58ce456d67d482b407e33f4_gdc_realn.bam	742265837ed23706dcd5fd455ec9a949	30725413818	released
e4f79f39-dae3-42ce-b836-7e2ff79e63b5	f4e900ef63706a5ad53151b030d24db6_gdc_realn.bam	6429f4008c06c2d068aba481dc0dd14b	23687173938	released
59444644-9168-42ae-9234-8c18b294ab5e	06f7898ab1721f327a4b12e66911c508_gdc_realn.bam	4ac30adf6c439e6046e509e9a3436078	26592939457	released
17b85041-3127-437f-a7ab-76b465fad023	C239.TCGA-04-1349-01A-01W.3_gdc_realn.bam	b25d229392210afaa5af60525b749f67	18037685147	released
ae39a0af-4bd1-4e95-9996-a563a6f232d5	C239.TCGA-25-2400-01A-01W-0799-08.2_gdc_realn.bam	d049a437c9699a38c3fff1923cf52340	19765154353	released
1a74f399-45e4-4f6a-830c-843e70477b56	C239.TCGA-61-2009-01A-01W-0722-08.5_gdc_realn.bam	06523f6a88b7c3dd2f2b23afbf4a7e49	39116270680	released
40d4dc94-80da-46f7-b760-368efbe4c219	24b64a81628df03fa7ab7e48407f7b82_gdc_realn.bam	13e9e0cb07d7342a579f24c42370c0c0	24642400967	released
bd29aba5-7a7e-4441-88fd-0c05a3b0faee	620958881fe54bb58e1505b83a93d71a_gdc_realn.bam	4eea760a6adfca0efbd833a3e1675690	21877880312	released
f4c3b9f7-9756-4190-ba9c-d77a65afc59a	C239.TCGA-29-2427-10A-01W-0800-08.2_gdc_realn.bam	826658d2a7a2d5eb69b03d89549cebd4	17836021386	released
3413fcbd-28ca-460d-8f7c-a39ea588436f	c0b33f9608ee385268f27ec35183860c_gdc_realn.bam	22f4dde5939e1c9037463cbfe955cf52	20647206167	released
7f682305-4091-47ff-afb1-a244a30893ed	4710beca73f2aae081051a99d5bf5aa5_gdc_realn.bam	2710b98c39bf4013efc71cdfff754541	24174302776	released
811c799c-7f83-4d2d-94cc-cc8e1052603a	4a8b12dc7bf5938cf4f9cefbc0e0cb3b_gdc_realn.bam	bf647c8095c225515444f7e014d328e8	25290618351	released
43567ea3-a1a3-4c4b-b777-265c44da126e	C239.TCGA-25-2408-10A-01W-0799-08.2_gdc_realn.bam	53977f6ac10d99d8503537a319caf489	18061199242	released
69f2efe9-098a-44d2-84fa-b2cacb8df446	C239.TCGA-13-1505-01A-01D.2_gdc_realn.bam	df5017aa224337603e9fd964527624e4	18922403944	released
900bd949-b4f5-40a0-b38b-7a9a42ada8f8	C239.TCGA-23-1110-01A-01D.3_gdc_realn.bam	4436a9cde6f96d330258b4b987650252	22513225104	released
f704453e-06c8-4a61-babd-b582b971e811	a0669038fa530159216b59a196078d4c_gdc_realn.bam	82ed8fa835ceb2c77ec1d26ca45cd735	31398521898	released
8c1a1cf6-0506-43fe-a4c7-3d345f38b0d7	C239.TCGA-61-1998-01A-01W-0722-08.2_gdc_realn.bam	a6ca7e56e068b6353041ac13a2229110	21620740694	released
05df503b-2c3f-458b-a052-f096a3f1fe34	C239.TCGA-30-1853-01A-02W-0699-08.6_gdc_realn.bam	1a54572efb6682ec971ed3f1fb29e1e3	38702200108	released
47c4e71a-8347-46d2-b6a4-5f92c734da80	C239.TCGA-24-2290-01A-01W-0799-08.2_gdc_realn.bam	7d9e9980e2fe354595331840b77b9eb2	18360074921	released
c5a2a264-850c-4d5f-aec0-fa905408e697	C239.TCGA-25-2408-01A-01W-0799-08.2_gdc_realn.bam	7a07edf09910ce94e4c8b9cce3436569	20011600261	released
cad27bf1-8929-4ec2-a268-864dbdfc9d2d	8354d16dbfa089db53dc16c32aae44fc_gdc_realn.bam	a484a2fad9f9c5063b52f51cc42f3f62	23282213495	released
9ab70bd8-0e15-4960-9eaa-c086503d6924	C239.TCGA-13-1505-10A-01D.2_gdc_realn.bam	ac4eaebd8622f847a74a4b8c656c1b26	19553639127	released
0a036547-c0f3-4763-8ea3-0248f046429d	C239.TCGA-13-0755-10A-01W.3_gdc_realn.bam	f9cd0d85e04abf0bfdd12b2de8912d33	14530056904	released
88e973f4-cf68-4aca-ab6a-0daa41b5e6d2	C239.TCGA-24-2298-01A-01W-0799-08.2_gdc_realn.bam	e2320604382c86a52c92db2f4b1ef146	18311116864	released
dcbe67fd-5d6f-49ef-890b-e062571abc78	4abe78f38c3ed6d4063d02f410dca522_gdc_realn.bam	09b8eda8a9142b3e0d3a79697abca9ec	26029727715	released
5bf61012-f519-4193-a7af-114306716c65	a77b4b93215f2ac1023bc17d4abe9b68_gdc_realn.bam	ada2f40f613c0846cf2fed5850684294	23123363126	released
3b23ede2-7911-40cf-b8e0-bf30e453e223	f2d354753969e397a3475f0fa4260e6f_gdc_realn.bam	b7bc986fb52aacd5d4b56c0fc8db8c06	49499153113	released
924c9d09-a6dc-41f8-9622-8030c615a948	736031622b8adaedf39bc6cc8eb37330_gdc_realn.bam	96c1eacc3f49d8cc6578b9b74e90d5f7	23654948946	released
9c057030-ba42-4c2c-b5dc-c057df5eabc2	C239.TCGA-24-2038-01A-01W-0722-08.2_gdc_realn.bam	6d7a20b7508b2f51e9c2e9d2cdb1f1a2	23400409335	released
4f2e3322-1a26-4dd6-b015-e5a64c4712e1	9cc1297d0ed71445c59ab1fa672643db_gdc_realn.bam	439524b435cdf93ebe4370a1be7111f8	45367575238	released
1fc22d18-f7f3-4526-86da-18631c3b9465	6e8b321336b8d64d687afb32521b88b1_gdc_realn.bam	a3f84afbbdf9f77684748ca0ed6a9eab	28498804478	released
b800c84d-b4f2-4a68-aab9-ddf8156f1d50	7ea981fe075c3b52eb37e5dd7852a88b_gdc_realn.bam	40b8ad569e6f9edd0e2d5ba1f9fce783	23184423886	released
242d3aff-6174-415d-a401-23afbddd7c98	b9fc97d4f2a0c5636c3bb9c3098a47a6_gdc_realn.bam	87938962babc88256e9861d81594e18a	24109432721	released
c21115ae-af23-4712-b6da-caa572390fcd	C239.TCGA-13-1500-01A-01D.3_gdc_realn.bam	6f544fed3f9e2d9d258aa5a51e7a3101	42625858091	released
eab295c9-cc46-4d12-8b7c-1a5b46a51bca	C239.TCGA-23-2084-10A-01W-0722-08.4_gdc_realn.bam	66bca5ed1b3c30b08c9e96c0b5c6d7b8	35660886807	released
e7c65049-1b78-4c5e-9c6d-7900e797951d	C239.TCGA-13-0911-10A-01D.2_gdc_realn.bam	4b130f28127c63d810563d2a6029720e	19407375835	released
ff30e6db-0c0e-47fc-87c5-3dae24d568ca	9dad5502f3ebfda5a7dd2e94e0ef6ec4_gdc_realn.bam	271bd0440ba58fa793167f6a060270ca	21150112198	released
dc4a231b-e18e-4fd2-b2bc-265795094fcf	1c05637f89d905aff71d9432760606d0_gdc_realn.bam	4e9d19a4d015f286e4c81f67c1582420	24235381773	released
a0496dcd-e24e-44fc-afff-eec21f59cfe6	2f9e430b81cc6ed4f935e62635746c6b_gdc_realn.bam	5b718c0dfe14df681c2f4351d7046aff	15161240990	released
65726544-88d9-4c92-b265-c91bba964664	c635254aa2b8ee26b7e9562e2efe169f_gdc_realn.bam	aec09ee7d838a704d263b1280a367842	26784288576	released
49bbd7ca-df1c-4102-9741-8b1a689ecacc	d671ef45998fd51308e3b0f8a9d0f76b_gdc_realn.bam	a105b14b304b54c17115499123e68d02	22481767594	released
91b89b34-81b0-4568-b347-b29935e89c4d	4523ab60daa8fdf1016cbd18af3dbb5c_gdc_realn.bam	8ec41ae101621129c6476a13ad7602d7	27474502242	released
6c74224b-b3ce-4b9e-be10-7ff9cbdcc1d0	aee86c88f970c41e601614987c6b7016_gdc_realn.bam	bb7d5e4b23349d85a3f90fbe45e5c875	24350844290	released
21a05ce9-f8f5-48c2-be19-1a8136314473	06a5011df15ad0ed6cb532db4047245a_gdc_realn.bam	ffe3ec2f8c65fcd40f48dc5da87d52b4	29571863570	released
86b29510-a0e4-4449-b85c-91705eae9d44	C239.TCGA-23-1123-10A-01W.2_gdc_realn.bam	d18fd1c54d95ebe700f5418297b05708	22111012003	released
a629b6f9-396d-4942-90d3-20c5b3efd08a	C239.TCGA-09-2044-10A-01W-0799-08.2_gdc_realn.bam	b529876dc9d4e2472c45a957b3ff4b56	12692616268	released
49052acd-4510-470c-91d6-96a757f77378	393de1837e918f3eaff06c0cb95581d9_gdc_realn.bam	ffc4adb0c102bafbeef590125de855e2	21653440770	released
a52ddd9f-d2ab-4fe7-ab92-a0220777a1ec	067d45306340f1d2fb31594e684e56e6_gdc_realn.bam	bb5c825bdabe679a0b9428b22e9efed6	24927910415	released
0c786e27-4196-4bc9-a573-c697fa999040	c23998773ffb923266c6ed5f04eaaca2_gdc_realn.bam	568642b0c06060dd596944bf31da8f91	25714607985	released
c35132b7-5c12-479c-ae6c-38484bcb6524	C239.TCGA-13-1404-10A-01W.3_gdc_realn.bam	2c698097377ef68d4009955844370992	18237713422	released
67b28f29-b9b4-4a11-8e4a-e263e3db07d2	1d617913b29bde921dae450b0a866dd1_gdc_realn.bam	209984a94e81bbb2decef24b306b7c76	24891829653	released
46c30764-ede6-4652-9d80-8ff24b024a73	C239.TCGA-24-2295-01A-01W-0799-08.2_gdc_realn.bam	f3c2e156b1e2f67573c0d1842faa698b	17996036121	released
d4201407-d4d3-4e76-9e49-bd764767220a	f748599b73f71287927a61fd54c7af60_gdc_realn.bam	da33c0c8e04ac2c97d3d9837df3a4aa9	24191432240	released
8dc43a7d-3312-4f51-98bc-53ac35f5504c	c8310b4438ad7baed99404effb700b81_gdc_realn.bam	e990103ba87fb75c53aab563ae540a1b	28732978950	released
d4af1cf8-d847-4476-9c57-ea1844a5c991	e5a6a3610bd716764376dff26cf3e98d_gdc_realn.bam	bb8d1c7034ffd6cfa7d6fe9685b600f2	23885387415	released
f485346f-2c7d-4449-919e-75e3a3ada780	753e7c8b620c270bc8173c545b141c4e_gdc_realn.bam	79d5ff41248dd1db6df543ea8cabfd72	23509507281	released
f32d1a67-99c8-4440-bbbf-3a02d0798613	C239.TCGA-59-2363-10A-01W-0800-08.3_gdc_realn.bam	f1afeea048e443d333f61ff30ccb95c7	17864319690	released
6c24ab1b-b7c9-4f74-9a44-08f143c4efff	af10232ca68b42bf50d869945ba201f8_gdc_realn.bam	609e76e227e28c65d277ef6ceb15857c	29340551282	released
b36d9918-bb9e-4f0f-9ed8-26e7f5d93e01	b43903089f462d61f17464e6697f1b59_gdc_realn.bam	7f4f77cd54514f2c5f61b439bf5cdb74	10234686544	released
48836ac4-9d1b-4e8e-90cd-23125e1c590c	0e302cb1f1843d95bdef3fbdf461288c_gdc_realn.bam	adab75c2677ada29cbaa43999e1865a8	24252591003	released
6f77e90a-7538-4f16-8945-f8b92b0385b5	C239.TCGA-23-1022-01A-02W.3_gdc_realn.bam	1f6eda9dd974a60d06142428fb3a5565	19143939268	released
b5246c2e-e0a7-41ed-82c5-d7ec321d1d82	cc21e71a59c667a3ddd8e5233e447200_gdc_realn.bam	c6592e8b3d38d06c1da206ca7d9e9e4f	29071868900	released
2b25ff0d-6f8f-4e94-9e2e-daefecc35742	2c7dd4a55ef948746f474e74b4d8e274_gdc_realn.bam	45d76a316cef76b23aec8e44cfe05371	24924239949	released
fa48db21-e7eb-46ab-9d47-f186317c85aa	88122d5a7c6e7060cbb572ec95dac305_gdc_realn.bam	42fc1323866b511c3feda74a6656b1ce	25690524313	released
74f88eb9-6211-46f7-bc0b-e84082b14c75	5cd3c77c26c6dc9c250fcf0c2b51981b_gdc_realn.bam	da82381426219e46fb6d2adbfc5425c3	30226550024	released
69067711-963e-4cf4-ae9d-69d5fead7af2	c359d66fc7c22e87c669acb9c9658aa6_gdc_realn.bam	f4bda3788be02762ad238e421f5987e9	28649373594	released
5c09a48d-3090-4325-ba92-8a3b787128da	5c94559547efe6299f9772c57f5de397_gdc_realn.bam	a43509b88ba0b3c4f72446d229168eb1	28794116568	released
24bf32a7-5d0a-418a-84fd-30bc58843222	f3d26d5e2fb949a29b361978da942f2e_gdc_realn.bam	006a3e02f3b95d224920dbac590ed171	22862813243	released
e9fd27ab-1c88-4a8e-a2e6-1f3c6e3a0fbd	C239.TCGA-25-2396-01A-01D-0704-01.2_gdc_realn.bam	37c7fefeb02da1aa5c0afee629562edd	18006450074	released
f0893529-2900-4bce-84ed-8831c77c12d9	C239.TCGA-61-1919-01A-01W-0699-08.5_gdc_realn.bam	40a18341f8848fe05d94a41200c0098c	29666940632	released
3a98559a-2b48-414c-a3bf-cf766c340309	18636681b0c12776a718ffad7521e00b_gdc_realn.bam	ddf4f071d9348f77da291321ebea43dc	18150627568	released
e71e6de4-e6fa-41d7-aacd-9fd3129b7bf7	C239.TCGA-61-2012-01A-01W-0722-08.3_gdc_realn.bam	28faebb80f9df6ec7df34a39da66dd8f	24046040858	released
67e50999-fdf4-444e-ba34-b2a60a2852b3	C239.TCGA-61-1724-01A-01W-0894-08.5_gdc_realn.bam	bb86fc5f62cb9acae113e6c9fb047e4d	8802170483	released
edb207e3-8388-4323-828c-22f8611cab48	0e163d7b75de1e4650f5bf1928775c92_gdc_realn.bam	f1aed06c3b976c958cf4aea997e5b02f	25618601409	released
ca361e62-2417-4b70-8d3a-ede331dd0752	669d569f5fe6b04aa6f8476b305770aa_gdc_realn.bam	16ab1f3054465a1e28c0cd481931b3d9	27151970684	released
7ac06832-a270-4d39-9d93-d49b149d9a58	a6050fcf2f410e9b7ea5c795b581efba_gdc_realn.bam	67e790b9fdc5e3f2f8d6df2f1fc1435f	22995569280	released
0e75ff38-fdb6-4648-9e50-0c165a06abca	C239.TCGA-13-0795-01A-01W.3_gdc_realn.bam	d488644128baddffa0c292e7c7e44601	22048461615	released
3c3e5fbb-261b-41d8-9769-1a3898bc405d	C239.TCGA-09-2056-01B-01W-0722-08.2_gdc_realn.bam	4359f43442dc620dd8268e1626cd3c52	21147616805	released
7d5f4c7a-41d6-4041-924e-acae9541a794	5e48e978acc6322060bbd62e848d9685_gdc_realn.bam	5b3abc357764bf61007ff47ee5bd189e	11415510395	released
6b52a8d6-50a6-482e-a09d-4de63daf7613	41750e36391b4a4189d5053f838a32c5_gdc_realn.bam	590030c9f08d1f503f225756e26c4c3a	23629488079	released
a8757881-a152-4703-ae04-f83bf2cf64b7	2de02bf10570ff538722d2d04062e79e_gdc_realn.bam	c068b27675d0c09fc236aedc453faba7	25672575080	released
d0c29eab-b0d7-4fc2-b4ce-4bf1dcbedc4f	C239.TCGA-25-2401-10A-01W-0799-08.2_gdc_realn.bam	43442c90048990eb248546f9cde10384	20325935226	released
5920febb-d8e0-4027-9263-e7d48b557897	28fa97d63ab1c212fcd0c610e796729f_gdc_realn.bam	5f634401fd4576382f8170ba26da7ec0	25287887109	released
72a377b8-fd94-4ef3-a6a0-427652a37726	C239.TCGA-13-0791-01A-01W.3_gdc_realn.bam	4cb44326b060a118e9e468db63f4d99f	21060033665	released
4f72e030-282c-41f5-8fab-a9d3ba1cf6e2	e0bb57f833ea9b0394dd8183bd22b287_gdc_realn.bam	51ad11333dc743b68bf3b0f2394ca301	35663200859	released
1f1f7441-bf24-45c0-b210-027347ed37fb	C239.TCGA-13-0757-01A-01D.4_gdc_realn.bam	ed0fed4a48c1c9885bccb1e9c4b4bbce	21608814587	released
4955a774-391c-49fb-a847-31490d3425ae	6caeb0feea25c0cb4b75b78f83fd3507_gdc_realn.bam	3fa32bd2a620fead8e6dd9ed13929a38	24533901149	released
fb7d3333-8fc6-4074-9755-9a158b78394c	C239.TCGA-59-2355-01A-01W-0799-08.2_gdc_realn.bam	8e3bb7faed7263fcfb07ca610b7b9cc8	18945360968	released
f51993fd-b12a-47ff-9074-e2f628355a54	9d79b4bd916ff6bf5b1cf52eb96ae9c9_gdc_realn.bam	f3fa5f27ee8ab56c619472d474aadc80	19659704560	released
05430cd1-395e-4091-ae89-863c9c2bc399	2a22378f4f29060d14c5c51ba985b30b_gdc_realn.bam	a1114519651bc15c1863edcbce86e603	21599164499	released
8739bb6d-626e-4f5d-9b4c-0e6d104ec76b	ff84b8d6cf264e0c9acb5faf9faab488_gdc_realn.bam	71f982daff491bd8830c922a0baa2495	25871753565	released
494dcd7e-6775-4bb8-874e-5c5f2da5874f	C239.TCGA-04-1349-11A-01W.2_gdc_realn.bam	a28052997df6e2ee5044d93d5a10f04f	19426775796	released
626bfca8-80db-4596-8b8c-ea6bd4945f3c	d9807c92d97ca3b66a2d7d725feeeb42_gdc_realn.bam	9bb1c77fa4d6367bb9d4556ec5b31279	27786843542	released
6b019e4b-8a3d-41a2-9cef-eaecf7d8889d	C239.TCGA-13-0894-10A-01W.2_gdc_realn.bam	19ca5546875005f456bfe93c90b3d712	20516263479	released
37bf41cc-9a29-47d0-812a-045a3a5867ad	C239.TCGA-13-1492-01A-01D.3_gdc_realn.bam	07962d8056f2f17be670f6d1b641538f	18760212049	released
b8fc5648-ad09-4340-9b6a-0b4bd777eeb1	C239.TCGA-09-2043-11A-01W-0799-08.3_gdc_realn.bam	8a8f71547e22d2ae7ce1da0a96196b93	32000767542	released
d4964c11-3c70-463f-a503-aab83f396adb	a69079728f08d2ecfdf88bd035336c23_gdc_realn.bam	cc31672c62416a718fa6e3e5ff4f55f9	23668780830	released
9f9aad85-3e5d-4d10-b97d-c3bf19b5e80d	C239.TCGA-09-2055-10A-01W-0799-08.2_gdc_realn.bam	3272d940ca61c290932be4043314cefd	18078488641	released
150eeb60-c226-4f01-af5b-e39b42864072	b3737c2ff66452d52139e4b8d04dabcf_gdc_realn.bam	375e0e757dc9645c21bd2dff2e9d6685	27216971656	released
190a89ea-1165-4d59-ad7e-7846fe68a929	C239.TCGA-13-0751-10A-01D.4_gdc_realn.bam	30f26042d07c2a45d9b1c82abf1d3c81	19323278878	released
d90335f0-a3aa-4443-98dc-d7e87f647c93	C239.TCGA-57-1992-01A-01W-0699-08.5_gdc_realn.bam	f4fd8d99f7594930e7f4c08931804ebb	36369106744	released
882d24bf-0f59-49db-ad9b-a2b7765c1fd3	0aeb5fc6bbcfaee49278d66944765e48_gdc_realn.bam	7cd1155c8bd69c75749a1c4c35882b37	26556521893	released
5248f2b8-2b72-4229-b794-c390368e6e88	07ce157ad335b0b8214989742f73b19c_gdc_realn.bam	da6dcc5eae4333f8ff252edf61f2e46b	24197600772	released
0a271b25-f7b0-479a-9a04-aaf3b3c9e8f9	dfb2f198fc6c1ff9db8171cc3ca66044_gdc_realn.bam	ae141f06da475942f795d6cb2e79d80d	16730841063	released
61f1f15c-89b9-4eb6-89ce-2778bfe61f45	9dc0772c2af85420e90a36a35be06ca6_gdc_realn.bam	5d45d8fcb1ef8f56d818c2d245fa7e15	20497825679	released
7386c3e1-4402-4dc3-b1e7-080712781ec0	d935f44c861bb94a61e6e1d396f1ae9f_gdc_realn.bam	9005ff77af7f71e8c4f74e9245c261ce	23168299056	released
86b621ff-780c-42dd-8983-6f8138c82998	C239.TCGA-25-2392-10A-01W-0799-08.2_gdc_realn.bam	e2ab85c2e8a6dd9b74286919d1415b2e	19829860309	released
c9d48ef5-773d-4abb-b209-2b7ffd6378ad	C239.TCGA-09-2054-11A-01W-0722-08.3_gdc_realn.bam	d38bd3f9bca4f03c7afc19b6d1a0b0d8	27669536599	released
ec83878e-dee2-4933-a09c-84bda5ad381a	a1f01cf7dc34173f730108120c0d36d4_gdc_realn.bam	4d75735f39d1a3d771aa1e8fa32b3ad8	23788297448	released
112cc306-05a7-4bc2-8397-66c980619a55	TCGA-61-1734-01B-01W-0722-08_IlluminaGA-DNASeq_capture_gdc_realn.bam	93a6639b45833980cf4502453561538e	23303271683	released
b4b9bfa7-eaf6-4101-9abe-3c10aa16a561	79c7d305077d64a8fa8694d777e9a3af_gdc_realn.bam	bff9fa08c11f990007ad6f98a2ac73b6	24494611594	released
2596e406-e553-4f92-8013-59c64f066887	e205a4fa2c03aacff813fd2456879b45_gdc_realn.bam	9e4344d06294274ea16411ac0a249c2b	18734987511	released
586239b5-37f7-4ecb-85c2-d038823c85d4	C239.TCGA-13-0913-10A-01D.3_gdc_realn.bam	7f61066f1fa2008a1325c5ab45d6eacb	20169080967	released
4bfe9091-6a92-4728-a313-c904e5e66260	6e0de0a67fc8adf06ddf94ce68188383_gdc_realn.bam	3a58897b48250090fd5cd63231beafd4	25812679466	released
1201443b-a904-4e62-8eaf-95f36bae79af	3666f54e7f4466b55b03925c2aa4da11_gdc_realn.bam	4cb5e125b415e353201dad28904de811	19991183363	released
749122d5-908f-4c6c-b441-41181898e77e	C239.TCGA-13-1411-01A-01W.2_gdc_realn.bam	f124c16cd092ad065392ea16586b6c34	20676859919	released
c5885b62-aab3-42f1-b899-21dec8134e2f	e11cf01a46eacd6af6c4e1d3c150cc5e_gdc_realn.bam	59fe96a09a6d78b5a27717f0b7207176	26298137555	released
8360a5c5-d6fc-4835-ba08-5f3d230a6e8f	1d763fea73318c8698e16b7d322fe6cc_gdc_realn.bam	76af9a2888f917465d6adcb8518849be	23282184434	released
f5a14c48-843d-45bc-a888-f679832eea3a	C239.TCGA-24-2033-10A-01W-0722-08.2_gdc_realn.bam	c89001ef8691ad3244365d4ac61b24fb	13434906949	released
4e65a3df-27e9-4aa3-b686-a970162ce8a6	a50d31c692a740859a787b298b070f2e_gdc_realn.bam	037f416964f07d0b5330979238131b41	20220944980	released
ae41c27b-b69e-482c-810f-bcdfc3c94ebd	31aebfce62bcb0a97627f554fa945870_gdc_realn.bam	b494c217ee65efd95052fe5318193714	30792285809	released
2baac04e-fc50-4809-8135-89073c693179	C239.TCGA-25-2398-10A-01W-0799-08.3_gdc_realn.bam	1c0e2f37b70222da917f87bcdced8545	30855646516	released
d8e0000b-8ee1-4b03-939b-99b06847db82	C239.TCGA-24-2030-10A-01W-0722-08.4_gdc_realn.bam	6dca4a88ef5ef9db67898b6d2b31a82e	23552165799	released
dc37b97a-2e65-429e-bda3-552eb7a48a03	fb0cdc78a442a717833fe178d6819292_gdc_realn.bam	ac4ee269fe6f6f8e456e0446d85ae130	22040883708	released
3ca5b7b3-e99e-494b-897f-71ca6f1f0839	a36b00ba4bcd133409a9da892a06c85a_gdc_realn.bam	f2d4b5ec2c0ddef9592ed14399404552	21263235306	released
d14a933d-8143-46bc-84b1-f24a6735ff9b	C239.TCGA-61-2092-01A-01W-0722-08.2_gdc_realn.bam	1151ee68b115b1879e4b40993772e92e	24467070855	released
171734a2-2118-40d7-8e05-8e5d1c2d7003	fa3086318857340708635fb7a664a159_gdc_realn.bam	b03a8b8ef2fb47188f817a6fa098b1d4	54820839279	released
e6434bc9-cf6c-48e0-85fb-cbfa00d13905	C239.TCGA-13-1412-01A-01W.3_gdc_realn.bam	9a69b2c7a73fa119431dd79ac31c3be8	18408898839	released
28892248-7f9b-456a-b858-e2651282d8cc	98b33fee90438d97dd3cb1bd8dfbb216_gdc_realn.bam	9024c22b8f724ccfc36510506e7dec85	26148643925	released
f63e5c82-2da4-477c-8dee-4d5e5e7baaef	5f2572557d88d29492f9017f14ca2186_gdc_realn.bam	c41e138cc4fded6cd17c1a40c8f21771	22827182600	released
2d0cc2d7-2670-4388-b51d-c5cafaeb2263	a21ae32c2385caf834c43d2795600424_gdc_realn.bam	9cefdf6736642f7d3274086b429a974f	25889411590	released
aa2371c1-22f6-4d74-b769-37481e6202b0	C239.TCGA-13-0891-10A-01D.5_gdc_realn.bam	ae9f9a9ca201f6f9c6dad143954b586b	19611012094	released
52b440f5-4d0d-4a10-a76a-b177e9d9e3e3	9cab2050a181d02fba501e3a1457507a_gdc_realn.bam	a5daad0b2428e85931868de46a7e0674	26353922098	released
09fea735-4a14-43b2-b0f4-9cec5af5a47c	fd8d9c28003300e8c28a94612464f9bb_gdc_realn.bam	a14f6f81ac801c5ba30988085b7ad7a6	28430581090	released
b852b38d-8be9-40d9-a850-14e1b43968cd	58d420b342f05395d6291917f02ec547_gdc_realn.bam	84cac07d4f63f97f3d90be3df701f9b9	22411136122	released
943d3a5d-8db0-46ee-b507-04311a233bda	8293051bc5d8f4bd6f61e01b5ae1ea23_gdc_realn.bam	c697808c4f4dfdef4bea4d038af91be8	21070379392	released
59a256bb-99fd-492f-94b4-f1a4bcbbaf00	5bbf98a7fa90f9510fc34529d9470442_gdc_realn.bam	f15745620c2cc8d12431a425563f2a5a	24968564840	released
3e45e964-54b3-46fa-98ae-06dd99d30c35	a9ba333238fc591a96b708691b30b1bd_gdc_realn.bam	1ac854d8f6143b6977ad12ebea8334ba	26742065523	released
bc31bc4e-c629-43d8-82ef-507f7559ba06	C239.TCGA-57-1994-01A-01W-0894-08.4_gdc_realn.bam	ec862a6b03deb26b242106f7e480bd00	9108825194	released
620ce4b2-bc60-418f-a72a-095aadc6969a	C239.TCGA-24-2030-01A-01W-0722-08.4_gdc_realn.bam	53f97e52e943e4c8d7ddcbf5981f0f32	20731421991	released
f5a4a8db-1fb2-448d-945c-31b5f6d1b255	C239.TCGA-61-2003-10A-01W-0722-08.3_gdc_realn.bam	8402b753ce032fbdedb056f57bbfe1fa	24194128098	released
84f031bb-ff77-4f13-b1f4-a6a2fb0a6f60	384a6199ad18aa6909f0acb046378fe4_gdc_realn.bam	530123c8dcb1151286aa18ff39043e0e	26630576378	released
e5a3b193-e471-4de3-bc22-425b946cb950	a4f231efd37d5e4590e875f2ba11577b_gdc_realn.bam	9e843e3a770f7d5dec729e8b9cc56066	20755188252	released
d54f2ad6-45b2-4160-abfb-d002c849c807	C239.TCGA-10-0931-01A-01D.2_gdc_realn.bam	3aa71e08f444b3c88e72d901dfcd6399	17014699082	released
c25fd92b-7c14-4e5b-8cc9-f703b3b890a8	C239.TCGA-61-2110-11A-01W-0723-08.4_gdc_realn.bam	c9d2267d0f8d6db33e30a063bfdab960	22181033097	released
fb6c471b-1ee1-4633-ba77-ad23f01bdf97	C239.TCGA-13-0804-01A-01W.3_gdc_realn.bam	339f0d100c09a9d892b835ec1c0e70e7	26253503583	released
267140b4-4b08-44c6-9d54-16d006cff071	C239.TCGA-10-0934-01A-02D.2_gdc_realn.bam	656077cf049b17ec4d6e504a36f85523	15636612600	released
37ef083e-a98b-45b8-909d-6f14aa956308	C239.TCGA-61-2002-01A-01W-0722-08.2_gdc_realn.bam	a7e04d487f075a104d4c8c5cd2dfe55b	22495186877	released
80ab2e8b-ece6-4fbe-b043-896fb612983e	C239.TCGA-61-2109-01A-01W-0722-08.4_gdc_realn.bam	b463b4376878d77871c8b584d86ce66d	21848935945	released
ea6c984a-1511-4bd7-b54c-245e59ab6cba	C239.TCGA-24-2290-10A-01W-0799-08.2_gdc_realn.bam	b9e246e8bbc75a38cbf18083929fe2a0	17094990176	released
7f2dbcd5-b99f-4c94-b8ab-232fbe1cfb44	C239.TCGA-24-2035-01A-01W-0722-08.5_gdc_realn.bam	d5ef60d365d8a25b40b4e786d8ddb12e	36430494368	released
2dd18c43-dff9-4b19-adf9-51ac09bc72f1	C239.TCGA-59-2351-01A-01W-0799-08.4_gdc_realn.bam	d09a9dfb127311796dc45fa1dc7ae08c	19682948913	released
50368b93-25d2-4e57-b019-ab76bf1e4235	4fe325b8ca2f5a283ab6eeda1241ad19_gdc_realn.bam	be77a78bc81f8ca8926fa35424d1acc6	24151667364	released
134eed7e-c521-4dbe-a330-de33f8a12b5c	C239.TCGA-20-0996-10A-01W.3_gdc_realn.bam	6ebdfc9b1a8eadf0f3bbb9b13cf2b206	19503746975	released
bea4bad4-8f63-45e2-bb40-0a2064ccc2ad	bd56394232fec356955c8ca9af3312bb_gdc_realn.bam	c1de16f07badfe4b50bc5d3629230993	25635506261	released
e4b22d5f-b206-408e-807d-5289f41fae6a	d8ccfffc40e72a6c4ab4de5266457d36_gdc_realn.bam	2925ef31b2fe237e024ae946725c1a57	22895295696	released
9d34c966-e49e-4cd1-8559-35db3e8d187e	e62a28fba1fde547e2ef054bd2495963_gdc_realn.bam	399c9f0992d09d52d41906d03107d6e0	22571573954	released
2b26d49c-1a61-4f31-9503-64fb67e7e249	47a7b73d1ba2350f3868c46145c3583b_gdc_realn.bam	5d7be72805c10948eaab8d3472fca378	27845569721	released
e5752e4e-2c3d-4f54-b399-7d41166daf20	C239.TCGA-25-2393-10A-01W-0799-08.4_gdc_realn.bam	75c141fa7babfa6692b7b175e8a8c358	37805583553	released
9db57cb0-97ef-4dec-bffd-4ace2f3b7de4	C239.TCGA-24-1467-01A-01D.2_gdc_realn.bam	123230a90d7db44474b3cfa422042d05	19802088601	released
4206cd29-bc3d-4986-b0c2-36a940843580	C239.TCGA-59-2349-11A-01W-0800-08.4_gdc_realn.bam	2be1dbe139ba76e2a2a4a1871bf6cd3f	18613060077	released
d8e4a15f-d605-4ab4-bc4f-e78b7e24fd7a	C239.TCGA-61-2002-11A-01W-0722-08.2_gdc_realn.bam	05d7b8719ee829fbcbd07497c7a37a9e	23650980392	released
aede5538-6c6e-48c3-8a75-c28225fb809f	2999b8cf93fd0bc33a040f16cb2f18f1_gdc_realn.bam	ac37d8f3c0a458c75327e83806133754	24071762695	released
0c5b5925-f22c-4231-992b-3ae0b473c43d	afd9e8392d05381fcc11c73035c706fe_gdc_realn.bam	224c2544f2d538d6f4093b128efac16e	29376322292	released
ed305dc5-84a7-4fe6-a81b-444faa90911b	C239.TCGA-31-1950-01A-01W-0699-08.3_gdc_realn.bam	e9994cf0b118788481a09ad517848b9b	33335048627	released
4dd02fe1-ea4d-49e6-95d1-f6ead3580206	C239.TCGA-61-2012-11A-01W-0722-08.4_gdc_realn.bam	a250a34eaa9712f6dbd7e5a34cc8f06e	23790918223	released
ff180521-5e36-4367-8989-3c07f1f56acb	C239.TCGA-29-2428-01A-01W-0799-08.4_gdc_realn.bam	4135fbc53c816cebb77a3b4badea04bb	18780568055	released
5c4559cd-0241-479f-b1ab-ad55f679b906	C239.TCGA-13-1477-10A-01D.2_gdc_realn.bam	31000f7cb9f1084245965836990290ba	18076542722	released
f4c96076-a1d2-4202-83c7-ced21f06cd23	db4809d055133e7aa4724aaa2071e506_gdc_realn.bam	bb843200a7a585765238427c475cad55	14921670534	released
5bf243fc-18e0-4b7d-b486-a93232cbd375	C239.TCGA-61-1919-11A-01W-0700-08.7_gdc_realn.bam	be48894e09bd5e93f5385e70deec8bda	21686300051	released
1abafcf4-da1d-41db-aa0c-262217093c07	C239.TCGA-61-2088-11A-01W-0722-08.3_gdc_realn.bam	d61553f0d4ce1db37f98f748e1153bd3	21236051944	released
79e00746-d91c-4921-8a1a-ed17d705a562	ce55470e9f833b4329233f6c2fc1c2f9_gdc_realn.bam	0137ff0adf59d033184bb2b5d18bc2c9	22415050320	released
7614426a-334d-4669-9c9a-50d3379ef554	C239.TCGA-04-1336-01A-01W.2_gdc_realn.bam	2636bf481c5745e14786bcb9aa87c687	18806823176	released
d6ef81c9-15d0-4ee4-b71d-e05e18f67cf1	C239.TCGA-25-2409-10A-01W-0799-08.5_gdc_realn.bam	6c05a15a43a9871f7658d34c28509990	19292933349	released
c5b21263-28ba-44a6-9927-0eace3ceb1cb	b3a2c65b1ac548a0c31bc4f51a3d50d0_gdc_realn.bam	8b32fd9eee88e8d343d98bd0384d5256	29471614500	released
8183c4f4-f2a4-4192-9bca-11e4ed3c7ccc	ceda10f38206dfd2ee8e67f857116879_gdc_realn.bam	60374f78344f1143a7f0cc2fb4bfb391	25539283512	released
837e8fbe-f1fd-441d-bfcf-0f44661e6a05	C239.TCGA-13-0894-01B-01W.2_gdc_realn.bam	b2b2cbbd0ad69056616c06dc6a2a121f	21358646373	released
262e3f75-911e-4947-813e-c286915bf9d9	C239.TCGA-24-2035-10A-01W-0722-08.2_gdc_realn.bam	ab0a3ffd494493a57198ef2254896938	23052317224	released
27930ed7-d01d-4919-9163-d800e0b5c7c6	C239.TCGA-13-0921-10A-01D.2_gdc_realn.bam	bae26bfe04f18ce67e869b33dbff46a7	20994295487	released
67e4b543-3468-4945-a093-2cf18cb5e921	aebdeaccd7b4b484e4f9b599ba105f78_gdc_realn.bam	1829557161b1a36011383360c132fb4f	23592856667	released
d01f012e-0a51-4e22-bdcf-955dbb84a357	C239.TCGA-13-0757-10A-01D.2_gdc_realn.bam	bbfe0e7ba26adbb67126bacbfb3c6041	23110178254	released
fe429971-9f17-4463-bda3-900be0ced1a3	d71f78ca41167d7c51c524880e41b3bf_gdc_realn.bam	3f9a3f2fb6f5967946cfe63e242d9923	22649986346	released
0cf12a42-7c3a-49f5-9ad4-f53856ecf295	C239.TCGA-24-2271-10A-01W-0799-08.2_gdc_realn.bam	e9685ea6ae007d450d3f0013939de6d7	18046803026	released
07659525-14a6-47cf-ac5b-7131733b42de	2873c83dd435a87c79257d7eaf195a82_gdc_realn.bam	59da67dcf0190bcdc41cf01a58bd1d68	23748869273	released
8b87919b-fcd6-4c20-a412-096ad4629294	3f14ea18db8b08a84cf989213f6911a7_gdc_realn.bam	96e5ed7f9882e5fde05eac0ac8e2e58f	24872782991	released
f0cc3d73-c740-4739-9bd3-45d220d6e9a4	C239.TCGA-61-1736-11A-01W-0722-08.2_gdc_realn.bam	84e138f8dc1acc4ead9658b5674bd422	19123849714	released
e0eebd62-0fd4-4ee9-bd76-7f240c100b88	ea4acfb1214de3f1ee06001173188930_gdc_realn.bam	1ca6ec07e8dd660a7e1600ec81406102	27690926482	released
1eb748c0-af87-49f0-8c72-928f878f07d4	0990c957ceeb586f6f4087ef436993c0_gdc_realn.bam	465050ea082fd26d1dc816f8acf93c23	24312043731	released
540249d3-1117-48b6-98d2-9e3dd99a9ff6	3a1b9101f270a51673ba1fbf388a1482_gdc_realn.bam	8210084c0af6e6f9ca7e4e3ff7b7e55d	26322488838	released
2c3f071e-16ca-4ef7-a55d-99b9d6842957	ec8a337ba9feece413e2a8dbb7aaf02e_gdc_realn.bam	18eb83fdfb7282306a11f7bbc1de837e	22601690495	released
50cd1f16-66b3-478e-a5c1-80fcabc16092	C239.TCGA-61-2094-11A-01W-0722-08.4_gdc_realn.bam	929eaa7d3b4825b1794e2a804a3d180a	27356658872	released
47681e37-0772-4239-8e46-a511eb78ef54	C239.TCGA-04-1347-01A-01W.5_gdc_realn.bam	137d760a9af098eed22d9c75a7187e63	21476657591	released
11684852-bad0-4241-8e89-2d35db60b237	c79eb98773af8396d6eaa8a682124799_gdc_realn.bam	7171f5867a9029264e9181e9c5ace735	19826848380	released
34e77ad6-ffe2-4821-a70c-461ddd7168e5	a22e176fc4fca69429cbb98e9d286860_gdc_realn.bam	d6c5b5ee3c7aa092eb99ba8e5e74c697	24507972851	released
bc1a336e-ce49-4999-a428-a2d67e6fe9e2	9224bd66dc0dd16ebb5ee431e4684171_gdc_realn.bam	4736f459e77b31c579175b25ab7460b2	16820358277	released
a1a9eaf7-e956-4450-91f9-138b12d163e9	39b3d13a740c152f1cd71e35b907dfcf_gdc_realn.bam	b333c3906b254a188818ec5b26558384	15519948258	released
301046d2-b45d-45cd-9bc1-d2f55898409b	704f1f054e374fd3c54278ed67da3aad_gdc_realn.bam	431120e344b5d5168f7d3fd2f0388680	24030382809	released
c47a1802-2baa-433d-a019-6c345e9e97f2	C239.TCGA-25-2409-01A-01W-0799-08.5_gdc_realn.bam	a7bc18cbf939babb15ca07c63c48f51b	19693586996	released
3bea20a9-64e0-4657-a807-43b64205c6ca	C239.TCGA-25-2042-10A-01W-0799-08.2_gdc_realn.bam	73662fed45c5450d3226e5efa8c1827e	17321098460	released
4805db8a-9b0b-460f-90c5-f173d2c62a4a	C239.TCGA-13-2060-01A-01W-0799-08.2_gdc_realn.bam	ef770a9efb137b5bd14dc5a23d2ece3c	20977580671	released
6cee1828-09a8-4b9e-9557-2982baf5a6c9	6b78fdb4a3d6dfa6fcb495275f211ad0_gdc_realn.bam	bd1f569b368c47f71a040601475e1b11	36754550456	released
730cfd59-2e1e-4139-8b9c-5f0cafd93f1a	b4b48c38a71298e58dc1ef2fb99dba6d_gdc_realn.bam	0204daec5656874b73e8fb561a374718	22797250368	released
f4ead55f-b444-4356-8c97-3f28a4322ca6	6b9ed07032cc4e47f57b8bba810eb988_gdc_realn.bam	4bfb752c1033d7584484db506b92f34e	18471779224	released
cd0a774a-1acb-4c11-ad89-500e12fe9b50	C239.TCGA-23-2077-01A-01W-0722-08.2_gdc_realn.bam	0ffc5194b628d3f6434d5778487ca804	19560296620	released
065c1aac-64f3-4d13-a72b-38878fd6f747	e38359776a267e900e6e2eee9d79a2ac_gdc_realn.bam	a57bfae6c00b99426b256cb220006efc	25614099046	released
da09db69-3449-4518-8eb4-37d3967119fc	55cf1bb3e83ba04eb41134fb0355f669_gdc_realn.bam	09f477fd9397c0812a21ef1e3abc882e	21688070107	released
e50234fc-6370-410a-8053-0eeb1d136bbc	C239.TCGA-24-2280-10A-01W-0799-08.2_gdc_realn.bam	738578484a70e4172b5e4cecb8699ff6	19146953183	released
8253e658-c986-4ae5-8f86-fa5429b0b85a	C239.TCGA-10-0936-11A-01D.5_gdc_realn.bam	ec603846fec550cd1067b0bc8d774784	20509475847	released
c00289dc-4229-427a-b8a3-1618f74ec833	728d1fb15a1d2e731ef1dd567cadfeb1_gdc_realn.bam	95f6d9769b2f159e2ee33ef0013bd1e9	25921178476	released
0bf29d10-40c6-4816-8db6-5c81ceb51b5b	6b2dcba546ac743704e9b3aa3a2d6460_gdc_realn.bam	92bbc0b8952925b527920e086cc88e8a	21821553026	released
2fab8744-2996-43a4-b115-2297da964bff	ad1e9a14f8c529208b69b064a3965107_gdc_realn.bam	c118681c79f0e57daec1ff0bf0acc46a	25709954729	released
d6d6ea3a-05bb-450d-b226-75a61b812082	C239.TCGA-13-0760-01A-01W.2_gdc_realn.bam	18e6c70c00dea2b0accc365979150023	20519948968	released
a912c232-e0e8-4a12-b7a1-b59469a500c8	abb9504547d4c49fadf15631bc86ec74_gdc_realn.bam	ce6da92f35b5a6fc11fd6e68681ac013	24977501623	released
0779b966-c386-436b-9a40-c3629bd45356	ad4306bdc434ec2ae1c4c564cdba427b_gdc_realn.bam	d0842313f130efb5d7e5b1c9b5ae666b	24288662506	released
670f70de-91e2-43fa-b0fb-69e051301c2e	C239.TCGA-13-2060-10A-01W-0799-08.2_gdc_realn.bam	3d78489a149421c45fd20b3f07f3a551	20303740929	released
9074aa19-25bd-409b-89ca-bb03072f5cd1	C239.TCGA-04-1347-11A-01W.8_gdc_realn.bam	8e031e473072a9e59358a3869ee5ead1	15726426454	released
4a33fa71-e25d-4964-bb09-d5e0292f5c30	C239.TCGA-61-1995-11A-01W-0722-08.2_gdc_realn.bam	aaedadf3ef6559953d87c9a5d009c1a5	21038545082	released
08ab4f4f-538d-4908-bdff-0b44b5698be4	2e75f5ce361f222eea9bf4623b9671dd_gdc_realn.bam	0fbb9a1696909f4d732d56c8f4532900	25389370998	released
7e782012-5a61-48ed-a3e2-0cfdcdd9467a	C239.TCGA-13-0755-01A-01W.3_gdc_realn.bam	037ee874f38ed9fefb99e86c847e375e	21609190639	released
4d4de916-cd27-405f-a9e6-724dd01eaced	3c1557f91b78d1a615514cba3e3aaeef_gdc_realn.bam	d2cde385cd4609cd00af9f7492b5e1c9	21485153610	released
60ba01c0-8ef7-4f63-9b98-5e29c90db7df	C239.TCGA-25-2397-01A-01W-0799-08.2_gdc_realn.bam	faa0477e61f45c97166c9add1ceb48c6	19940537321	released
c0fe73b9-8185-42f7-af67-b830aada670c	C239.TCGA-31-1959-01A-01W-0699-08.4_gdc_realn.bam	ec67635149c92fe5a49e6ca7a1f6bdfb	34603279228	released
bac020ce-e142-4e03-a323-51cc6565bdf7	5e9e85022fd82b3f17f1d666f463ba74_gdc_realn.bam	51f838e7a201e1bf865fe493536d5788	23692245410	released
26f84925-c4c2-4686-a07f-de69b6f8f3dc	33a0bd2794a0e57e43b05088947ded41_gdc_realn.bam	d8ac1ef19c622301387d8c46fcc19a8b	25367673091	released
dbeeedb5-67a7-4507-9b11-89508b0af251	1d172a6fe58afdbc2892d84241759245_gdc_realn.bam	31b162fddf351e86692a220c472e1083	32431790856	released
2af044a6-f073-48aa-b988-67b83f23b424	67c4dae44efb6f957423847db7f0eb51_gdc_realn.bam	5e56f2cd147671346d05331dc2fc2cd9	24538643108	released
a14e1761-225c-4013-bc15-e8e8b096dbca	C239.TCGA-23-2072-10A-01W-0722-08.3_gdc_realn.bam	73d878c87076ed6227cdf41f40837cd5	21922900416	released
f0d8596c-8613-4dfc-8415-57ad46ef87a6	a31c30a016b40897115443081f3e4967_gdc_realn.bam	839921ae7324c6ae1459c8c9c855919e	24813376094	released
3d1f1400-b586-4ef4-a14a-3bd42882c229	C239.TCGA-24-1431-01A-01D.2_gdc_realn.bam	c6fda7291df208159108d9c5300cc0a5	15233012825	released
f73a3df5-2df5-4f1d-bf7b-1356391659c6	C239.TCGA-09-2050-10A-01W-0799-08.2_gdc_realn.bam	b9499d1a5c5912ae527d5adf1f3f2af5	18108626699	released
60be081b-3c3e-4fb6-97f2-2a8653e53c22	9ad3cf7c20098a0cd98c85bdee353aa3_gdc_realn.bam	16027fe609d1bfd58b899f86f4754e30	23184131005	released
1e8241f9-fd32-46bd-bda7-ec79c68f3e95	4c62940439a5052b1d86281b207028af_gdc_realn.bam	27b4704d4b6c28cbed15d653556252f0	24860172833	released
74100a2e-200a-48f8-a539-ead972fe2d85	b9dc87bfa2e7cfdcc80555eccf576c69_gdc_realn.bam	c7d982ca2cf814ae210bc0a299c8700d	25538962960	released
9c696325-5716-4bba-bddd-f1c2ff8cbbff	6fc008e5af731f9ee9e20d5045bbeace_gdc_realn.bam	0831b31a667894144c081123e06e5a58	26459848579	released
c833879c-dcee-4542-83f6-f5c7cd1d4763	C239.TCGA-13-0758-10A-01D.2_gdc_realn.bam	912761c4c2c774627abd289a18c09f35	15669757830	released
17903d09-c494-400b-8b5c-3c98c72d5401	C239.TCGA-61-2104-11A-01W-0723-08.3_gdc_realn.bam	25fdb8d09244c066e59dab8fe03121f5	22483419934	released
f9da645b-4371-427b-ac65-0297ab659c49	b964ccc56c543e08927bb88d869eacf7_gdc_realn.bam	89cd75b086c94a57750eb2f64a0007b3	18709480540	released
4bb94929-5b8f-4d64-bd6f-8c5e239a9842	C239.TCGA-09-2055-01B-01W-0799-08.2_gdc_realn.bam	4f26caf286048576f542dd83f07cb629	20076601171	released
6e686323-3ec2-430d-826b-ecd56b556ee0	C239.TCGA-61-2087-11A-01W-0722-08.2_gdc_realn.bam	4b0bbbf9806d9fa9709a5a166c4ee58a	19546277925	released
e971f88a-7105-4d03-a76b-2dc00ba800d3	a6bfbbf5cb4fa7afe5d855860a5d74a7_gdc_realn.bam	37e701550a2979d4c1df1a10cc48d807	23187422230	released
00f79634-3ebf-4549-a2b3-e6c2e4124878	C239.TCGA-31-1959-10A-01W-0700-08.3_gdc_realn.bam	144bb73299584677e898ef4973f8a3c0	34985916119	released
72ad47ff-bef2-42ce-83a5-c74a4449842e	C239.TCGA-30-1891-10A-01W-0699-08.6_gdc_realn.bam	544b5b13e9b9efeb8013896bb868f671	39834067737	released
df3e8672-f224-477f-a9d5-101f6f279bc6	fa2487d34dd9469c8386890f09c4b2f1_gdc_realn.bam	50ea203b1ac542bdb27978093c226f01	23032961169	released
eba8a23d-cb38-4192-9e76-22b282ac6162	53f19ac420a13561e1e22d9c80ebaae9_gdc_realn.bam	74a80c79b808e269a15359d0010932e1	37968362019	released
3792973e-b0bf-4d3b-8276-d588fe926535	C239.TCGA-24-2254-10A-01W-0722-08.3_gdc_realn.bam	ff531d24ba67479f4ebe0d270d621bfa	19408952470	released
358c17d9-0df3-420a-8c3d-e13fc9b6864a	C239.TCGA-57-1992-11A-01W-0700-08.5_gdc_realn.bam	4eee7fb98052b2f7ab3f21b8f7519035	34244177000	released
aa9b1236-92f7-48ef-808b-099d12780fbc	C239.TCGA-61-2018-01A-01W-0722-08.3_gdc_realn.bam	fc1a65bee211c33a638ed78e13bb6dd0	21437951051	released
13ff1fff-cdf4-4144-ae7a-f4302e7f39e3	842fd3d263ae713d13d1831bc02825fc_gdc_realn.bam	2a550be47fb0fe6e8dd8717c225010d5	27127452824	released
4cd555bf-e1a8-41ba-82c9-8586557d86cb	93da48a5f5bd36daed19d3ce38d5cfd3_gdc_realn.bam	b0786684b7d1a3b3e43f7b67e6da9f67	27039938686	released
cb315f03-b553-48f7-8eb7-bb65ccabcd24	C239.TCGA-13-1412-10A-01W.2_gdc_realn.bam	9ec4a16e5755e57b942ef893365c86f7	18062402498	released
a4df45e0-953a-4124-97c0-d82e7a33a16a	a1d77a974f879b3e6d046d1270b9dd71_gdc_realn.bam	7d5d0c8ea2cfb1579ee4d66ff4f23d26	28926137261	released
704e663c-d4d7-4eb9-ac97-4463c07c9eb4	C239.TCGA-04-1348-11A-01W.2_gdc_realn.bam	8191ed43e338b8f97384545ff1973ee3	19960826704	released
8496ef51-c663-463e-8296-5b900a2df602	C239.TCGA-25-2404-01A-01W-0799-08.2_gdc_realn.bam	9567468d28808ac71962da52189acde5	18501831062	released
700eec77-9d5b-4a0b-ade2-d4f5f0a07443	b046756675cfef0f4d5100c73cc1de20_gdc_realn.bam	ebdbdaed3c787d219bb1010428ade88c	25291888559	released
eff7d62b-e92f-46b5-899e-b356c97051c0	TCGA-61-1903-11A-01W-0640-09_IlluminaGA-DNASeq_exome_1_gdc_realn.bam	ff96a0a90dddbf82b70373a2748ebbe8	27393146643	released
373c7080-917f-45ea-95db-966604d8fad4	cab6d27b0e33c06cec2f0358020746e6_gdc_realn.bam	6a5ce45d09b29a9c48a54f1d3459a145	20990172057	released
e40a5f3d-7d13-4f4e-ab5d-3e73e8f5d717	527a3176ab850d5d6cc42d5d37e4dc86_gdc_realn.bam	03e9d4cd98e19f1ae14da613272e6a1b	23907767630	released
8ffb8977-a41e-4dab-9448-5e7d8e8e2fdf	526056dcc6c96431b9443d327729d3b6_gdc_realn.bam	c7ab0930e81675030056f91ded51121a	23765069350	released
7732de34-8f4a-438a-a9cf-d0ee1f4a574b	C239.TCGA-24-2262-11A-01W-0799-08.2_gdc_realn.bam	9b32f60c25260f73875d3b384dce0d5e	19562427076	released
8b52cfa4-993c-429a-ab45-19ad32796826	dccb9079d7728535ce9d3a452f7f05d9_gdc_realn.bam	251e7451dc7478076840e92000a3dc7a	25441878609	released
f32cfb45-6d1a-47e6-8500-288500b29244	1e89fba326dbe4790cd80d0a80af9b81_gdc_realn.bam	0195d55061177788a2e8e099bc9c9155	25383702359	released
834517c0-ecf8-4ead-a573-7e77805a9b13	c1b52feff296a6a69188d8b42517abb3_gdc_realn.bam	6f1b27a043d992411fa7f5fd6df50ca0	24155863811	released
f1d0a3d3-b4c7-459e-90fb-726db3f7eb71	da8127f3412615927164ae081168714a_gdc_realn.bam	c6acd0d8f8843eda6aaebf216e0c45ec	24262168112	released
813b2a9a-9864-4826-9057-1b49f58fd80f	C239.TCGA-13-0883-10A-01D.3_gdc_realn.bam	7a3824166df344f585dcece854386465	24343770916	released
223315fb-16ef-453a-974d-905251097da9	dda74474d98ed32b9eae17afcf9b3d81_gdc_realn.bam	578aea1177d9f6d4823bf284884e571a	25990210736	released
8b8120fc-150e-4cf1-b506-47d0d3179c7d	42549bbc37936460b908f231e6191b23_gdc_realn.bam	c8bf12aec71d1470ddc0022b7727433e	23641333573	released
1134d54a-ca14-4798-ba02-071d3034fc09	daf2526bbb441257eab39a4cb513cb08_gdc_realn.bam	49a3d5f68c5fe4831e7a2c3e6e96b4da	25689133973	released
7a3f0f3f-cb5c-48fd-81f4-d60eaf4c8efe	C239.TCGA-09-2053-01C-01W-0722-08.2_gdc_realn.bam	726a4f9750ca917957b9bd44dc1cd8b5	22172666303	released
292deb67-2518-4c0d-ad05-17e12988bfd6	C239.TCGA-25-2399-01A-01W-0799-08.2_gdc_realn.bam	645a1cda694b7b39656e6417af6fc63f	16974353004	released
a45a9224-2a2a-4f7d-9bad-09145dbde6cf	C239.TCGA-61-2109-11A-01W-0723-08.3_gdc_realn.bam	7648a71d016c4d90b9a482666eca644e	14866996247	released
3a30a726-9724-4cd2-8886-c05cbdb00277	C239.TCGA-25-2393-01A-01W-0799-08.4_gdc_realn.bam	32f2662e85b6a9a197220e27b3bc8f68	43176220860	released
de0dab83-5316-410f-b814-7d14b1c4dfad	C239.TCGA-25-2399-10A-01W-0799-08.2_gdc_realn.bam	c2ea8d09763bb5aadb546f0aa1602f75	18272364871	released
35004848-2fdf-4a09-b519-b82e68f0e6bc	C239.TCGA-13-0800-10A-01W.4_gdc_realn.bam	b51b9cb3d4d25634f1c0e194751eac10	24871124477	released
833640da-2cc6-4fea-9c35-967c37df1891	C239.TCGA-13-0888-10A-01D.3_gdc_realn.bam	958791ccb2027d5fcd956769834f03c9	20913904463	released
cba37010-2f75-4e58-b153-869e5987e369	C239.TCGA-13-0923-10A-01D.2_gdc_realn.bam	c040137925b3ce8b4e2a36e94a7b47c5	19381781704	released
fc1c4d2b-6f85-4df3-9d9f-9090a321c7e3	C239.TCGA-24-2280-01A-01W-0799-08.2_gdc_realn.bam	48a50b05bfdd901b471a790f8e101fc1	17888371943	released
93a9daff-28e3-4e49-993a-0f633b1dead3	8e9bd967836dc7edbb92f70520d7d0ba_gdc_realn.bam	310cc1289bf5eb1a711bf2ca2db923d0	8258415003	released
afbb8191-b89f-42fa-b31d-e6753e96b928	9772822fd5a73d70c8896dca6b7602cd_gdc_realn.bam	a139692dae9eaddccbd5cce787427406	32103304088	released
f6387370-828d-4410-af3a-772d80f69b26	C239.TCGA-57-1993-11A-01W-0700-08.3_gdc_realn.bam	80f673e5502b06a5a72cfa3a23b260aa	21551451798	released
4649a701-19df-46d6-a7e0-9abe98323bbd	C239.TCGA-24-2281-10A-01W-0799-08.2_gdc_realn.bam	7b5c1f35d297d45a52fc733a965f55de	17820988931	released
691a3f72-33b6-4bea-88ad-12461e163b37	C239.TCGA-61-2102-11A-01W-0723-08.2_gdc_realn.bam	f3fd4785f8183ab9d0ada6d117233f9e	15506924672	released
da5e5445-bc1a-452b-8210-166ac4b09bde	C239.TCGA-61-2009-10A-01W-0722-08.3_gdc_realn.bam	cdac26a1544758e942298b78199f4a24	22493740720	released
1d9dc9ce-2228-4810-a93d-4c6e8428d811	5614fcaa03afa65c9cb7c551a908b05b_gdc_realn.bam	7851d1ba9ebccaeea00c478415db64e7	23268572284	released
409a4ba3-08d0-4ff6-9a94-5f2b0d68d38c	C239.TCGA-59-2349-01A-01W-0799-08.4_gdc_realn.bam	18df00aa025992d7f119f466dece7dfb	17748463386	released
b1f5bb4b-bb56-4972-872f-9faa798140af	bf90971e373a17f0a5ea2cc9f2e07fbb_gdc_realn.bam	7356400463a2aea5bf76a1db2db6a34b	24210806013	released
607b10ab-0aec-4609-b670-df6fc9207a41	107ffe49020607c56bb72e58a8cc835d_gdc_realn.bam	d5c5bb7b2fa7403ebb1ffca5586476e7	22776663888	released
72017ec9-7c6b-40c8-a4ad-aebcf66b53b9	C239.TCGA-24-1430-10A-01D.3_gdc_realn.bam	a5f5c464df30b6cca593b617ef5958e4	22427868209	released
d57f7ca3-a936-4ecb-9aff-2b509dfbe6c9	63e3ca30b9d15efaf150b8d08ea119dc_gdc_realn.bam	a7a0d8909a95464e9e2e5ce44d82445e	24926785674	released
8f26ba07-f20d-4903-870d-336f3522979c	32967bd3c2916be546f7d4a9ec51b2e9_gdc_realn.bam	95399335f10aa109a44a149e5fb5d928	21061324058	released
2518af33-b077-41af-beaf-261db70b1426	34f3c167c698d1be60ee1de4bc6ed3fc_gdc_realn.bam	e548b413d4e64862d8c4b7a83a774917	27252504213	released
099bcae3-4e94-4d52-a19a-97ad7c83db35	C239.TCGA-04-1335-01A-01W.3_gdc_realn.bam	681da2fef02d818066407d9a96196b56	13631777549	released
cb227319-90a8-4485-8143-a9d8e011936b	45b9c6fc914e51e0974a7298a9bda69a_gdc_realn.bam	6d0c09efaea41b649ce0028fc389630a	26082757043	released
58a02814-b7b0-4e0e-9acd-795525501cf6	406774b8ddeb72c207ffe92ee2cb716a_gdc_realn.bam	85a8224ef0f060036feb6fa562300bc7	26937786255	released
0a108d09-1dfd-4e6c-a5b9-85d9de48e8f6	C239.TCGA-25-2397-10A-01W-0799-08.3_gdc_realn.bam	5f95a9d78ad2980ee47c2069fe9457c0	19632983731	released
f4441d6e-d9d9-4fda-8524-5dd03be8677f	f05d6e058c2ac968470ff63a5bad2f14_gdc_realn.bam	a61a35024c060ebc250b0794a232c851	26569423536	released
3f9b8a77-ab2c-40ca-a2f6-4f80f572730a	aeae01ef28976f23c3f97cbc9ca23e85_gdc_realn.bam	b369c26358bc85152cd29740c55eec3d	26501401934	released
5b97f667-1dd4-4f9b-92d6-87d64f8ecfba	C239.TCGA-61-2101-01A-01W-0722-08.4_gdc_realn.bam	4a0b05212a39dd9f052250f070a75a2b	22789386923	released
d3b5ce69-8767-4494-85c0-6acb7f898df5	C239.TCGA-23-1124-01A-01W.2_gdc_realn.bam	4848e59c8ec9a0cde05c4778b2aef8b7	21332358319	released
95318c07-20c0-49da-99bf-0bcd6cb10415	C239.TCGA-61-2087-01A-01W-0722-08.2_gdc_realn.bam	81f18b19c9bf2d601e78a5a7a3b3f9b4	16419128764	released
360809ca-1bfd-4789-a94a-b129d0e36875	C239.TCGA-61-2008-11A-01W-0722-08.2_gdc_realn.bam	8a9faafe67b8c818bf07ee54fbcd081e	26505321455	released
