"","Sampleid","Purity","Ploidy","Num.Variants","Median.Coverage","AUC.AR","AUC.POSTERIOR.SOMATIC","Callrate","Accuracy.Somatic","Accuracy.Germline","TMB.AR"
"2","TCGA-05-4244-01",0.39,4.14183803018476,434,109,0.865320896877269,0.933573892519971,0.854838709677419,0.956873315363881,0.967654986522911,7.66326467350842
"3","TCGA-05-4249-01",0.41,3.77093827397625,369,105,0.867547169811321,0.926,0.848238482384824,0.937086092715232,0.970198675496689,9.61252812852338
"4","TCGA-05-4250-01",0.49,3.12053430133395,419,122,0.766154176970218,0.906327276636921,0.675417661097852,0.95,0.989285714285714,9.60832528876901
"5","TCGA-05-4382-01",0.28,2.46704857839478,1763,142,0.948244225226322,0.95651361994073,0.965399886557005,0.987074030552291,0.991186839012926,56.9289521501806
"6","TCGA-05-4389-01",0.47,1.66552050727319,324,92,0.880298426055789,0.901823281907433,0.845679012345679,0.948905109489051,0.930656934306569,8.39494674805446
"7","TCGA-05-4395-01",0.56,3.21763557790635,353,82,0.567229347783712,0.85528829285408,0.637393767705382,0.903669724770642,0.963302752293578,7.62295673645354
"8","TCGA-05-4397-01",0.8,1.98880843098042,784,101,0.690531531761641,0.807080278920079,0.668367346938776,0.726396917148362,0.990366088631985,13.8061218381199
"9","TCGA-05-4398-01",0.42,3.83322597470989,785,93,0.873853998926463,0.913064949006978,0.85859872611465,0.916292974588939,0.979073243647235,24.3392748039259
"10","TCGA-05-4402-01",0.33,3.19741163035823,257,108,0.970194327731092,0.977087710084034,0.914396887159533,0.995555555555556,0.968888888888889,5.71695857803648
"11","TCGA-05-4403-01",0.43,2.05595449781938,258,97.5,0.946855921855922,0.970909645909646,0.949612403100775,0.995901639344262,0.979508196721312,5.28748724393702
"12","TCGA-05-4418-01",0.43,1.97638589875931,358,85,0.904761904761905,0.935814841326652,0.916201117318436,0.920731707317073,0.969512195121951,9.72618472433542
"13","TCGA-05-4420-01",0.56,3.51165733944922,343,96,0.784411915767848,0.879729498373566,0.714285714285714,0.895397489539749,0.98326359832636,7.8931218429873
"14","TCGA-05-4422-01",0.58,2.08921562573048,162,92,0.920866935483871,0.923135080645161,0.901234567901235,0.964285714285714,0.957142857142857,2.10756724317827
"15","TCGA-05-4425-01",0.58,1.91420625628447,135,76,0.915210355987055,0.958899676375405,0.896296296296296,0.983333333333333,0.958333333333333,1.70101076705795
"16","TCGA-05-4426-01",0.63,1.99961295859622,285,85,0.847023221343874,0.918725296442688,0.845614035087719,0.987551867219917,0.91701244813278,2.84152130959125
"17","TCGA-05-4430-01",0.19,2.54411066804412,360,93.5,0.94712386379053,0.961945461945462,0.963888888888889,0.985590778097983,0.976945244956772,10.0300730032127
"18","TCGA-05-4432-01",0.37,3.35182872819733,626,100.5,0.938900706202672,0.954428656513231,0.888178913738019,0.956834532374101,0.983812949640288,19.8762672021222
"19","TCGA-05-4434-01",0.31,1.97089365400109,173,97,0.959144363341444,0.968268450932685,0.982658959537572,0.982352941176471,0.958823529411765,2.17089405239782
"20","TCGA-35-4122-01",0.28,2.4257006059997,413,111,0.961732456140351,0.967160087719298,0.934624697336562,0.981865284974093,0.979274611398964,11.5877991063623
"21","TCGA-35-4123-01",0.32,2.05492502647153,432,107.5,0.951421033697086,0.969924451373066,0.953703703703704,0.97029702970297,0.977722772277228,11.272981559883
"22","TCGA-38-4628-01",0.46,4.9731695909433,203,104,0.870998023715415,0.893181818181818,0.788177339901478,0.9125,0.95625,4.63158142071614
"23","TCGA-38-4629-01",0.35,2.54583030800806,366,102.5,0.847639412715517,0.922885237068966,0.693989071038251,0.98406374501992,0.964143426294821,9.92777287844229
"24","TCGA-38-4630-01",0.71,1.94358262041215,233,103,0.658939345824071,0.861622737376945,0.721030042918455,0.945454545454545,0.927272727272727,4.30964941554524
"25","TCGA-49-4486-01",0.7,2.08496872380625,262,95.5,0.890096038415366,0.921788715486194,0.847328244274809,0.958904109589041,0.936073059360731,5.95507559247787
"26","TCGA-49-4494-01",0.34,2.19622181310428,289,91,0.910847701149425,0.951293103448276,0.896193771626298,0.992277992277992,0.953667953667954,6.56848365605597
"27","TCGA-49-4501-01",0.29,3.02808308973332,155,102,0.95848623853211,0.962385321100917,0.890322580645161,0.984848484848485,0.946969696969697,2.73376489120121
"28","TCGA-49-4505-01",0.37,3.0282670709343,309,140,0.905239130434783,0.931673913043478,0.886731391585761,0.956204379562044,0.963503649635037,7.88143926608037
"29","TCGA-49-4506-01",0.23,1.66772016834114,200,70,0.953725961538462,0.959234775641026,0.93,0.924731182795699,0.973118279569892,4.88072287076977
"30","TCGA-49-4507-01",0.31,2.82405228241045,304,86,0.947899592563106,0.965110288952372,0.855263157894737,0.968,0.984,7.52530241838762
"31","TCGA-49-4510-01",0.52,3.56494552547116,270,96.5,0.849104938271605,0.919012345679012,0.733333333333333,0.97979797979798,0.929292929292929,5.55957165971283
"32","TCGA-64-1677-01",0.29,2.58756769601974,312,128,0.942246970472777,0.942929680832907,0.948717948717949,0.97972972972973,0.962837837837838,8.39100693831386
"33","TCGA-67-3772-01",0.41,2.16539733733432,148,145,0.970028641571195,0.959901800327332,0.939189189189189,0.985401459854015,0.91970802919708,3.07275384185582
"34","TCGA-73-4658-01",0.18,2.44900735273352,512,82,0.959165697475542,0.957036327563796,0.970703125,0.987603305785124,0.966942148760331,13.8975621385202
"35","TCGA-73-4659-01",0.33,3.53708456058219,360,94,0.950761689057119,0.974806862958022,0.863888888888889,0.980707395498392,0.980707395498392,7.89585331695731
"36","TCGA-73-4662-01",0.46,2.99714356744538,293,87,0.822881163371961,0.902522154055896,0.771331058020478,0.936893203883495,0.946601941747573,7.19038251746719
"37","TCGA-73-4666-01",0.45,3.12413427990029,457,90,0.777433528616494,0.902343397926994,0.715536105032823,0.963302752293578,0.957186544342508,12.0554272826672
"38","TCGA-73-4668-01",0.52,3.04421984996549,691,110,0.768984647142304,0.781404549950544,0.6410998552822,0.96127562642369,0.835990888382688,15.5767683267247
"39","TCGA-73-4670-01",0.54,2.96609533105881,359,102,0.667127855825174,0.897545054633177,0.757660167130919,0.908088235294118,0.970588235294118,7.83704013625508
"40","TCGA-73-4675-01",0.51,3.47986211601307,168,82,0.823898305084746,0.875084745762712,0.75,0.968253968253968,0.944444444444444,2.66695805088343
"41","TCGA-73-4677-01",0.23,2.99478779276967,346,114,0.891437362948292,0.856741175638396,0.884393063583815,0.780327868852459,0.977049180327869,8.33320243568445
"42","TCGA-05-4396-01",0.54,3.7123266845327,2803,116,0.649139424117774,0.654473513291781,0.960399571887264,0.99368499257058,0.849925705794948,108.737865310613
"43","TCGA-05-4405-01",0.33,3.20811794393711,465,93,0.904229460379193,0.938937645523629,0.825806451612903,0.97554347826087,0.96195652173913,13.854461405254
"44","TCGA-05-4410-01",0.25,2.30450181796937,1089,89,0.919452134520401,0.91560229024444,0.88613406795225,0.877720207253886,0.985492227979275,36.724736024968
"45","TCGA-05-4415-01",0.6,3.54037200816957,300,85,0.66082121471343,0.791749833666001,0.663333333333333,0.819587628865979,0.958762886597938,4.98668480728324
"46","TCGA-05-4417-01",0.25,2.1218383955632,344,82,0.883540697917976,0.883268400988647,0.904069767441861,0.877966101694915,0.955932203389831,9.77021863412114
"47","TCGA-05-4424-01",0.26,2.88239953214973,761,88,0.966386963226407,0.964053013989803,0.919842312746386,0.971098265895954,0.989884393063584,25.0836279046822
"48","TCGA-05-4427-01",0.42,4.8159288783866,1019,79,0.819285283474065,0.877734217933253,0.80765456329735,0.883963494132986,0.980443285528031,30.5830093449798
"49","TCGA-05-4433-01",0.53,1.91511243671529,171,82,0.943930041152263,0.947736625514403,0.894736842105263,0.980392156862745,0.967320261437909,2.04952295862576
"50","TCGA-05-5420-01",0.21,1.91128549643959,182,74,0.955954218106996,0.955954218106996,0.994505494505495,1,0.966480446927374,3.74215555565535
"51","TCGA-05-5423-01",0.55,2.37046935591369,219,60,0.653412883845127,0.878755006675567,0.557077625570776,0.950819672131147,0.983606557377049,4.76698427550649
"52","TCGA-05-5425-01",0.3,2.82792828610975,601,70,0.913438735177866,0.916506681724073,0.830282861896839,0.901408450704225,0.973843058350101,20.5991219385954
"53","TCGA-05-5428-01",0.62,3.19561389116657,395,69,0.728376172990616,0.831584775893221,0.645569620253165,0.913725490196078,0.96078431372549,10.4640886346129
"54","TCGA-05-5429-01",0.55,2.08021809657218,133,66,0.90041928721174,0.950034940600978,0.744360902255639,0.98989898989899,0.939393939393939,2.0571502603827
"55","TCGA-05-5715-01",0.71,1.84377730595484,166,62.5,0.78530658838878,0.916666666666667,0.734939759036145,0.965217391304348,0.947826086956522,3.91092651537959
"56","TCGA-35-5375-01",0.54,4.67954060668788,428,59.5,0.673625848896435,0.809688030560272,0.586448598130841,0.860557768924303,0.964143426294821,10.1813933036665
"57","TCGA-38-4625-01",0.37,2.93001117828905,610,107,0.828967842323652,0.906590378630705,0.845901639344262,0.951550387596899,0.965116279069767,17.9992801772406
"58","TCGA-38-4626-01",0.15,1.78064522085144,322,117,0.888976280167239,0.879455230368009,0.996894409937888,1,0.919003115264797,9.62314221735003
"59","TCGA-38-4627-01",0.18,1.92798203079463,148,101,0.968316460442445,0.980502437195351,0.986486486486487,1,0.965753424657534,1.79165293532659
"60","TCGA-38-7271-01",0.2,2.07296756427677,295,74,0.827076609478512,0.763759130287073,1,1,0.60536398467433,8.44563222649906
"61","TCGA-38-A44F-01",0.15,1.89032985960684,132,80,0.967519181585678,0.972890025575448,1,1,0.96969696969697,1.46920667882296
"62","TCGA-44-6779-01",0.47,1.60337814865396,201,71,0.828561612459918,0.888799816765918,0.721393034825871,0.970802919708029,0.948905109489051,4.22099778324708
"63","TCGA-44-8117-01",0.65,2.87925648796039,766,96,0.712378071833648,0.89737618147448,0.765013054830287,0.896749521988528,0.977055449330784,18.4018521390571
"64","TCGA-44-8119-01",0.56,4.56520171091335,604,75,0.653521005509642,0.854545454545454,0.597682119205298,0.900277008310249,0.980609418282548,13.9130407897506
"65","TCGA-44-8120-01",0.51,1.72364050874402,706,81.5,0.868732811508356,0.910373034341725,0.747875354107649,0.988483685220729,0.971209213051823,19.3592390289719
"66","TCGA-44-A479-01",0.18,2.22525843642844,350,73,0.974959349593496,0.980234869015357,0.928571428571429,0.978328173374613,0.987616099071207,10.0636071275123
"67","TCGA-44-A47A-01",0.29,1.65182918743489,277,69,0.934983766233766,0.923214285714286,0.938628158844765,0.873076923076923,0.961538461538462,7.9396592379272
"68","TCGA-44-A47B-01",0.49,3.26321960723896,151,69,0.889447884416925,0.916150670794634,0.682119205298013,0.99009900990099,0.940594059405941,2.42956715696293
"69","TCGA-44-A47F-01",0.4,3.93421976605968,227,76,0.928343949044586,0.959872611464968,0.814977973568282,0.994594594594595,0.945945945945946,4.40511028033401
"70","TCGA-44-A47G-01",0.15,2.22442034696771,211,65,0.992253521126761,0.993896713615024,0.966824644549763,1,0.994871794871795,3.85691354188328
"71","TCGA-44-A4SS-01",0.18,2.02139335405035,550,95,0.977846198691905,0.980442347282698,0.978181818181818,0.983271375464684,0.990706319702602,16.9307186024869
"72","TCGA-44-A4SU-01",0.42,2.25352035000785,363,88,0.906048387096774,0.937939882697947,0.848484848484849,0.975862068965517,0.917241379310345,7.56891205464829
"73","TCGA-49-4487-01",0.19,1.88131359188366,456,81,0.961562680379913,0.9618906438579,0.980263157894737,0.993055555555556,0.986111111111111,13.9723551020839
"74","TCGA-49-4490-01",0.27,4.4006874636079,182,90,0.920732634138927,0.936236510107919,0.741758241758242,0.992537313432836,0.940298507462687,3.75221236570934
"75","TCGA-49-4512-01",0.43,2.28970701776082,159,83,0.977513227513228,0.956950456950457,0.773584905660377,0.983739837398374,0.975609756097561,2.81239990076669
"76","TCGA-49-4514-01",0.34,1.7854591879331,396,86,0.945182197897163,0.951389889096932,0.962121212121212,0.992125984251969,0.979002624671916,11.0591459940653
"77","TCGA-49-6742-01",0.43,3.62594886422682,363,85,0.901400152491856,0.93189852360158,0.823691460055096,0.965753424657534,0.979452054794521,9.48813649723528
"78","TCGA-49-6743-01",0.27,2.88221798973924,843,79,0.918044730599797,0.913362701908957,0.935943060498221,0.989487516425756,0.973718791064389,29.0424738842698
"79","TCGA-49-6744-01",0.28,2.21433416860014,425,82,0.988293125429048,0.981195449642052,0.981176470588235,1,0.982323232323232,9.80288832759407
"80","TCGA-49-6745-01",0.2,1.89584364702773,331,80,0.9930652703945,0.990806986690115,0.960725075528701,0.987138263665595,0.990353697749196,6.25864665224801
"81","TCGA-49-6761-01",0.31,3.02724519432702,507,76,0.990804597701149,0.991201671891327,0.915187376725838,0.997690531177829,0.993071593533487,15.5020406322578
"82","TCGA-49-6767-01",0.37,3.42708136115861,479,80,0.792765567765568,0.908006279434851,0.741127348643006,0.92507204610951,0.979827089337176,13.3364184655506
"83","TCGA-49-AAQV-01",0.28,1.97623784816852,242,61,0.983412813601493,0.984501347708895,0.975206611570248,1,0.973913043478261,3.83541061620441
"84","TCGA-49-AAR0-01",0.35,1.66914100825051,297,68,0.957242833860608,0.960358546639824,0.888888888888889,0.981060606060606,0.962121212121212,6.81491918920635
"85","TCGA-49-AAR2-01",0.66,1.89935940405333,468,66,0.864914250714577,0.937995100040833,0.846153846153846,0.934343434343434,0.984848484848485,12.2809094143356
"86","TCGA-49-AAR3-01",0.16,1.76084833623497,213,67,0.996371681415929,0.994601769911504,0.985915492957746,1,0.990476190476191,4.97888463189718
"87","TCGA-49-AAR4-01",0.16,1.92005877003036,620,61,0.960876401421931,0.964335520918786,0.987096774193548,0.996726677577741,0.983633387888707,21.6788153606958
"88","TCGA-49-AAR9-01",0.73,2.10181613465247,639,61,0.648680351906158,0.871914156225007,0.672926447574335,0.902325581395349,0.981395348837209,15.8248292412542
"89","TCGA-49-AARE-01",0.42,2.8769604271754,1249,60,0.746905538628281,0.72456871337159,0.77662129703763,0.953463203463203,0.863636363636364,41.4255927311893
"90","TCGA-49-AARN-01",0.33,1.93277835267971,876,68,0.991593392443251,0.990305728266068,0.963470319634703,0.98792270531401,0.991545893719807,31.0865504885625
"91","TCGA-49-AARO-01",0.24,2.15776988418613,550,55,0.950898254576415,0.957735206470839,0.9,0.941414141414141,0.991919191919192,19.2991722759644
"92","TCGA-49-AARQ-01",0.49,3.40645760048498,615,55,0.751707833661476,0.863641787482847,0.678048780487805,0.899262899262899,0.972972972972973,17.323467802087
"93","TCGA-4B-A93V-01",0.6,2.68426392889024,277,59,0.676116838487973,0.89329304419955,0.696750902527076,0.963541666666667,0.953125,5.06986313296927
"94","TCGA-50-5044-01",0.23,2.03535237761768,345,78,0.98987052551409,0.987661843107388,0.991304347826087,1,0.987841945288754,6.34945673321446
"95","TCGA-50-5045-01",0.16,2.18462462555532,368,65.5,0.992166974798093,0.992507541111219,0.951086956521739,0.982857142857143,0.991428571428571,11.1525537201679
"96","TCGA-50-5049-01",0.17,2.10774248921789,711,68,0.947543581616482,0.947593106180666,0.970464135021097,0.976811594202899,0.991304347826087,28.4300003259684
"97","TCGA-50-5051-01",0.54,3.07942624446598,207,89,0.844765723934149,0.901857323765302,0.714975845410628,0.963235294117647,0.955882352941177,4.08988898014786
"98","TCGA-50-5055-01",0.3,2.08959712032493,126,72,0.992523364485981,0.988473520249221,0.992063492063492,1,0.983471074380165,1.20120889663357
"99","TCGA-50-5068-01",0.24,1.68913939062505,161,67,0.973684210526316,0.981020733652313,0.950310559006211,0.980392156862745,0.986928104575163,3.60793970676574
"100","TCGA-50-5072-01",0.3,2.29229556653539,266,81,0.927845528455285,0.948230511716882,0.928571428571429,0.916666666666667,0.975,5.64759780368686
"101","TCGA-50-5936-01",0.39,3.28053103277249,208,65.5,0.850911150977245,0.931073553016712,0.798076923076923,0.969879518072289,0.963855421686747,4.81739535029264
"102","TCGA-50-5939-01",0.3,1.78237947036812,162,71,0.983208020050125,0.983792815371763,0.962962962962963,1,0.980769230769231,3.15514643823406
"103","TCGA-50-6590-01",0.2,2.29761959922361,866,76,0.920158035703465,0.932253099511592,0.884526558891455,0.87467362924282,0.989556135770235,30.4015184816028
"104","TCGA-50-6595-01",0.15,1.84747146555214,176,81.5,0.983499931534986,0.982609886348076,0.977272727272727,0.982558139534884,0.988372093023256,3.49110377582985
"105","TCGA-50-6597-01",0.47,3.66770843990996,231,77,0.896834935897436,0.950320512820513,0.727272727272727,0.988095238095238,0.93452380952381,3.80766479877862
"106","TCGA-50-6673-01",0.4,2.15020164081685,273,74,0.983783783783784,0.98034398034398,0.941391941391941,0.992217898832685,0.972762645914397,4.94724643741689
"107","TCGA-50-7109-01",0.46,2.9412919193166,329,69,0.885406845665095,0.937938102070096,0.756838905775076,0.963414634146341,0.983739837398374,9.09557946061778
"108","TCGA-50-8457-01",0.16,2.12903661202906,177,71,0.969587053571429,0.943452380952381,0.943502824858757,0.95,0.9875,2.89347337588069
"109","TCGA-50-8459-01",0.3,1.91887751227132,267,79,0.973258513931889,0.971749226006192,0.970037453183521,1,0.976,4.06427349462569
"110","TCGA-50-8460-01",0.4,1.92709732478285,164,77.5,0.983348751156337,0.982732038236201,0.951219512195122,1,0.974358974358974,2.00313282269112
"111","TCGA-53-7624-01",0.62,2.99200587741676,805,77,0.55995756888614,0.711940836940837,0.663354037267081,0.818352059925094,0.917602996254682,16.4476517625218
"112","TCGA-53-7626-01",0.28,1.78633314257284,762,75,0.859566213807462,0.860127918994623,0.982939632545932,0.98931909212283,0.97196261682243,29.8481257885791
"113","TCGA-53-7813-01",0.37,3.44199649204523,217,66,0.91734693877551,0.941666666666667,0.811059907834101,1,0.965909090909091,5.05820940328186
"114","TCGA-53-A4EZ-01",0.33,4.46466138907092,598,91,0.794929558745348,0.905622009569378,0.774247491638796,0.911447084233261,0.976241900647948,14.765764884058
"115","TCGA-55-5899-01",0.66,2.86948523651351,469,72,0.682946924144311,0.890437095282146,0.688699360341151,0.89622641509434,0.984276729559748,11.8855927037766
"116","TCGA-55-6642-01",0.31,2.76451066461943,259,84,0.927930402930403,0.930128205128205,0.841698841698842,0.976744186046512,0.934883720930233,6.58607306718154
"117","TCGA-55-6712-01",0.23,2.33532153095646,236,77.5,0.981641229816412,0.976922509769225,0.970338983050847,0.982532751091703,0.986899563318777,6.22314580490109
"118","TCGA-55-6968-01",0.55,1.72306490365737,555,73,0.842681606926848,0.907663249931029,0.8,0.934272300469484,0.974178403755869,17.2039791773184
"119","TCGA-55-6969-01",0.17,1.98543752199552,489,79,0.808527131782946,0.814437984496124,0.952965235173824,0.954935622317597,0.935622317596567,15.8701564185841
"120","TCGA-55-6970-01",0.36,2.7317589687607,226,75.5,0.712688323917137,0.869114877589454,0.628318584070796,0.943661971830986,0.943661971830986,5.81424876767768
"121","TCGA-55-6971-01",0.15,2.73654827743725,387,78,0.919303135888502,0.913710801393728,0.992248062015504,0.989583333333333,0.971354166666667,12.2755111065881
"122","TCGA-55-6972-01",0.73,3.478965223099,325,69,0.802262156448203,0.818942917547569,0.655384615384615,0.868544600938967,0.948356807511737,7.2128973696981
"123","TCGA-55-6975-01",0.33,1.76907193901545,173,67,0.967067200712061,0.964842011570983,0.930635838150289,0.962025316455696,0.974683544303797,3.41031766129039
"124","TCGA-55-6978-01",0.21,2.26601621601937,189,78,0.969729344729345,0.964862298195632,0.989417989417989,1,0.957219251336898,3.6503110403695
"125","TCGA-55-6979-01",0.23,1.83422592438631,676,87,0.687265512265512,0.68507215007215,0.992603550295858,0.998509687034277,0.906110283159464,25.2415024964168
"126","TCGA-55-6980-01",0.24,2.24448382854862,161,66,0.979065040650407,0.976422764227642,0.981366459627329,1,0.962025316455696,2.52901081653975
"127","TCGA-55-6981-01",0.21,2.5800259730702,406,78,0.74468085106383,0.75131807841563,0.985221674876847,1,0.875,12.8692324824529
"128","TCGA-55-6982-01",0.23,1.77883465046295,353,80,0.972530864197531,0.972781635802469,0.985835694050991,0.993957703927492,0.981873111782477,9.76385564249608
"129","TCGA-55-6983-01",0.29,2.28856445594519,245,77,0.982411535246587,0.983282251323488,0.963265306122449,1,0.983050847457627,4.5871045863286
"130","TCGA-55-6984-01",0.41,2.05438760339525,119,52,0.976222826086957,0.979619565217391,0.957983193277311,0.982456140350877,0.982456140350877,1.70652793055815
"131","TCGA-55-6985-01",0.28,1.89450273640115,486,55,0.887400793650794,0.889880952380952,0.91358024691358,0.934684684684685,0.945945945945946,17.6194539810104
"132","TCGA-55-6986-01",0.2,1.55740720553936,100,53.5,0.961038961038961,0.958498023715415,0.99,0.97979797979798,0.95959595959596,1.56192062506814
"133","TCGA-55-6987-01",0.17,2.28659658291575,303,72,0.902931745304627,0.886028401282639,0.983498349834984,0.98993288590604,0.909395973154362,9.46253635508472
"134","TCGA-55-7284-01",0.37,2.27777764819129,148,83.5,0.971104231166151,0.975490196078431,0.952702702702703,1,0.971631205673759,1.87933185993716
"135","TCGA-55-7573-01",0.26,2.09109214642576,147,63,0.932692307692308,0.916429249762583,0.938775510204082,0.934782608695652,0.971014492753623,2.54928599355104
"136","TCGA-55-7724-01",0.2,1.822641229767,325,84,0.969990813514341,0.976472389506992,0.993846153846154,0.993288590604027,0.98993288590604,9.24641065418814
"137","TCGA-55-7725-01",0.6,2.01562857081689,230,56,0.882612085769981,0.922962962962963,0.821739130434783,0.984126984126984,0.941798941798942,5.22543768978649
"138","TCGA-55-7726-01",0.37,2.33475694280326,202,68,0.941490941490941,0.93970893970894,0.826732673267327,0.982035928143713,0.946107784431138,4.96020160758962
"139","TCGA-55-7727-01",0.36,2.04606228905826,310,64,0.887708851759687,0.891752577319588,0.851612903225806,0.893939393939394,0.946969696969697,9.66159987640053
"140","TCGA-55-7728-01",0.4,2.00457126448222,200,96,0.972158532590894,0.983841030680205,0.985,0.99492385786802,0.989847715736041,3.14790524292769
"141","TCGA-55-7815-01",0.29,3.45668520430215,325,77,0.969274442681807,0.967562828755114,0.892307692307692,0.982517482517482,0.961538461538462,6.4923071154764
"142","TCGA-55-7903-01",0.43,3.76115715473096,233,66,0.829111992676228,0.897467195605737,0.759656652360515,0.948275862068966,0.948275862068966,5.51392850304673
"143","TCGA-55-7907-01",0.41,3.60386106798547,1026,65,0.787300031014577,0.871329524876692,0.750487329434698,0.918181818181818,0.983116883116883,33.1989075932004
"144","TCGA-55-7910-01",0.59,3.54472102035071,400,62,0.762423021256066,0.873229843630275,0.6375,0.941666666666667,0.95,8.96873198355004
"145","TCGA-55-7911-01",0.2,2.10059087726527,309,64,0.95643573061368,0.960567962018639,0.915857605177994,0.939929328621908,0.985865724381625,8.58508771853122
"146","TCGA-55-7913-01",0.32,2.97994296215429,473,77,0.890840840840841,0.947550675675676,0.832980972515856,0.974619289340102,0.969543147208122,12.4602070789421
"147","TCGA-55-7914-01",0.51,1.91605150038425,268,81,0.933208042479566,0.970288168963666,0.83955223880597,0.986363636363636,0.986363636363636,6.68469230248668
"148","TCGA-55-7994-01",0.52,3.00649479189822,1386,84,0.742057632769707,0.875745925900725,0.697691197691198,0.929025423728814,0.991525423728814,33.2275842828094
"149","TCGA-55-7995-01",0.43,2.65398301075106,617,84,0.717442753957277,0.842646380820655,0.73581847649919,0.876651982378855,0.955947136563877,15.8608694928656
"150","TCGA-55-8085-01",0.54,2.1827203426084,343,90,0.861711188540457,0.925435540069686,0.807580174927114,0.970260223048327,0.95910780669145,8.76136400448818
"151","TCGA-55-8087-01",0.79,2.00174633155212,157,97,0.919808201058201,0.933862433862434,0.770700636942675,0.982758620689655,0.896551724137931,1.59251223908994
"152","TCGA-55-8089-01",0.3,1.88837783385948,1192,91,0.975876288659794,0.976314901593252,0.959731543624161,0.988636363636364,0.995629370629371,40.5296597043632
"153","TCGA-55-8090-01",0.32,1.63972345383595,196,89,0.902876420454546,0.889322916666667,0.897959183673469,0.897727272727273,0.965909090909091,3.39852944153443
"154","TCGA-55-8091-01",0.44,1.98714854606525,135,71,0.9233708769107,0.891794046661303,0.844444444444444,0.964912280701754,0.964912280701754,1.79841566324127
"155","TCGA-55-8092-01",0.38,3.26498116194487,628,102,0.870677584963299,0.918197632483347,0.831210191082803,0.919540229885057,0.978927203065134,18.8249668136711
"156","TCGA-55-8094-01",0.79,2.88591975076696,470,78,0.728302075019952,0.822101955307263,0.54468085106383,0.87890625,0.96875,10.4558272217649
"157","TCGA-55-8096-01",0.25,2.65607452723517,258,91,0.93965258159524,0.94951012802789,0.926356589147287,1,0.945606694560669,6.15701312419556
"158","TCGA-55-8097-01",0.35,1.98683065054116,225,107,0.958865546218487,0.937226890756302,0.902222222222222,0.935960591133005,0.980295566502463,3.57528426518811
"159","TCGA-55-8203-01",0.33,3.69999084018339,466,68,0.932142145135566,0.940415669856459,0.821888412017167,0.963446475195822,0.984334203655353,14.1604062968773
"160","TCGA-55-8204-01",0.31,1.8909401629696,302,103.5,0.977295918367347,0.979234693877551,0.947019867549669,0.988970588235294,0.992647058823529,7.35444714988446
"161","TCGA-55-8205-01",0.21,2.34894917241364,627,79,0.960905349794239,0.966462525517644,0.942583732057416,0.963604852686308,0.987868284228769,20.3469546027236
"162","TCGA-55-8206-01",0.46,3.27212248213424,164,75.5,0.954244604316547,0.953669064748201,0.731707317073171,1,0.966666666666667,2.19162346397424
"163","TCGA-55-8207-01",0.56,3.01932910140267,360,89,0.75941200953498,0.850240266374059,0.686111111111111,0.863636363636364,0.979338842975207,8.13898738843649
"164","TCGA-55-8208-01",0.16,2.59108893590221,463,136,0.992654508611955,0.988855116514691,0.995680345572354,1,0.991323210412148,12.2427526873283
"165","TCGA-55-8301-01",0.28,2.36773942599993,415,139,0.982860163092721,0.981954092419209,0.96144578313253,0.994949494949495,0.992424242424242,10.0636976729653
"166","TCGA-55-8302-01",0.29,2.40126013111855,760,139,0.970060860928552,0.973162021090002,0.935526315789474,0.96045197740113,0.985875706214689,22.7587034751235
"167","TCGA-55-8505-01",0.28,1.66554689590276,173,75,0.960964408725603,0.96249521622656,0.947976878612717,0.99390243902439,0.963414634146341,2.96480449376978
"168","TCGA-55-8506-01",0.47,1.97105911614153,1506,81,0.890715448348448,0.924073870103169,0.784196547144754,0.886222222222222,0.993777777777778,47.4233263203608
"169","TCGA-55-8507-01",0.6,2.75054082435426,862,80,0.745684523809524,0.852261904761905,0.773781902552204,0.895052473763118,0.971514242878561,24.5760940090422
"170","TCGA-55-8508-01",0.33,3.94063542946094,374,85,0.912418711978183,0.94381012316821,0.716577540106952,0.985074626865672,0.962686567164179,7.88968470838136
"171","TCGA-55-8510-01",0.27,2.8035386279284,346,95,0.945784825371337,0.95989562424729,0.852601156069364,0.975862068965517,0.986206896551724,10.2824081903006
"172","TCGA-55-8511-01",0.26,3.20475115171284,620,108.5,0.979120750684566,0.980147599011554,0.890322580645161,0.979667282809612,0.992606284658041,18.8482946786223
"173","TCGA-55-8512-01",0.35,1.95144091824644,177,79,0.982998084291188,0.98132183908046,0.96045197740113,0.993975903614458,0.981927710843373,2.0466973728332
"174","TCGA-55-8513-01",0.27,1.9970055945103,127,98,0.986344537815126,0.977415966386555,1,1,0.968503937007874,1.04820745861776
"175","TCGA-55-8514-01",0.54,3.13377842425644,342,88,0.745441988950276,0.921512430939227,0.722222222222222,0.971544715447154,0.963414634146341,7.1391773751553
"176","TCGA-55-8614-01",0.33,2.10385039818783,321,98,0.921713082901554,0.931792422279793,0.903426791277259,0.906896551724138,0.972413793103448,8.01773834085061
"177","TCGA-55-8615-01",0.61,4.96088001474545,210,97,0.781340711175617,0.820936139332366,0.7,0.918367346938776,0.918367346938776,4.33514936904105
"178","TCGA-55-8616-01",0.38,2.04119265500375,505,77,0.811433011433011,0.905649905649906,0.82970297029703,0.860576923076923,0.973557692307692,13.8935943049088
"179","TCGA-55-8619-01",0.15,1.9976324484397,123,109,0.981900452488688,0.98868778280543,1,1,0.983471074380165,1.22184904716258
"180","TCGA-55-8620-01",0.6,2.65131393607248,511,95,0.719369271060672,0.898581405499782,0.767123287671233,0.887755102040816,0.971938775510204,11.7211571258591
"181","TCGA-55-8621-01",0.46,2.00183431290713,197,112,0.983357193987115,0.983774755428299,0.979695431472081,1,0.952380952380952,3.2242277855377
"182","TCGA-55-A48X-01",0.26,1.8249626860828,403,66,0.982654933405817,0.982688910029899,0.975186104218362,0.992042440318302,0.994694960212202,13.5907454070831
"183","TCGA-55-A48Y-01",0.32,2.02971865085912,389,66,0.995041412380122,0.99716652136007,0.966580976863753,0.99468085106383,0.997340425531915,12.8820335650874
"184","TCGA-55-A48Z-01",0.27,3.38167333633925,160,87.5,0.949887387387387,0.943918918918919,0.83125,0.984615384615385,0.961538461538462,2.95952042882027
"185","TCGA-55-A490-01",0.54,3.35846042491066,1007,70,0.821066591422122,0.889717832957111,0.671300893743793,0.886877828054299,0.990950226244344,35.7193358182132
"186","TCGA-55-A491-01",0.37,2.08712145673863,385,71,0.896003401360544,0.922108843537415,0.805194805194805,0.909677419354839,0.97741935483871,10.668179282783
"187","TCGA-55-A492-01",0.43,1.87312424093682,386,64,0.941606186416506,0.939308465122175,0.886010362694301,0.882352941176471,0.987616099071207,10.9276347741622
"188","TCGA-55-A493-01",0.21,1.83864631481141,369,65,0.977278465034082,0.979582176218127,0.97289972899729,0.991643454038997,0.983286908077994,11.3311941209584
"189","TCGA-55-A494-01",0.72,3.69229434926549,299,87,0.722246189243601,0.819959735404084,0.602006688963211,0.88135593220339,0.966101694915254,5.98551930795725
"190","TCGA-55-A4DF-01",0.41,3.31488263081897,795,92,0.818187290808832,0.892075417178357,0.818867924528302,0.9390625,0.9734375,24.2223061223171
"191","TCGA-55-A4DG-01",0.39,3.67040690486964,612,65.5,0.756289187949228,0.870851812203701,0.745098039215686,0.904867256637168,0.97787610619469,20.3915732726875
"192","TCGA-55-A57B-01",0.23,2.39975503891609,180,58,0.970835455934794,0.972745797249108,0.944444444444444,1,0.964071856287425,2.52170912515172
"193","TCGA-62-8394-01",0.55,2.64163349655656,262,106,0.950970936213992,0.949074074074074,0.748091603053435,0.994652406417112,0.935828877005348,5.78494373432744
"194","TCGA-62-8395-01",0.63,1.90895987859364,226,84,0.965338827838828,0.957509157509158,0.871681415929204,0.979695431472081,0.964467005076142,3.32463475392584
"195","TCGA-62-8397-01",0.65,3.41475905237278,156,79,0.589676113360324,0.845748987854251,0.698717948717949,0.961538461538462,0.913461538461538,2.00640398724715
"196","TCGA-62-8398-01",0.45,4.75376828068125,207,82,0.771221532091097,0.898114852348262,0.739130434782609,0.972972972972973,0.945945945945946,3.15686682972689
"197","TCGA-62-8399-01",0.55,2.3912566448709,578,93,0.809558552346744,0.908294982601863,0.704152249134948,0.952261306532663,0.974874371859296,14.7999248959035
"198","TCGA-62-8402-01",0.54,4.4931371099854,181,79,0.647464983231407,0.842572499506806,0.596685082872928,0.970588235294118,0.901960784313726,3.24019017354308
"199","TCGA-62-A46O-01",0.72,2.93642952976475,720,59,0.588470319634703,0.679007774898186,0.504166666666667,0.598265895953757,0.971098265895954,14.8504532678467
"200","TCGA-62-A46P-01",0.62,2.06626787316626,308,60,0.836598032069971,0.866481413994169,0.782467532467532,0.863070539419087,0.95850622406639,7.97231577866965
"201","TCGA-62-A46R-01",0.41,2.93330451080402,247,59,0.901288659793814,0.948625429553265,0.748987854251012,0.993975903614458,0.957831325301205,6.7549239422054
"202","TCGA-62-A46S-01",0.55,2.26122454739488,216,78.5,0.872112068965517,0.9125,0.856481481481482,0.92972972972973,0.940540540540541,4.65868665227448
"203","TCGA-62-A46U-01",0.31,1.98633903577616,171,74,0.98652376910017,0.985144312393888,0.964912280701754,0.993589743589744,0.955128205128205,3.12161328686854
"204","TCGA-62-A46V-01",0.47,1.89217887543431,178,72.5,0.921286031042129,0.956023651145602,0.825842696629214,0.993055555555556,0.951388888888889,3.22243010131747
"205","TCGA-62-A46Y-01",0.25,1.75498850002273,178,94.5,0.964889181479043,0.96181698485846,0.98314606741573,0.971428571428571,0.971428571428571,2.07379729232154
"206","TCGA-62-A470-01",0.57,3.01241551483302,228,89,0.807751623376623,0.928571428571429,0.732456140350877,0.994011976047904,0.952095808383233,4.3472749088813
"207","TCGA-62-A471-01",0.42,3.12533569599577,216,77,0.809811827956989,0.928405017921147,0.763888888888889,0.938650306748466,0.975460122699387,4.96461888282382
"208","TCGA-62-A472-01",0.38,1.78088372729432,155,60,0.918773704171934,0.922671723556679,0.838709677419355,0.930769230769231,0.976923076923077,3.03329611226229
"209","TCGA-64-1679-01",0.32,1.81479647294481,518,79,0.971405507424336,0.97933010437274,0.874517374517375,0.955849889624724,0.997792494481236,16.875392643834
"210","TCGA-64-1681-01",0.39,3.15838226462582,202,70.5,0.945229452942702,0.952035260565206,0.811881188118812,0.993589743589744,0.948717948717949,4.16573602696314
"211","TCGA-64-5774-01",0.7,2.86833772870513,278,66.5,0.627570910068558,0.814760048393601,0.629496402877698,0.906832298136646,0.937888198757764,4.48916476247829
"212","TCGA-64-5775-01",0.68,3.39561658648704,441,64,0.676644617065178,0.821610632358296,0.54421768707483,0.853333333333333,0.955555555555556,9.169354407746
"213","TCGA-64-5778-01",0.52,1.79105182656255,427,66,0.833388266315096,0.889364974730828,0.768149882903981,0.88785046728972,0.978193146417445,14.0322269498174
"214","TCGA-64-5779-01",0.44,3.04834803827811,359,68,0.805491824174223,0.918824429148913,0.766016713091922,0.966911764705882,0.966911764705882,9.86947470169513
"215","TCGA-64-5781-01",0.36,1.88386803987144,936,62,0.898040672300121,0.925434116445352,0.888888888888889,0.950721153846154,0.989182692307692,36.5737154067469
"216","TCGA-64-5815-01",0.34,1.98310811514659,285,64,0.98779574722971,0.99570729759409,0.96140350877193,0.989051094890511,0.989051094890511,6.43596807610354
"217","TCGA-69-7760-01",0.64,3.2513104546106,185,60,0.8155002891845,0.863938692886061,0.67027027027027,0.951612903225806,0.919354838709677,3.69729347609453
"218","TCGA-69-7761-01",0.24,1.81900412900442,106,56.5,0.98125,0.983333333333333,0.962264150943396,1,0.980392156862745,1.59450356159645
"219","TCGA-69-7763-01",0.33,2.66533012749826,169,66,0.940632832080201,0.945958646616541,0.804733727810651,0.992647058823529,0.941176470588235,3.99793080290692
"220","TCGA-69-7764-01",0.58,3.34886941778129,203,78,0.754081632653061,0.792176870748299,0.665024630541872,0.911111111111111,0.925925925925926,3.26568086646911
"221","TCGA-69-7765-01",0.31,2.13039231235958,713,77,0.96559340839977,0.969656653242377,0.918653576437588,0.970992366412214,0.990839694656489,21.7059866381179
"222","TCGA-69-7973-01",0.52,3.28968511124745,291,71,0.820588235294118,0.869227029654837,0.666666666666667,0.95360824742268,0.943298969072165,6.59570224804027
"223","TCGA-69-7974-01",0.3,3.5888785176051,543,81,0.906329007247598,0.954670908478004,0.826887661141805,0.964735516372796,0.982367758186398,15.8300758492658
"224","TCGA-69-7978-01",0.18,2.05191906929289,641,93,0.983641924285006,0.978227806248967,0.97191887675507,0.985553772070626,0.990369181380417,20.2544527422112
"225","TCGA-69-7979-01",0.57,4.54147922117697,1302,81,0.711878721942281,0.831388857077416,0.703533026113671,0.844978165938865,0.986899563318777,36.407980310382
"226","TCGA-69-7980-01",0.54,3.72993646098178,771,81,0.731303179579042,0.856848233436255,0.608300907911803,0.908315565031983,0.978678038379531,21.3195706841138
"227","TCGA-69-8253-01",0.39,3.1087962532062,303,70,0.947724506039891,0.948590692012361,0.841584158415842,0.98406374501992,0.960159362549801,6.14603255847387
"228","TCGA-69-8254-01",0.43,1.97784508738436,364,76,0.984012335659796,0.989071038251366,0.945054945054945,0.997093023255814,0.991279069767442,4.09848409832635
"229","TCGA-69-8255-01",0.35,3.31138256539267,392,76,0.874667258207631,0.934921251109139,0.721938775510204,0.964028776978417,0.982014388489209,10.1687826048584
"230","TCGA-71-6725-01",0.58,2.66100194734762,341,85,0.846413756188947,0.928743476515456,0.756598240469208,0.984189723320158,0.940711462450593,5.89209244846093
"231","TCGA-73-7498-01",0.42,3.95592905053482,225,88,0.904878257887517,0.93252743484225,0.848888888888889,0.968586387434555,0.952879581151832,3.96496731104728
"232","TCGA-73-7499-01",0.4,3.04239642328049,192,88,0.863419969119918,0.886387030365414,0.78125,0.96,0.9,4.15296049400924
"233","TCGA-73-A9RS-01",0.6,2.78083725534145,853,62,0.752351473713388,0.877704887739074,0.705744431418523,0.919463087248322,0.981543624161074,24.6132326444879
"234","TCGA-75-5146-01",0.53,1.79108087199074,274,68.5,0.916925159325475,0.94348880491794,0.813868613138686,0.95852534562212,0.972350230414747,6.37591795221969
"235","TCGA-75-5147-01",0.36,3.08822188631386,137,65,0.895225464190981,0.9157824933687,0.781021897810219,0.980582524271845,0.932038834951456,2.89427683660107
"236","TCGA-75-6214-01",0.55,2.65856615809503,770,116,0.749233096828047,0.829997913188648,0.745454545454545,0.830088495575221,0.975221238938053,17.3181451323217
"237","TCGA-75-7025-01",0.3,1.83060717640249,153,58,0.98078165374677,0.977713178294574,0.888888888888889,0.985294117647059,0.985294117647059,2.11256793886456
"238","TCGA-75-7027-01",0.59,3.08023997648152,318,115.5,0.666144200626959,0.872189879086431,0.735849056603774,0.913793103448276,0.948275862068966,6.48690695392195
"240","TCGA-75-7031-01",0.46,4.05197869418195,339,69,0.811024217008576,0.883713022781367,0.672566371681416,0.97737556561086,0.936651583710407,8.34245364709776
"241","TCGA-78-7145-01",0.61,3.46621077171617,268,67,0.729238258877434,0.86426116838488,0.619402985074627,0.932432432432432,0.959459459459459,6.73094982105464
"242","TCGA-78-7146-01",0.67,2.7543557342586,407,66,0.780244625648629,0.89936990363232,0.665847665847666,0.924901185770751,0.980237154150198,10.6365107989975
"243","TCGA-78-7147-01",0.61,3.09177975505759,384,64,0.814357952804168,0.882814894269078,0.661458333333333,0.925,0.970833333333333,11.490450813689
"244","TCGA-78-7148-01",0.35,2.05220395762738,292,67,0.833279465632407,0.828862314156432,0.852739726027397,0.805785123966942,0.942148760330578,7.81112160378271
"245","TCGA-78-7149-01",0.56,3.37968380063547,247,83,0.885602678571429,0.955422794117647,0.720647773279352,0.98876404494382,0.98314606741573,5.83171366697546
"246","TCGA-78-7150-01",0.45,3.03987736617384,428,62,0.805181149029729,0.919223783577096,0.724299065420561,0.933333333333333,0.983333333333333,11.2922963360064
"247","TCGA-78-7152-01",0.53,2.00003725445714,338,81,0.95546218487395,0.963655462184874,0.911242603550296,0.987012987012987,0.974025974025974,7.45750128208759
"248","TCGA-78-7153-01",0.24,2.35613292178598,191,67,0.967674315975287,0.956310679611651,0.973821989528796,0.946236559139785,0.989247311827957,4.10863961147427
"249","TCGA-78-7154-01",0.51,3.91236730664876,340,67.5,0.728333333333333,0.902234432234432,0.617647058823529,0.942857142857143,0.976190476190476,8.4422822467605
"250","TCGA-78-7155-01",0.79,2.50764356190349,1171,66,0.459511306398028,0.701468224198907,0.534585824081981,0.678913738019169,0.985623003194888,20.5010170304936
"251","TCGA-78-7156-01",0.78,1.98877325445107,417,138,0.849779011203618,0.877531092609724,0.776978417266187,0.910493827160494,0.959876543209877,8.52753399762475
"252","TCGA-78-7158-01",0.84,2.10063400909288,335,59,0.806995392521708,0.834396597554492,0.576119402985075,0.885714285714286,0.971428571428571,7.13413311721666
"253","TCGA-78-7159-01",0.37,2.47562960858681,387,61,0.878571428571429,0.901790328534515,0.86046511627907,0.821086261980831,0.987220447284345,10.8612354531085
"254","TCGA-78-7160-01",0.16,2.09944307339752,183,65,0.989723094490437,0.990008564087925,0.994535519125683,1,0.988505747126437,3.59918701563691
"255","TCGA-78-7161-01",0.72,3.30724261679671,236,65,0.69840864296664,0.773414117818819,0.563559322033898,0.834586466165414,0.954887218045113,4.64203082029121
"256","TCGA-78-7162-01",0.27,2.08617313056252,166,81,0.990232079905993,0.987074030552291,0.987951807228916,1,0.975609756097561,3.5297479949703
"257","TCGA-78-7163-01",0.67,2.52791516664601,169,80,0.951772934287573,0.967957059206246,0.834319526627219,0.99290780141844,0.936170212765957,3.32960326366928
"258","TCGA-78-7166-01",0.53,2.04801124768019,283,75,0.906612244897959,0.943673469387755,0.886925795053004,0.971774193548387,0.975806451612903,7.19279350593501
"259","TCGA-78-7167-01",0.77,3.66736338539691,316,82,0.815604036304188,0.79632448277806,0.550632911392405,0.948275862068966,0.827586206896552,5.70071295504352
"260","TCGA-78-7220-01",0.59,2.67350993051735,799,76,0.630145909327775,0.850866336633663,0.739674593241552,0.850987432675045,0.969479353680431,17.221859538666
"261","TCGA-78-7535-01",0.58,2.80588084004367,265,76,0.668239898699206,0.863934614941867,0.709433962264151,0.941489361702128,0.930851063829787,5.40347934666686
"262","TCGA-78-7536-01",0.75,3.08667785862174,611,71,0.645965522513569,0.776708584970568,0.5810147299509,0.805633802816901,0.980281690140845,14.118333788325
"263","TCGA-78-7537-01",0.63,2.05116498068906,213,90,0.913458913458914,0.923741923741924,0.835680751173709,0.908571428571429,0.96,3.94816191254077
"264","TCGA-78-7539-01",0.49,3.41799864612855,531,78,0.902200402224062,0.918017271974447,0.751412429378531,0.946666666666667,0.984,15.9444301945914
"265","TCGA-78-7540-01",0.55,1.96985441846828,268,68,0.979335433543354,0.98964896489649,0.947761194029851,1,0.988188976377953,9.15660525160713
"266","TCGA-78-7542-01",0.33,4.69336077077296,394,72,0.732754699818072,0.865145542753184,0.738578680203046,0.886446886446886,0.970695970695971,9.8150073643714
"267","TCGA-78-7633-01",0.7,2.19488935383763,276,74.5,0.864142416225749,0.934413580246914,0.818840579710145,0.982300884955752,0.955752212389381,7.20435368490162
"268","TCGA-78-8640-01",0.34,2.74341707873478,769,85,0.936018835792109,0.959178857951864,0.850455136540962,0.973684210526316,0.990712074303406,24.0194148930581
"270","TCGA-78-8655-01",0.58,2.16013092344985,203,74,0.860757211538462,0.935456730769231,0.832512315270936,0.968553459119497,0.962264150943396,3.37160733448732
"271","TCGA-78-8660-01",0.2,1.8459408709619,329,119,0.995226234952262,0.996056454960565,0.981762917933131,0.993808049535604,0.996904024767802,8.70833933151562
"272","TCGA-78-8662-01",0.77,2.66131988841859,972,81,0.529806659505908,0.824078830616915,0.63477366255144,0.815235008103728,0.991896272285251,20.4375624384852
"273","TCGA-80-5607-01",0.48,2.02860520991489,278,80,0.969053365513542,0.953392330383481,0.928057553956835,0.972868217054264,0.972868217054264,5.24465549937156
"274","TCGA-80-5608-01",0.41,2.99596956119344,466,81.5,0.634679484082895,0.644594464035554,0.935622317596567,0.992924528301887,0.858490566037736,15.4589748207567
"275","TCGA-80-5611-01",0.49,3.09480118690462,277,62,0.782983193277311,0.910444177671068,0.646209386281588,0.958579881656805,0.976331360946746,7.04247985434615
"276","TCGA-83-5908-01",0.29,3.01200757114139,286,73,0.944992035045799,0.957263042612505,0.881118881118881,0.976190476190476,0.968253968253968,7.46675958634152
"277","TCGA-86-6851-01",0.3,3.25255606147547,896,70,0.831534451176553,0.841529284674275,0.872767857142857,0.950127877237852,0.962915601023018,31.5736498692188
"278","TCGA-86-7701-01",0.4,3.96829622223074,778,84,0.959617024067152,0.963945176732901,0.903598971722365,0.982930298719772,0.987197724039829,26.2893639796029
"279","TCGA-86-7714-01",0.66,1.9361898763492,276,54.5,0.881928066037736,0.908608490566038,0.746376811594203,0.975728155339806,0.91747572815534,4.23164118903694
"280","TCGA-86-7953-01",0.32,3.28082083086344,191,88,0.952152317880795,0.963079470198675,0.821989528795812,1,0.955414012738854,2.93992840612847
"281","TCGA-86-7954-01",0.34,4.0399734831884,329,76,0.914494596312778,0.923908259572595,0.872340425531915,0.964143426294821,0.968127490039841,9.32122852554293
"282","TCGA-86-7955-01",0.69,3.19558727085897,370,82.5,0.514345977434799,0.756905152499247,0.632432432432432,0.790598290598291,0.957264957264957,6.50678669070438
"283","TCGA-86-8054-01",0.7,2.89437735609114,318,80.5,0.638601398601399,0.785694305694306,0.663522012578616,0.886255924170616,0.895734597156398,6.21321942530864
"284","TCGA-86-8055-01",0.25,2.57431329315225,212,88,0.953947368421053,0.951300665456745,0.877358490566038,0.983870967741935,0.935483870967742,3.86547772837543
"285","TCGA-86-8056-01",0.53,1.93956032098946,343,92,0.925794530672579,0.938322246858832,0.915451895043732,0.987261146496815,0.968152866242038,9.03257756898296
"286","TCGA-86-8073-01",0.36,1.9159732537246,1465,92,0.940411891041317,0.94762051587386,0.961092150170648,0.983882783882784,0.98974358974359,49.3623159492102
"287","TCGA-86-8074-01",0.55,2.53271781803935,147,51,0.818076599326599,0.897306397306397,0.571428571428571,0.988095238095238,0.94047619047619,3.73212715779901
"288","TCGA-86-8075-01",0.43,2.43545185963919,137,53,0.913988095238095,0.925,0.737226277372263,0.99009900990099,0.881188118811881,3.47483196581321
"289","TCGA-86-8076-01",0.15,2.22119951914413,176,81.5,0.971512605042017,0.980672268907563,0.994318181818182,1,0.976331360946746,2.85820770068849
"290","TCGA-86-8278-01",0.5,1.82674706118681,238,73.5,0.98092280390417,0.984250221827862,0.915966386554622,1,0.958333333333333,5.18052231116577
"291","TCGA-86-8279-01",0.56,3.75441435316883,509,73,0.608419526816205,0.83679335675503,0.656188605108055,0.88855421686747,0.97289156626506,10.4962314385886
"292","TCGA-86-8280-01",0.39,2.41907326705166,211,103,0.959104518236255,0.962370713119216,0.853080568720379,0.994444444444444,0.927777777777778,3.53510536381537
"293","TCGA-86-8281-01",0.5,2.09892899413078,384,135,0.951589423648247,0.968003565062389,0.932291666666667,0.988505747126437,0.982758620689655,7.93481884411838
"294","TCGA-86-8358-01",0.52,3.77011080906522,889,75,0.639480337078652,0.684058988764045,0.606299212598425,0.560296846011132,0.98330241187384,18.4668508635111
"295","TCGA-86-8359-01",0.4,3.18320430287015,293,79,0.824281377478418,0.922089934541315,0.767918088737201,0.977777777777778,0.951111111111111,6.37060730699664
"296","TCGA-86-8585-01",0.29,2.74498786784707,596,102,0.963355408388521,0.970632000654076,0.807046979865772,0.968553459119497,0.9958071278826,18.1260113759284
"297","TCGA-86-8668-01",0.54,1.99149479295949,141,75,0.937621832358674,0.941195581546459,0.836879432624113,0.983050847457627,0.923728813559322,1.95461448978858
"298","TCGA-86-8669-01",0.51,3.79190276212138,252,74,0.801660640149993,0.858778625954198,0.599206349206349,0.966442953020134,0.926174496644295,6.36748770450214
"299","TCGA-86-8671-01",0.17,1.94455216221494,178,80.5,0.995,0.991730769230769,0.99438202247191,1,0.988165680473373,2.15941356880175
"300","TCGA-86-8672-01",0.3,2.74747947659094,429,94,0.957181571815718,0.967356491746736,0.811188811188811,0.976261127596439,0.991097922848665,11.3566189789698
"301","TCGA-86-8673-01",0.37,2.56657312498051,560,88,0.919167039856695,0.953193973514171,0.805357142857143,0.973392461197339,0.988913525498891,16.4260211215591
"302","TCGA-86-8674-01",0.55,2.12067942426709,364,91,0.959647941515968,0.971559574195203,0.923076923076923,0.973214285714286,0.988095238095238,8.91253450311339
"303","TCGA-86-A456-01",0.21,2.11409534647765,533,68,0.984222754153759,0.982673894677556,0.966228893058161,0.976699029126214,0.986407766990291,12.6296461513177
"304","TCGA-86-A4D0-01",0.59,2.52346455144203,344,66,0.719790729072907,0.710508550855085,0.706395348837209,0.761506276150628,0.920502092050209,7.63371374010823
"305","TCGA-86-A4JF-01",0.22,1.75830010920244,1310,88,0.985515978831638,0.984287824089268,0.968702290076336,0.966210780370072,0.997586484312148,43.7436128426603
"306","TCGA-86-A4P7-01",0.17,2.05446698733869,190,76,0.987945930880713,0.983765328874025,0.989473684210526,1,0.978723404255319,2.95897394012683
"307","TCGA-86-A4P8-01",0.36,1.99794613195863,145,98,0.985815602836879,0.978723404255319,0.986206896551724,1,0.978723404255319,0.484889030161515
"308","TCGA-91-6829-01",0.41,2.98640464254205,649,80,0.768793650793651,0.909206349206349,0.755007704160247,0.884696016771488,0.991614255765199,17.7419076679075
"309","TCGA-91-6830-01",0.29,1.73529401284657,333,71,0.968647786198644,0.970203430394894,0.981981981981982,1,0.981651376146789,10.3323237569021
"310","TCGA-91-6831-01",0.49,3.39008646582273,337,78,0.789707169571099,0.888318612238402,0.685459940652819,0.943478260869565,0.978260869565217,7.93566808282271
"311","TCGA-91-6835-01",0.16,2.24725415839422,177,85,0.991023936170213,0.990359042553192,1,1,0.994252873563218,3.46886639047375
"312","TCGA-91-6836-01",0.61,3.37701900905856,545,80,0.69802847346452,0.771541443053071,0.689908256880734,0.888297872340426,0.936170212765957,12.4757036664385
"313","TCGA-91-6840-01",0.61,2.7945119213302,190,58,0.863095238095238,0.935588972431078,0.694736842105263,0.951612903225806,0.975806451612903,5.22646517196554
"314","TCGA-91-6847-01",0.69,4.03790719713149,168,90.5,0.815411931818182,0.803693181818182,0.625,0.923809523809524,0.895238095238095,3.99617716160555
"315","TCGA-91-6848-01",0.3,2.47091857481649,561,62,0.816480711433159,0.84040100456997,0.727272727272727,0.872549019607843,0.968137254901961,18.5245854121288
"316","TCGA-91-6849-01",0.59,1.95544632810618,342,114,0.936567906144363,0.971047922052098,0.929824561403509,0.990566037735849,0.962264150943396,4.84528313778026
"317","TCGA-91-7771-01",0.31,2.28690215983437,287,86,0.956518451300665,0.960072595281307,0.930313588850174,0.955056179775281,0.97752808988764,7.50484232894816
"318","TCGA-91-8496-01",0.36,2.35402733894774,141,108,0.978174603174603,0.976719576719577,0.978723404255319,0.992753623188406,0.978260869565217,2.02907089021926
"319","TCGA-91-8497-01",0.44,1.95956459862101,161,98,0.972677595628415,0.968951813214108,0.950310559006211,1,0.959183673469388,1.96344116188594
"320","TCGA-91-8499-01",0.75,2.80031636741119,377,101,0.528864503816794,0.773600508905852,0.564986737400531,0.798076923076923,0.975961538461538,6.73381358649172
"321","TCGA-91-A4BC-01",0.23,2.44735951756206,469,67,0.961590487275473,0.965679952184718,0.848614072494669,0.969620253164557,0.992405063291139,16.8525802138846
"322","TCGA-91-A4BD-01",0.53,1.98756060474945,143,62,0.96382874015748,0.971456692913386,0.895104895104895,1,0.9609375,1.53627077162646
"323","TCGA-93-7347-01",0.25,1.8980609286831,233,89,0.972570065593321,0.971601073345259,0.995708154506438,0.995689655172414,0.982758620689655,4.89138258819728
"324","TCGA-93-A4JN-01",0.27,2.80678456830585,198,73.5,0.966987098406274,0.971730331393878,0.904040404040404,0.982758620689655,0.977011494252874,3.57109392000299
"325","TCGA-93-A4JO-01",0.19,1.87565293658138,198,85,0.992653917910448,0.990205223880597,0.974747474747475,1,0.989637305699482,3.60826395112938
"326","TCGA-93-A4JQ-01",0.16,1.94313017551368,234,87.5,0.992174751520546,0.9922860109776,0.987179487179487,1,0.995652173913044,5.82705691321449
"327","TCGA-95-7039-01",0.43,3.02425215832568,1085,61,0.819285134978566,0.831545756988927,0.750230414746544,0.886977886977887,0.976658476658477,39.3517201081292
"328","TCGA-95-7043-01",0.67,3.85695451342898,767,57,0.578903078903079,0.608553608553609,0.461538461538462,0.475504322766571,0.971181556195965,14.1219937458551
"329","TCGA-95-7562-01",0.53,3.61820458124587,467,81,0.46231500840405,0.813737547657115,0.691648822269807,0.886435331230284,0.933753943217666,8.60756373081175
"330","TCGA-95-7567-01",0.51,2.6775410843262,834,69,0.851402467411546,0.905915386405959,0.73621103117506,0.986666666666667,0.986666666666667,31.3524931809378
"331","TCGA-95-7944-01",0.33,1.59140601179312,325,99,0.946949813091545,0.948103078024338,0.932307692307692,0.96039603960396,0.97029702970297,8.49909134180494
"332","TCGA-95-7947-01",0.64,2.0747967153822,573,83,0.777982142857143,0.924839285714286,0.825479930191972,0.932346723044397,0.983086680761099,15.0649458328213
"333","TCGA-95-7948-01",0.7,3.48060793592591,295,80,0.795435333896872,0.918052033436649,0.661016949152542,0.974358974358974,0.933333333333333,6.36382544071737
"334","TCGA-95-8039-01",0.46,1.86329281907211,191,80,0.909065315315315,0.922747747747748,0.832460732984293,1,0.937106918238994,3.90723616820888
"335","TCGA-95-8494-01",0.52,3.54041055221653,220,90,0.904618818681319,0.924107142857143,0.759090909090909,0.976047904191617,0.952095808383233,4.59848257432619
"336","TCGA-95-A4VK-01",0.52,1.9586236786485,366,96,0.93899320277273,0.968705834847567,0.855191256830601,0.987138263665595,0.987138263665595,9.51649472068795
"337","TCGA-95-A4VN-01",0.17,2.62469654925803,540,100,0.950668781025924,0.958614864864865,0.95,0.980506822612086,0.984405458089669,15.9329459775926
"338","TCGA-95-A4VP-01",0.29,2.70188285761541,242,83.5,0.916786691631859,0.947068990349993,0.859504132231405,0.980295566502463,0.970443349753695,5.50039774985089
"339","TCGA-97-7546-01",0.24,2.14349013000608,404,72,0.962386008421814,0.95006329277429,0.918316831683168,0.889196675900277,0.994459833795014,9.39660150550641
"340","TCGA-97-7547-01",0.5,3.44037273972822,383,61,0.810395707578806,0.86663313212609,0.618798955613577,0.943396226415094,0.971698113207547,8.6410894020819
"341","TCGA-97-7552-01",0.2,1.9815982937136,265,66,0.9885710553814,0.98876698014629,0.992452830188679,1,0.988593155893536,2.85794825801412
"342","TCGA-97-7553-01",0.23,2.49408146550273,295,171,0.986440978376462,0.986795462601914,0.966101694915254,1,0.971929824561404,4.34003231788373
"343","TCGA-97-7554-01",0.3,2.84630984920904,544,74.5,0.868414120126449,0.900779015505043,0.825367647058823,0.881235154394299,0.978622327790974,14.9453397310686
"344","TCGA-97-7937-01",0.52,4.1066605005359,477,59,0.753693588825215,0.852166905444126,0.614255765199161,0.921501706484642,0.959044368600683,13.154689081707
"345","TCGA-97-7938-01",0.59,2.04375438133855,409,69,0.857282471626734,0.906841109709962,0.843520782396088,0.96231884057971,0.968115942028986,12.3563321463657
"346","TCGA-97-7941-01",0.35,1.97296421821014,194,75.5,0.961507246376812,0.963942028985507,0.969072164948454,1,0.957446808510638,3.69610531576884
"347","TCGA-97-8171-01",0.84,2.25512477731532,296,79,0.739050184575476,0.645116232664871,0.540540540540541,0.91875,0.9,3.23150327916795
"348","TCGA-97-8172-01",0.3,1.97530711631176,338,70.5,0.959540732640787,0.956963211747247,0.914201183431953,0.92156862745098,0.986928104575163,9.28068959745825
"349","TCGA-97-8174-01",0.29,3.66525050700926,359,84,0.962849591864044,0.97494312859628,0.88857938718663,0.993610223642173,0.977635782747604,7.26467036804144
"350","TCGA-97-8175-01",0.37,2.07011073845164,299,124,0.963494992092778,0.98438323668951,0.966555183946488,1,0.965397923875433,2.13716836016002
"351","TCGA-97-8176-01",0.41,1.9915023242997,271,99,0.928622159090909,0.945940777972028,0.907749077490775,0.959349593495935,0.951219512195122,5.88634671020857
"352","TCGA-97-8177-01",0.2,2.23885213514958,175,113,0.983274647887324,0.983274647887324,0.965714285714286,0.982142857142857,0.964285714285714,2.56978735044402
"353","TCGA-97-8179-01",0.52,2.89115169600145,294,123,0.575492904978223,0.926614527232707,0.666666666666667,0.974489795918367,0.974489795918367,4.69891689965463
"354","TCGA-97-8547-01",0.44,1.89164932736816,241,88,0.919097309529796,0.960397284385215,0.858921161825726,0.985074626865672,0.965174129353234,3.24457563181382
"355","TCGA-97-8552-01",0.31,2.18102609369213,163,80,0.970223820943245,0.979216626698641,0.895705521472393,1,0.942857142857143,2.16254960721015
"356","TCGA-97-A4LX-01",0.17,1.87935306377734,278,90.5,0.978919491525424,0.979210805084746,1,1,0.989208633093525,6.89388432220328
"357","TCGA-97-A4M0-01",0.51,3.73186317008718,428,72,0.838916786226686,0.911501673840268,0.703271028037383,0.942953020134228,0.969798657718121,9.68790014487563
"358","TCGA-97-A4M1-01",0.3,2.85132912591457,202,80,0.980436991869919,0.982892953929539,0.930693069306931,1,0.973118279569892,2.94272123489993
"359","TCGA-97-A4M2-01",0.15,2.00143055213007,210,75,0.993876235496347,0.990760636012033,0.995238095238095,1,0.970588235294118,2.26008435024465
"360","TCGA-97-A4M3-01",0.62,2.03458018084544,314,86,0.798344713428512,0.906021104903786,0.888535031847134,0.92831541218638,0.942652329749104,6.92754555001622
"361","TCGA-97-A4M5-01",0.24,1.85143461935542,255,104,0.98405565131741,0.985964048263974,1,1,0.992156862745098,5.59893465638688
"362","TCGA-97-A4M6-01",0.4,1.86142718704198,134,69.5,0.983498349834984,0.986138613861386,0.917910447761194,1,0.991666666666667,1.89097210553724
"363","TCGA-97-A4M7-01",0.26,2.13553566739076,379,84,0.954311658623317,0.961328422656845,0.963060686015831,0.977839335180055,0.980609418282548,10.0939836832833
"364","TCGA-99-7458-01",0.26,1.87313043576915,516,83,0.958843181864765,0.953011949414827,0.949612403100775,0.989224137931034,0.980603448275862,15.201370917148
"365","TCGA-99-8025-01",0.44,4.25528315109975,624,97,0.776923946847611,0.894803505795872,0.778846153846154,0.919254658385093,0.968944099378882,14.46373270031
"366","TCGA-99-8028-01",0.15,1.82312808439301,641,114,0.97598427895711,0.979828850855746,1,0.996789727126806,0.985553772070626,16.3958142450692
"367","TCGA-99-8032-01",0.21,2.7025058680532,472,94,0.957309827813425,0.942284010629334,0.904661016949153,0.903981264637002,0.983606557377049,13.4923157034232
"368","TCGA-99-8033-01",0.27,2.97508186600038,241,75,0.94206204379562,0.954344469399214,0.900414937759336,0.990783410138249,0.95852534562212,6.28862460922922
"369","TCGA-99-AA5R-01",0.34,2.00338050543045,262,67.5,0.986945031712474,0.984989429175476,0.984732824427481,1,0.968627450980392,3.29589844217827
"370","TCGA-J2-8192-01",0.28,1.95892467522838,202,101.5,0.976741293532338,0.96592039800995,0.96039603960396,0.989247311827957,0.951612903225806,3.71666834097163
"371","TCGA-J2-8194-01",0.44,3.38408377120304,240,85,0.905420547657399,0.943483437215491,0.770833333333333,0.978378378378378,0.972972972972973,5.09638977980993
"372","TCGA-J2-A4AD-01",0.37,1.95743486760329,382,84.5,0.905455957086392,0.90522656691135,0.895287958115183,0.896341463414634,0.966463414634146,11.0213131674213
"373","TCGA-J2-A4AE-01",0.46,2.1518160480831,184,65.5,0.964375,0.970357142857143,0.853260869565217,0.993464052287582,0.934640522875817,3.34866761269972
"374","TCGA-J2-A4AG-01",0.19,1.90643453553363,177,68,0.938539989264627,0.943102522812668,0.971751412429379,0.994186046511628,0.953488372093023,3.7072806922847
"375","TCGA-L4-A4E5-01",0.62,1.77522631101148,360,71,0.676266924564797,0.870676982591876,0.836111111111111,0.933797909407665,0.937282229965157,8.47265496787097
"376","TCGA-L9-A443-01",0.46,3.46866906339826,292,65.5,0.878774154589372,0.919585346215781,0.722602739726027,0.957345971563981,0.985781990521327,7.81488892638254
"377","TCGA-L9-A444-01",0.37,2.72682489572305,502,70,0.911546196616586,0.928593398793328,0.703187250996016,0.96600566572238,0.988668555240793,17.4312745810827
"378","TCGA-L9-A50W-01",0.75,1.91419526441078,210,62.5,0.808011049723757,0.850828729281768,0.7,0.979020979020979,0.902097902097902,2.65715504802787
"379","TCGA-L9-A5IP-01",0.53,2.60376417067921,379,63,0.489136498019747,0.863529871144084,0.656992084432718,0.923694779116466,0.943775100401606,6.79122598298366
"380","TCGA-L9-A743-01",0.16,1.7509156368044,273,63,0.983946221376389,0.98244213886672,0.978021978021978,0.996212121212121,0.984848484848485,5.79894278077338
"381","TCGA-L9-A7SV-01",0.79,3.08695240257671,1413,67,0.659651705930138,0.761164703493095,0.481245576786978,0.806547619047619,0.977678571428571,38.3668300423004
"382","TCGA-L9-A8F4-01",0.31,1.89213054956512,741,68,0.933240470929798,0.934910926809483,0.88663967611336,0.908527131782946,0.976744186046512,24.8058632127334
"383","TCGA-MN-A4N1-01",0.59,2.62710020494333,548,79,0.733577781245124,0.810500858168201,0.753649635036496,0.898058252427185,0.922330097087379,13.467103993826
"384","TCGA-MN-A4N4-01",0.33,2.0656682272103,1426,88,0.903152252180174,0.904629036989626,0.861150070126227,0.903782894736842,0.989309210526316,49.4425542465383
"385","TCGA-MN-A4N5-01",0.35,3.29628440610465,484,88,0.855616773035501,0.921245512564819,0.783057851239669,0.933155080213904,0.975935828877005,13.7286138859978
"386","TCGA-MP-A4SV-01",0.31,2.26259513815752,409,81,0.953478260869565,0.970484949832776,0.931540342298289,0.951612903225806,0.986559139784946,12.4307537629905
"387","TCGA-MP-A4SW-01",0.34,2.10908710105391,154,87.5,0.956320450885668,0.961553945249597,0.948051948051948,0.979452054794521,0.945205479452055,2.86731827983691
"388","TCGA-MP-A4SY-01",0.18,2.51611027329178,246,89,0.973747334754797,0.97597947761194,0.983739837398374,0.995867768595041,0.987603305785124,6.04643843874689
"389","TCGA-MP-A4T2-01",0.34,1.99042574714606,188,67,0.949117341640706,0.958001615322488,0.819148936170213,0.974025974025974,0.967532467532468,4.31878937563807
"390","TCGA-MP-A4T7-01",0.31,3.16264320535907,256,74.5,0.957124255952381,0.97296626984127,0.80859375,0.985507246376812,0.980676328502415,6.28221884334552
"391","TCGA-MP-A4T8-01",0.55,3.19854146690546,223,69,0.817296876351994,0.872025612183092,0.699551569506726,0.960526315789474,0.921052631578947,4.94751811316066
"392","TCGA-MP-A4T9-01",0.15,2.1479068739105,193,89,0.99120654396728,0.989366053169734,1,1,0.979274611398964,2.32295382612226
"393","TCGA-MP-A4TA-01",0.21,1.78517814814235,392,82.5,0.959339507251442,0.964581513192382,0.966836734693878,0.981530343007916,0.989445910290237,12.106823322129
"394","TCGA-MP-A4TC-01",0.27,2.73678175185151,351,81,0.877215975719114,0.91294750638063,0.829059829059829,0.951890034364261,0.965635738831615,9.67622449232389
"395","TCGA-MP-A4TE-01",0.64,3.16851123075134,217,82,0.744753313696613,0.902430044182622,0.672811059907834,0.971428571428571,0.942857142857143,4.9786481016099
"396","TCGA-MP-A4TF-01",0.31,4.6817306590579,434,79,0.877386826861189,0.953041192877065,0.78110599078341,0.932153392330384,0.985250737463127,11.3890761675939
"397","TCGA-MP-A4TH-01",0.39,2.09541634497391,183,72,0.951236263736264,0.957542457542458,0.934426229508197,0.994082840236686,0.964497041420118,3.88637679969851
"398","TCGA-MP-A4TI-01",0.16,1.77858737496022,371,100,0.99990243902439,0.999869918699187,0.986522911051213,1,1,9.96055397627916
"399","TCGA-MP-A4TK-01",0.3,2.36393395788189,441,82,0.960829931972789,0.966775510204082,0.904761904761905,0.96816976127321,0.981432360742706,13.0416657235194
"400","TCGA-MP-A5C7-01",0.82,2.02326312001,163,111,0.707928802588997,0.71957928802589,0.668711656441718,0.862385321100917,0.871559633027523,2.38028664453149
"401","TCGA-NJ-A4YF-01",0.54,3.11050956557557,702,96,0.682978087649402,0.857808764940239,0.689458689458689,0.919421487603306,0.964876033057851,17.1255237462736
"402","TCGA-NJ-A4YG-01",0.23,2.454839536893,263,100,0.980245626231028,0.980651141235083,0.954372623574145,0.98804780876494,0.98406374501992,6.09693457515403
"403","TCGA-NJ-A4YI-01",0.57,3.50890013650354,477,94,0.825166112956811,0.904135338345865,0.740041928721174,0.940509915014164,0.977337110481586,11.5942185092797
"404","TCGA-NJ-A4YP-01",0.36,2.14626851821474,629,88,0.978888281754508,0.983640488136042,0.945945945945946,0.97934595524957,0.993115318416523,19.801031021005
"405","TCGA-NJ-A4YQ-01",0.27,1.65373175025652,1063,84,0.981107994389902,0.988405797101449,0.968015051740358,0.995059288537549,0.99703557312253,36.7171641981352
"406","TCGA-NJ-A55A-01",0.15,1.99167517995772,227,74,0.985509072580645,0.985257056451613,0.991189427312775,1,0.977064220183486,5.07663894861154
"407","TCGA-NJ-A55R-01",0.32,2.04205566643869,379,106,0.975489261659677,0.974996822976236,0.928759894459103,0.971264367816092,0.982758620689655,10.37673145206
"408","TCGA-NJ-A7XG-01",0.34,1.8951797571043,196,61,0.933737373737374,0.918383838383838,0.923469387755102,0.983333333333333,0.95,3.00782649531588
"409","TCGA-O1-A52J-01",0.48,3.62662911957157,255,97,0.816060564159292,0.924363938053097,0.784313725490196,0.941176470588235,0.978609625668449,4.73073541055983
"410","TCGA-S2-AA1A-01",0.3,2.47360708963139,304,63,0.961427392739274,0.958230198019802,0.9375,1,0.967741935483871,5.98762387051734
"411","TCGA-05-4384-01",0.43,2.04401063838938,233,74,0.991708187699859,0.9936045214546,0.957081545064378,0.990990990990991,0.995495495495496,4.75232583233633
"412","TCGA-05-4390-01",0.63,3.79351542700007,566,84,0.76151457851857,0.789691154842776,0.657243816254417,0.850931677018634,0.956521739130435,14.1849920554434
"413","TCGA-38-4631-01",0.49,4.14703330182107,643,73,0.775575060532688,0.838898977670164,0.681181959564541,0.910958904109589,0.979452054794521,18.1450579977723
"414","TCGA-38-4632-01",0.4,3.51397081909563,588,73,0.916977611940298,0.937810945273632,0.83843537414966,0.961303462321792,0.975560081466395,17.5666046179138
"415","TCGA-38-6178-01",0.32,3.84558826095344,160,71,0.960575139146568,0.934137291280148,0.79375,0.967213114754098,0.918032786885246,3.7855616263256
"416","TCGA-49-4488-01",0.51,3.58840199780724,338,70,0.732640029191753,0.833898923554096,0.659763313609467,0.937219730941704,0.919282511210762,7.32712903372888
"417","TCGA-50-5930-01",0.34,2.12231643896044,1077,77,0.938020590559958,0.969063494315303,0.890436397400186,0.970967741935484,0.99247311827957,38.3549372263502
"418","TCGA-50-5931-01",0.69,3.8260275085549,321,65,0.593023752563226,0.661953178400547,0.570093457943925,0.622950819672131,0.978142076502732,4.99541009966137
"419","TCGA-50-5932-01",0.83,1.81870067350266,162,74,0.643703703703704,0.798518518518519,0.604938271604938,0.923913043478261,0.869565217391304,1.67209533488256
"420","TCGA-50-5933-01",0.29,2.9584201858173,594,72,0.966128876169936,0.975557491048346,0.934343434343434,0.985585585585586,0.985585585585586,18.2272256536558
"421","TCGA-50-5935-01",0.52,3.17180182803763,178,83,0.980899168399168,0.979989604989605,0.797752808988764,1,0.950704225352113,4.2727840089427
"422","TCGA-50-5941-01",0.29,2.47360729538286,435,86,0.963160173160173,0.960865800865801,0.947126436781609,0.990291262135922,0.987864077669903,13.5940355345791
"423","TCGA-50-5942-01",0.7,1.95233064960465,178,68,0.976075471698113,0.957433962264151,0.814606741573034,0.993103448275862,0.931034482758621,2.90560098960058
"424","TCGA-50-5944-01",0.55,3.32089422989264,173,70,0.888975694444444,0.8546875,0.589595375722543,0.950980392156863,0.92156862745098,3.07280333857719
"425","TCGA-50-6591-01",0.43,2.67716303157798,125,75,0.718178621659634,0.768987341772152,0.728,0.902439024390244,0.939024390243902,2.6648659279303
"426","TCGA-50-6592-01",0.23,2.35449699965747,330,86,0.938455657492355,0.954465731246627,0.896969696969697,0.968531468531469,0.975524475524476,10.3710636440629
"427","TCGA-50-6593-01",0.31,2.80861905484103,356,83,0.968999472481097,0.963390188148409,0.876404494382023,0.974358974358974,0.977564102564103,10.756249688674
"428","TCGA-50-6594-01",0.62,3.58600837955379,595,74,0.640026037899609,0.839059260330778,0.67563025210084,0.922885572139303,0.927860696517413,12.329112200245
"429","TCGA-55-6543-01",0.65,2.28530125357481,122,68.5,0.894957983193277,0.904761904761905,0.778688524590164,0.989010989010989,0.978021978021978,1.51211494865207
"430","TCGA-67-4679-01",0.69,2.04150483882522,333,77,0.887108763693271,0.881729264475743,0.774774774774775,0.891472868217054,0.957364341085271,8.02223509398227
"431","TCGA-67-6215-01",0.69,2.23604233804412,212,75,0.921859245815689,0.945150231901593,0.80188679245283,0.975155279503106,0.944099378881988,4.57174242899402
"432","TCGA-67-6216-01",0.35,1.96150343885838,150,77.5,0.977887426900585,0.976973684210526,0.986666666666667,1,0.963235294117647,1.74730894566584
"433","TCGA-67-6217-01",0.33,2.02685819277641,268,76,0.896898171732609,0.880568291164318,0.809701492537313,0.903225806451613,0.953917050691244,6.99988808044114
"434","TCGA-73-4676-01",0.52,2.55418976722544,169,66,0.576388888888889,0.866452991452991,0.609467455621302,0.94949494949495,0.939393939393939,3.45840544143825
"435","TCGA-75-5122-01",0.18,2.52340427455279,250,75.5,0.967617753623188,0.97360248447205,0.984,0.98780487804878,0.975609756097561,5.62877916136511
"436","TCGA-75-5125-01",0.31,2.99786785542869,225,72,0.89291217257319,0.921503167265879,0.804444444444444,0.936416184971098,0.965317919075145,6.14169871719699
"437","TCGA-75-5126-01",0.28,1.99994924535359,661,78,0.972002262443439,0.971059577677225,0.965204236006051,0.993730407523511,0.990595611285266,22.3487741091796
"438","TCGA-75-6203-01",0.27,2.26238998962784,174,78,0.994209612044007,0.997104806022003,0.988505747126437,1,0.969879518072289,1.797310719916
"439","TCGA-75-6205-01",0.17,1.8504558962135,154,74,0.998511904761905,0.999107142857143,0.993506493506494,0.99290780141844,0.99290780141844,2.34629483233418
"440","TCGA-75-6206-01",0.64,3.21560334645938,173,76,0.734016274338855,0.826794536471956,0.647398843930636,0.946428571428571,0.901785714285714,2.77467123410195
"441","TCGA-75-6207-01",0.62,1.94091858503953,307,69,0.823838984412663,0.908082918206653,0.833876221498371,0.972222222222222,0.924603174603175,4.29664123523537
"442","TCGA-75-6211-01",0.37,3.10852327767246,431,68,0.848673247019613,0.942347134982695,0.814385150812065,0.970588235294118,0.983660130718954,13.088249607092
"443","TCGA-75-6212-01",0.39,2.82398138312446,118,72,0.992924528301887,1,0.855932203389831,1,0.97029702970297,1.52618098917738
"444","TCGA-86-6562-01",0.45,3.42979162841755,176,82,0.933242999096658,0.968383017163505,0.727272727272727,1,0.9609375,3.20034594959143
